[2026-09-11 17:29:35] [server-logs] 已清空
[2026-09-11 17:29:35] 
[2026-09-11 17:29:35] [17:29:35] "DELETE /api/server-logs HTTP/1.1" 200 -
[2026-09-11 17:29:35] 
[2026-09-11 17:29:35] [GET] /api/server-logs cookie=token=pypDWqzxQygueXkEIJd1eLKEDAfvMz602I0Hp6v9TNo...
[2026-09-11 17:29:35] 
[2026-09-11 17:29:35] [17:29:35] "GET /api/server-logs?lines=200 HTTP/1.1" 200 -
[2026-09-11 17:29:35] 
[2026-09-11 17:29:57] [GET] /api/stats cookie=token=VfddVq_1z_Vm9rwHW29I6oFjrGe9AgMMXigPTRH8t_I...
[2026-09-11 17:29:57] 
[2026-09-11 17:29:58] [17:29:58] "GET /api/stats HTTP/1.1" 200 -
[2026-09-11 17:29:58] 
[2026-09-11 17:29:58] [GET]  cookie=token=VfddVq_1z_Vm9rwHW29I6oFjrGe9AgMMXigPTRH8t_I...
[2026-09-11 17:29:58] 
[2026-09-11 17:29:58] [17:29:58] "GET / HTTP/1.1" 200 -
[2026-09-11 17:29:58] 
[2026-09-11 17:29:58] [GET] /xlsx.full.min.js cookie=token=VfddVq_1z_Vm9rwHW29I6oFjrGe9AgMMXigPTRH8t_I...
[2026-09-11 17:29:58] 
[2026-09-11 17:29:58] [17:29:58] "GET /xlsx.full.min.js HTTP/1.1" 200 -
[2026-09-11 17:29:58] 
[2026-09-11 17:29:59] [GET] /api/auth/me cookie=token=VfddVq_1z_Vm9rwHW29I6oFjrGe9AgMMXigPTRH8t_I...
[2026-09-11 17:29:59] 
[2026-09-11 17:29:59] [17:29:59] "GET /api/auth/me?t=1789118998995 HTTP/1.1" 200 -
[2026-09-11 17:29:59] 
[2026-09-11 17:29:59] [GET] /api/users cookie=token=VfddVq_1z_Vm9rwHW29I6oFjrGe9AgMMXigPTRH8t_I...
[2026-09-11 17:29:59] [GET] /api/consume/import-log cookie=token=VfddVq_1z_Vm9rwHW29I6oFjrGe9AgMMXigPTRH8t_I...
[2026-09-11 17:29:59] 
[2026-09-11 17:29:59] [GET] /api/ops-log cookie=token=VfddVq_1z_Vm9rwHW29I6oFjrGe9AgMMXigPTRH8t_I...
[2026-09-11 17:29:59] [GET] /api/stats cookie=token=VfddVq_1z_Vm9rwHW29I6oFjrGe9AgMMXigPTRH8t_I...
[2026-09-11 17:29:59] 
[2026-09-11 17:29:59] 
[2026-09-11 17:29:59] [GET] /api/settings cookie=token=VfddVq_1z_Vm9rwHW29I6oFjrGe9AgMMXigPTRH8t_I...
[2026-09-11 17:29:59] 
[2026-09-11 17:29:59] 
[2026-09-11 17:29:59] [17:29:59] "GET /api/users HTTP/1.1" 200 -
[2026-09-11 17:29:59] 
[2026-09-11 17:29:59] [17:29:59] "GET /api/settings HTTP/1.1" 200 -
[2026-09-11 17:29:59] 
[2026-09-11 17:29:59] [17:29:59] "GET /api/consume/import-log HTTP/1.1" 200 -
[2026-09-11 17:29:59] 
[2026-09-11 17:29:59] [17:29:59] "GET /api/ops-log HTTP/1.1" 200 -
[2026-09-11 17:29:59] 
[2026-09-11 17:29:59] [17:29:59] "GET /api/stats?_t=1789118999027 HTTP/1.1" 200 -
[2026-09-11 17:29:59] 
[2026-09-11 17:29:59] [GET] /api/health cookie=token=VfddVq_1z_Vm9rwHW29I6oFjrGe9AgMMXigPTRH8t_I...
[2026-09-11 17:29:59] 
[2026-09-11 17:29:59] [17:29:59] "GET /api/health HTTP/1.1" 200 -
[2026-09-11 17:29:59] 
[2026-09-11 17:29:59] [GET] /api/mapping cookie=token=VfddVq_1z_Vm9rwHW29I6oFjrGe9AgMMXigPTRH8t_I...
[2026-09-11 17:29:59] [GET] /api/recharge cookie=token=VfddVq_1z_Vm9rwHW29I6oFjrGe9AgMMXigPTRH8t_I...
[2026-09-11 17:29:59] 
[2026-09-11 17:29:59] 
[2026-09-11 17:29:59] [GET] /api/payment cookie=token=VfddVq_1z_Vm9rwHW29I6oFjrGe9AgMMXigPTRH8t_I...
[2026-09-11 17:29:59] [GET] /api/refund cookie=token=VfddVq_1z_Vm9rwHW29I6oFjrGe9AgMMXigPTRH8t_I...
[2026-09-11 17:29:59] [GET] /api/consume cookie=token=VfddVq_1z_Vm9rwHW29I6oFjrGe9AgMMXigPTRH8t_I...
[2026-09-11 17:29:59] 
[2026-09-11 17:29:59] [GET] /api/client_status cookie=token=VfddVq_1z_Vm9rwHW29I6oFjrGe9AgMMXigPTRH8t_I...
[2026-09-11 17:29:59] 
[2026-09-11 17:29:59] 
[2026-09-11 17:29:59] 
[2026-09-11 17:29:59] [17:29:59] "GET /api/mapping HTTP/1.1" 200 -
[2026-09-11 17:29:59] 
[2026-09-11 17:29:59] [17:29:59] "GET /api/payment HTTP/1.1" 200 -
[2026-09-11 17:29:59] 
[2026-09-11 17:29:59] [GET] /api/service-fee cookie=token=VfddVq_1z_Vm9rwHW29I6oFjrGe9AgMMXigPTRH8t_I...
[2026-09-11 17:29:59] [17:29:59] "GET /api/refund HTTP/1.1" 200 -
[2026-09-11 17:29:59] 
[2026-09-11 17:29:59] 
[2026-09-11 17:29:59] [GET] /api/meta/tokens cookie=token=VfddVq_1z_Vm9rwHW29I6oFjrGe9AgMMXigPTRH8t_I...
[2026-09-11 17:29:59] 
[2026-09-11 17:29:59] [GET] /api/meta/auto-sync-cfg cookie=token=VfddVq_1z_Vm9rwHW29I6oFjrGe9AgMMXigPTRH8t_I...
[2026-09-11 17:29:59] [17:29:59] "GET /api/client_status HTTP/1.1" 200 -
[2026-09-11 17:29:59] [17:29:59] "GET /api/consume HTTP/1.1" 200 -
[2026-09-11 17:29:59] 
[2026-09-11 17:29:59] 
[2026-09-11 17:29:59] 
[2026-09-11 17:29:59] [17:29:59] "GET /api/service-fee HTTP/1.1" 200 -
[2026-09-11 17:29:59] 
[2026-09-11 17:29:59] [17:29:59] "GET /api/meta/tokens HTTP/1.1" 200 -
[2026-09-11 17:29:59] 
[2026-09-11 17:29:59] [17:29:59] "GET /api/meta/auto-sync-cfg HTTP/1.1" 200 -
[2026-09-11 17:29:59] 
[2026-09-11 17:30:00] [17:30:00] "GET /api/recharge HTTP/1.1" 200 -
[2026-09-11 17:30:00] 
[2026-09-11 17:30:00] [GET] /api/stats cookie=token=VfddVq_1z_Vm9rwHW29I6oFjrGe9AgMMXigPTRH8t_I...
[2026-09-11 17:30:00] 
[2026-09-11 17:30:00] [GET] /api/consume/stats cookie=token=VfddVq_1z_Vm9rwHW29I6oFjrGe9AgMMXigPTRH8t_I...
[2026-09-11 17:30:00] 
[2026-09-11 17:30:01] [17:30:01] "GET /api/stats HTTP/1.1" 200 -
[2026-09-11 17:30:01] 
[2026-09-11 17:30:01] [刷新匹配] 保留 10872 条, 更新了 0 条
[2026-09-11 17:30:01] 
[2026-09-11 17:30:02] [17:30:02] "GET /api/consume/stats HTTP/1.1" 200 -
[2026-09-11 17:30:02] 
[2026-09-11 17:30:15] [GET] /api/server-logs cookie=token=VfddVq_1z_Vm9rwHW29I6oFjrGe9AgMMXigPTRH8t_I...
[2026-09-11 17:30:15] 
[2026-09-11 17:30:15] [17:30:15] "GET /api/server-logs?lines=200 HTTP/1.1" 200 -
[2026-09-11 17:30:15] 
[2026-09-11 17:30:33] [GET] /api/stats cookie=token=VfddVq_1z_Vm9rwHW29I6oFjrGe9AgMMXigPTRH8t_I...
[2026-09-11 17:30:33] 
[2026-09-11 17:30:33] [17:30:33] "GET /api/stats HTTP/1.1" 200 -
[2026-09-11 17:30:33] 
[2026-09-11 17:31:03] [GET] /api/stats cookie=token=VfddVq_1z_Vm9rwHW29I6oFjrGe9AgMMXigPTRH8t_I...
[2026-09-11 17:31:03] 
[2026-09-11 17:31:03] [17:31:03] "GET /api/stats HTTP/1.1" 200 -
[2026-09-11 17:31:03] 
[2026-09-11 17:31:18] [GET] /api/consume/account/1757780358758096 cookie=token=VfddVq_1z_Vm9rwHW29I6oFjrGe9AgMMXigPTRH8t_I...
[2026-09-11 17:31:18] 
[2026-09-11 17:31:19] [17:31:19] "GET /api/consume/account/1757780358758096 HTTP/1.1" 200 -
[2026-09-11 17:31:19] 
[2026-09-11 17:31:33] [GET] /api/stats cookie=token=VfddVq_1z_Vm9rwHW29I6oFjrGe9AgMMXigPTRH8t_I...
[2026-09-11 17:31:33] 
[2026-09-11 17:31:33] [17:31:33] "GET /api/stats HTTP/1.1" 200 -
[2026-09-11 17:31:33] 
[2026-09-11 17:32:04] [GET] /api/stats cookie=token=VfddVq_1z_Vm9rwHW29I6oFjrGe9AgMMXigPTRH8t_I...
[2026-09-11 17:32:04] 
[2026-09-11 17:32:04] [17:32:04] "GET /api/stats HTTP/1.1" 200 -
[2026-09-11 17:32:04] 
[2026-09-11 17:32:34] [GET] /api/stats cookie=token=VfddVq_1z_Vm9rwHW29I6oFjrGe9AgMMXigPTRH8t_I...
[2026-09-11 17:32:34] 
[2026-09-11 17:32:34] [17:32:34] "GET /api/stats HTTP/1.1" 200 -
[2026-09-11 17:32:34] 
[2026-09-11 17:33:04] [GET] /api/stats cookie=token=VfddVq_1z_Vm9rwHW29I6oFjrGe9AgMMXigPTRH8t_I...
[2026-09-11 17:33:04] 
[2026-09-11 17:33:04] [17:33:04] "GET /api/stats HTTP/1.1" 200 -
[2026-09-11 17:33:04] 
[2026-09-11 17:33:34] [GET] /api/stats cookie=token=VfddVq_1z_Vm9rwHW29I6oFjrGe9AgMMXigPTRH8t_I...
[2026-09-11 17:33:34] 
[2026-09-11 17:33:34] [17:33:34] "GET /api/stats HTTP/1.1" 200 -
[2026-09-11 17:33:34] 
[2026-09-11 17:34:31] [GET] /api/stats cookie=token=VfddVq_1z_Vm9rwHW29I6oFjrGe9AgMMXigPTRH8t_I...
[2026-09-11 17:34:31] 
[2026-09-11 17:34:31] [17:34:31] "GET /api/stats HTTP/1.1" 200 -
[2026-09-11 17:34:31] 
[2026-09-11 17:34:33] [GET] /api/stats cookie=token=VfddVq_1z_Vm9rwHW29I6oFjrGe9AgMMXigPTRH8t_I...
[2026-09-11 17:34:33] 
[2026-09-11 17:34:33] [17:34:33] "GET /api/stats HTTP/1.1" 200 -
[2026-09-11 17:34:33] 
[2026-09-11 17:34:33] [GET]  cookie=token=VfddVq_1z_Vm9rwHW29I6oFjrGe9AgMMXigPTRH8t_I...
[2026-09-11 17:34:33] 
[2026-09-11 17:34:33] [17:34:33] "GET / HTTP/1.1" 200 -
[2026-09-11 17:34:33] 
[2026-09-11 17:34:33] [GET] /xlsx.full.min.js cookie=token=VfddVq_1z_Vm9rwHW29I6oFjrGe9AgMMXigPTRH8t_I...
[2026-09-11 17:34:33] 
[2026-09-11 17:34:33] [17:34:33] "GET /xlsx.full.min.js HTTP/1.1" 200 -
[2026-09-11 17:34:33] 
[2026-09-11 17:34:33] [GET] /api/auth/me cookie=token=VfddVq_1z_Vm9rwHW29I6oFjrGe9AgMMXigPTRH8t_I...
[2026-09-11 17:34:33] 
[2026-09-11 17:34:33] [17:34:33] "GET /api/auth/me?t=1789119273891 HTTP/1.1" 200 -
[2026-09-11 17:34:33] 
[2026-09-11 17:34:33] [GET] /api/consume/import-log cookie=token=VfddVq_1z_Vm9rwHW29I6oFjrGe9AgMMXigPTRH8t_I...
[2026-09-11 17:34:33] 
[2026-09-11 17:34:33] [GET] /api/users cookie=token=VfddVq_1z_Vm9rwHW29I6oFjrGe9AgMMXigPTRH8t_I...
[2026-09-11 17:34:33] [GET] /api/settings cookie=token=VfddVq_1z_Vm9rwHW29I6oFjrGe9AgMMXigPTRH8t_I...
[2026-09-11 17:34:33] 
[2026-09-11 17:34:33] [GET] /api/stats cookie=token=VfddVq_1z_Vm9rwHW29I6oFjrGe9AgMMXigPTRH8t_I...
[2026-09-11 17:34:33] [GET] /api/ops-log cookie=token=VfddVq_1z_Vm9rwHW29I6oFjrGe9AgMMXigPTRH8t_I...
[2026-09-11 17:34:33] 
[2026-09-11 17:34:33] 
[2026-09-11 17:34:33] 
[2026-09-11 17:34:33] [17:34:33] "GET /api/consume/import-log HTTP/1.1" 200 -
[2026-09-11 17:34:33] 
[2026-09-11 17:34:34] [17:34:34] "GET /api/settings HTTP/1.1" 200 -
[2026-09-11 17:34:34] 
[2026-09-11 17:34:34] [17:34:34] "GET /api/ops-log HTTP/1.1" 200 -
[2026-09-11 17:34:34] 
[2026-09-11 17:34:34] [17:34:34] "GET /api/users HTTP/1.1" 200 -
[2026-09-11 17:34:34] [17:34:34] "GET /api/stats?_t=1789119273902 HTTP/1.1" 200 -
[2026-09-11 17:34:34] 
[2026-09-11 17:34:34] 
[2026-09-11 17:34:34] [GET] /api/health cookie=token=VfddVq_1z_Vm9rwHW29I6oFjrGe9AgMMXigPTRH8t_I...
[2026-09-11 17:34:34] 
[2026-09-11 17:34:34] [17:34:34] "GET /api/health HTTP/1.1" 200 -
[2026-09-11 17:34:34] 
[2026-09-11 17:34:34] [GET] /api/mapping cookie=token=VfddVq_1z_Vm9rwHW29I6oFjrGe9AgMMXigPTRH8t_I...
[2026-09-11 17:34:34] [GET] /api/recharge cookie=token=VfddVq_1z_Vm9rwHW29I6oFjrGe9AgMMXigPTRH8t_I...
[2026-09-11 17:34:34] [GET] /api/refund cookie=token=VfddVq_1z_Vm9rwHW29I6oFjrGe9AgMMXigPTRH8t_I...
[2026-09-11 17:34:34] 
[2026-09-11 17:34:34] [GET] /api/client_status cookie=token=VfddVq_1z_Vm9rwHW29I6oFjrGe9AgMMXigPTRH8t_I...
[2026-09-11 17:34:34] [GET] /api/payment cookie=token=VfddVq_1z_Vm9rwHW29I6oFjrGe9AgMMXigPTRH8t_I...
[2026-09-11 17:34:34] 
[2026-09-11 17:34:34] [GET] /api/consume cookie=token=VfddVq_1z_Vm9rwHW29I6oFjrGe9AgMMXigPTRH8t_I...
[2026-09-11 17:34:34] 
[2026-09-11 17:34:34] 
[2026-09-11 17:34:34] 
[2026-09-11 17:34:34] 
[2026-09-11 17:34:34] [17:34:34] "GET /api/refund HTTP/1.1" 200 -
[2026-09-11 17:34:34] 
[2026-09-11 17:34:34] [GET] /api/service-fee cookie=token=VfddVq_1z_Vm9rwHW29I6oFjrGe9AgMMXigPTRH8t_I...
[2026-09-11 17:34:34] 
[2026-09-11 17:34:34] [17:34:34] "GET /api/mapping HTTP/1.1" 200 -
[2026-09-11 17:34:34] [17:34:34] "GET /api/client_status HTTP/1.1" 200 -
[2026-09-11 17:34:34] 
[2026-09-11 17:34:34] 
[2026-09-11 17:34:34] [GET] /api/meta/tokens cookie=token=VfddVq_1z_Vm9rwHW29I6oFjrGe9AgMMXigPTRH8t_I...
[2026-09-11 17:34:34] 
[2026-09-11 17:34:34] [17:34:34] "GET /api/payment HTTP/1.1" 200 -
[2026-09-11 17:34:34] 
[2026-09-11 17:34:34] [GET] /api/meta/auto-sync-cfg cookie=token=VfddVq_1z_Vm9rwHW29I6oFjrGe9AgMMXigPTRH8t_I...
[2026-09-11 17:34:34] 
[2026-09-11 17:34:34] [17:34:34] "GET /api/service-fee HTTP/1.1" 200 -
[2026-09-11 17:34:34] [17:34:34] "GET /api/meta/tokens HTTP/1.1" 200 -
[2026-09-11 17:34:34] 
[2026-09-11 17:34:34] [17:34:34] "GET /api/meta/auto-sync-cfg HTTP/1.1" 200 -
[2026-09-11 17:34:34] 
[2026-09-11 17:34:34] 
[2026-09-11 17:34:34] [17:34:34] "GET /api/consume HTTP/1.1" 200 -
[2026-09-11 17:34:34] 
[2026-09-11 17:34:34] [17:34:34] "GET /api/recharge HTTP/1.1" 200 -
[2026-09-11 17:34:34] 
[2026-09-11 17:34:35] [GET] /api/stats cookie=token=VfddVq_1z_Vm9rwHW29I6oFjrGe9AgMMXigPTRH8t_I...
[2026-09-11 17:34:35] 
[2026-09-11 17:34:35] [GET] /api/consume/stats cookie=token=VfddVq_1z_Vm9rwHW29I6oFjrGe9AgMMXigPTRH8t_I...
[2026-09-11 17:34:35] 
[2026-09-11 17:34:35] [17:34:35] "GET /api/stats HTTP/1.1" 200 -
[2026-09-11 17:34:35] 
[2026-09-11 17:34:35] [17:34:35] "GET /api/consume/stats HTTP/1.1" 200 -
[2026-09-11 17:34:35] 
[2026-09-11 17:35:06] [GET] /api/stats cookie=token=VfddVq_1z_Vm9rwHW29I6oFjrGe9AgMMXigPTRH8t_I...
[2026-09-11 17:35:06] 
[2026-09-11 17:35:06] [17:35:06] "GET /api/stats HTTP/1.1" 200 -
[2026-09-11 17:35:06] 
[2026-09-11 17:35:36] [GET] /api/stats cookie=token=VfddVq_1z_Vm9rwHW29I6oFjrGe9AgMMXigPTRH8t_I...
[2026-09-11 17:35:36] 
[2026-09-11 17:35:36] [17:35:36] "GET /api/stats HTTP/1.1" 200 -
[2026-09-11 17:35:36] 
[2026-09-11 17:36:06] [GET] /api/stats cookie=token=VfddVq_1z_Vm9rwHW29I6oFjrGe9AgMMXigPTRH8t_I...
[2026-09-11 17:36:06] 
[2026-09-11 17:36:06] [17:36:06] "GET /api/stats HTTP/1.1" 200 -
[2026-09-11 17:36:06] 
[2026-09-11 17:36:36] [GET] /api/stats cookie=token=VfddVq_1z_Vm9rwHW29I6oFjrGe9AgMMXigPTRH8t_I...
[2026-09-11 17:36:36] 
[2026-09-11 17:36:36] [17:36:36] "GET /api/stats HTTP/1.1" 200 -
[2026-09-11 17:36:36] 
[2026-09-11 17:37:06] [GET] /api/stats cookie=token=VfddVq_1z_Vm9rwHW29I6oFjrGe9AgMMXigPTRH8t_I...
[2026-09-11 17:37:06] 
[2026-09-11 17:37:06] [17:37:06] "GET /api/stats HTTP/1.1" 200 -
[2026-09-11 17:37:06] 
[2026-09-11 17:37:36] [GET] /api/stats cookie=token=VfddVq_1z_Vm9rwHW29I6oFjrGe9AgMMXigPTRH8t_I...
[2026-09-11 17:37:36] 
[2026-09-11 17:37:36] [17:37:36] "GET /api/stats HTTP/1.1" 200 -
[2026-09-11 17:37:36] 
[2026-09-11 17:38:06] [GET] /api/stats cookie=token=VfddVq_1z_Vm9rwHW29I6oFjrGe9AgMMXigPTRH8t_I...
[2026-09-11 17:38:06] 
[2026-09-11 17:38:06] [17:38:06] "GET /api/stats HTTP/1.1" 200 -
[2026-09-11 17:38:06] 
[2026-09-11 17:38:36] [GET] /api/stats cookie=token=VfddVq_1z_Vm9rwHW29I6oFjrGe9AgMMXigPTRH8t_I...
[2026-09-11 17:38:36] 
[2026-09-11 17:38:36] [17:38:36] "GET /api/stats HTTP/1.1" 200 -
[2026-09-11 17:38:36] 
[2026-09-11 17:39:06] [GET] /api/stats cookie=token=VfddVq_1z_Vm9rwHW29I6oFjrGe9AgMMXigPTRH8t_I...
[2026-09-11 17:39:06] 
[2026-09-11 17:39:06] [17:39:06] "GET /api/stats HTTP/1.1" 200 -
[2026-09-11 17:39:06] 
[2026-09-11 17:39:36] [GET] /api/stats cookie=token=VfddVq_1z_Vm9rwHW29I6oFjrGe9AgMMXigPTRH8t_I...
[2026-09-11 17:39:36] 
[2026-09-11 17:39:36] [17:39:36] "GET /api/stats HTTP/1.1" 200 -
[2026-09-11 17:39:36] 
[2026-09-11 17:39:43] [GET]  cookie=token=VfddVq_1z_Vm9rwHW29I6oFjrGe9AgMMXigPTRH8t_I...
[2026-09-11 17:39:43] 
[2026-09-11 17:39:43] [17:39:43] "GET / HTTP/1.1" 200 -
[2026-09-11 17:39:43] 
[2026-09-11 17:39:43] [GET] /xlsx.full.min.js cookie=token=VfddVq_1z_Vm9rwHW29I6oFjrGe9AgMMXigPTRH8t_I...
[2026-09-11 17:39:43] 
[2026-09-11 17:39:43] [17:39:43] "GET /xlsx.full.min.js HTTP/1.1" 200 -
[2026-09-11 17:39:43] 
[2026-09-11 17:39:43] [GET] /api/auth/me cookie=token=VfddVq_1z_Vm9rwHW29I6oFjrGe9AgMMXigPTRH8t_I...
[2026-09-11 17:39:43] 
[2026-09-11 17:39:43] [17:39:43] "GET /api/auth/me?t=1789119583332 HTTP/1.1" 200 -
[2026-09-11 17:39:43] 
[2026-09-11 17:39:43] [GET] /api/consume/import-log cookie=token=VfddVq_1z_Vm9rwHW29I6oFjrGe9AgMMXigPTRH8t_I...
[2026-09-11 17:39:43] [GET] /api/users cookie=token=VfddVq_1z_Vm9rwHW29I6oFjrGe9AgMMXigPTRH8t_I...
[2026-09-11 17:39:43] [GET] /api/settings cookie=token=VfddVq_1z_Vm9rwHW29I6oFjrGe9AgMMXigPTRH8t_I...
[2026-09-11 17:39:43] 
[2026-09-11 17:39:43] 
[2026-09-11 17:39:43] [GET] /api/ops-log cookie=token=VfddVq_1z_Vm9rwHW29I6oFjrGe9AgMMXigPTRH8t_I...
[2026-09-11 17:39:43] 
[2026-09-11 17:39:43] 
[2026-09-11 17:39:43] [GET] /api/stats cookie=token=VfddVq_1z_Vm9rwHW29I6oFjrGe9AgMMXigPTRH8t_I...
[2026-09-11 17:39:43] 
[2026-09-11 17:39:43] [17:39:43] "GET /api/consume/import-log HTTP/1.1" 200 -
[2026-09-11 17:39:43] 
[2026-09-11 17:39:43] [17:39:43] "GET /api/users HTTP/1.1" 200 -
[2026-09-11 17:39:43] [17:39:43] "GET /api/settings HTTP/1.1" 200 -
[2026-09-11 17:39:43] 
[2026-09-11 17:39:43] 
[2026-09-11 17:39:43] [17:39:43] "GET /api/ops-log HTTP/1.1" 200 -
[2026-09-11 17:39:43] 
[2026-09-11 17:39:43] [17:39:43] "GET /api/stats?_t=1789119583348 HTTP/1.1" 200 -
[2026-09-11 17:39:43] 
[2026-09-11 17:39:43] [GET] /api/health cookie=token=VfddVq_1z_Vm9rwHW29I6oFjrGe9AgMMXigPTRH8t_I...
[2026-09-11 17:39:43] 
[2026-09-11 17:39:43] [17:39:43] "GET /api/health HTTP/1.1" 200 -
[2026-09-11 17:39:43] 
[2026-09-11 17:39:43] [GET] /api/mapping cookie=token=VfddVq_1z_Vm9rwHW29I6oFjrGe9AgMMXigPTRH8t_I...
[2026-09-11 17:39:43] [GET] /api/recharge cookie=token=VfddVq_1z_Vm9rwHW29I6oFjrGe9AgMMXigPTRH8t_I...
[2026-09-11 17:39:43] [GET] /api/payment cookie=token=VfddVq_1z_Vm9rwHW29I6oFjrGe9AgMMXigPTRH8t_I...
[2026-09-11 17:39:43] [GET] /api/refund cookie=token=VfddVq_1z_Vm9rwHW29I6oFjrGe9AgMMXigPTRH8t_I...
[2026-09-11 17:39:43] 
[2026-09-11 17:39:43] 
[2026-09-11 17:39:43] 
[2026-09-11 17:39:43] [GET] /api/client_status cookie=token=VfddVq_1z_Vm9rwHW29I6oFjrGe9AgMMXigPTRH8t_I...
[2026-09-11 17:39:43] 
[2026-09-11 17:39:43] [GET] /api/consume cookie=token=VfddVq_1z_Vm9rwHW29I6oFjrGe9AgMMXigPTRH8t_I...
[2026-09-11 17:39:43] 
[2026-09-11 17:39:43] 
[2026-09-11 17:39:43] [17:39:43] "GET /api/refund HTTP/1.1" 200 -
[2026-09-11 17:39:43] 
[2026-09-11 17:39:43] [GET] /api/service-fee cookie=token=VfddVq_1z_Vm9rwHW29I6oFjrGe9AgMMXigPTRH8t_I...
[2026-09-11 17:39:43] 
[2026-09-11 17:39:43] [17:39:43] "GET /api/client_status HTTP/1.1" 200 -
[2026-09-11 17:39:43] 
[2026-09-11 17:39:43] [17:39:43] "GET /api/payment HTTP/1.1" 200 -
[2026-09-11 17:39:44] [17:39:43] "GET /api/mapping HTTP/1.1" 200 -
[2026-09-11 17:39:44] 
[2026-09-11 17:39:44] [GET] /api/meta/tokens cookie=token=VfddVq_1z_Vm9rwHW29I6oFjrGe9AgMMXigPTRH8t_I...
[2026-09-11 17:39:44] [GET] /api/meta/auto-sync-cfg cookie=token=VfddVq_1z_Vm9rwHW29I6oFjrGe9AgMMXigPTRH8t_I...
[2026-09-11 17:39:44] 
[2026-09-11 17:39:44] [17:39:44] "GET /api/service-fee HTTP/1.1" 200 -
[2026-09-11 17:39:44] 
[2026-09-11 17:39:44] 
[2026-09-11 17:39:44] 
[2026-09-11 17:39:44] [17:39:44] "GET /api/consume HTTP/1.1" 200 -
[2026-09-11 17:39:44] 
[2026-09-11 17:39:44] [17:39:44] "GET /api/meta/tokens HTTP/1.1" 200 -
[2026-09-11 17:39:44] 
[2026-09-11 17:39:44] [17:39:44] "GET /api/meta/auto-sync-cfg HTTP/1.1" 200 -
[2026-09-11 17:39:44] 
[2026-09-11 17:39:44] [17:39:44] "GET /api/recharge HTTP/1.1" 200 -
[2026-09-11 17:39:44] 
[2026-09-11 17:39:45] [GET] /api/stats cookie=token=VfddVq_1z_Vm9rwHW29I6oFjrGe9AgMMXigPTRH8t_I...
[2026-09-11 17:39:45] 
[2026-09-11 17:39:45] [GET] /api/consume/stats cookie=token=VfddVq_1z_Vm9rwHW29I6oFjrGe9AgMMXigPTRH8t_I...
[2026-09-11 17:39:45] 
[2026-09-11 17:39:45] [17:39:45] "GET /api/stats HTTP/1.1" 200 -
[2026-09-11 17:39:45] 
[2026-09-11 17:39:45] [17:39:45] "GET /api/consume/stats HTTP/1.1" 200 -
[2026-09-11 17:39:45] 
[2026-09-11 17:40:16] [GET] /api/stats cookie=token=VfddVq_1z_Vm9rwHW29I6oFjrGe9AgMMXigPTRH8t_I...
[2026-09-11 17:40:16] 
[2026-09-11 17:40:16] [17:40:16] "GET /api/stats HTTP/1.1" 200 -
[2026-09-11 17:40:16] 
[2026-09-11 17:40:46] [GET] /api/stats cookie=token=VfddVq_1z_Vm9rwHW29I6oFjrGe9AgMMXigPTRH8t_I...
[2026-09-11 17:40:46] 
[2026-09-11 17:40:46] [17:40:46] "GET /api/stats HTTP/1.1" 200 -
[2026-09-11 17:40:46] 
[2026-09-11 17:41:16] [GET] /api/stats cookie=token=VfddVq_1z_Vm9rwHW29I6oFjrGe9AgMMXigPTRH8t_I...
[2026-09-11 17:41:16] 
[2026-09-11 17:41:16] [17:41:16] "GET /api/stats HTTP/1.1" 200 -
[2026-09-11 17:41:16] 
[2026-09-11 17:41:46] [GET] /api/stats cookie=token=VfddVq_1z_Vm9rwHW29I6oFjrGe9AgMMXigPTRH8t_I...
[2026-09-11 17:41:46] 
[2026-09-11 17:41:46] [17:41:46] "GET /api/stats HTTP/1.1" 200 -
[2026-09-11 17:41:46] 
[2026-09-11 17:41:52] [GET]  cookie=token=VfddVq_1z_Vm9rwHW29I6oFjrGe9AgMMXigPTRH8t_I...
[2026-09-11 17:41:52] 
[2026-09-11 17:41:52] [17:41:52] "GET / HTTP/1.1" 200 -
[2026-09-11 17:41:52] 
[2026-09-11 17:41:52] [GET] /xlsx.full.min.js cookie=token=VfddVq_1z_Vm9rwHW29I6oFjrGe9AgMMXigPTRH8t_I...
[2026-09-11 17:41:52] 
[2026-09-11 17:41:52] [17:41:52] "GET /xlsx.full.min.js HTTP/1.1" 200 -
[2026-09-11 17:41:52] 
[2026-09-11 17:41:53] [GET] /api/auth/me cookie=token=VfddVq_1z_Vm9rwHW29I6oFjrGe9AgMMXigPTRH8t_I...
[2026-09-11 17:41:53] 
[2026-09-11 17:41:53] [17:41:53] "GET /api/auth/me?t=1789119713021 HTTP/1.1" 200 -
[2026-09-11 17:41:53] 
[2026-09-11 17:41:53] [GET] /api/consume/import-log cookie=token=VfddVq_1z_Vm9rwHW29I6oFjrGe9AgMMXigPTRH8t_I...
[2026-09-11 17:41:53] 
[2026-09-11 17:41:53] [GET] /api/users cookie=token=VfddVq_1z_Vm9rwHW29I6oFjrGe9AgMMXigPTRH8t_I...
[2026-09-11 17:41:53] [GET] /api/settings cookie=token=VfddVq_1z_Vm9rwHW29I6oFjrGe9AgMMXigPTRH8t_I...
[2026-09-11 17:41:53] [GET] /api/ops-log cookie=token=VfddVq_1z_Vm9rwHW29I6oFjrGe9AgMMXigPTRH8t_I...
[2026-09-11 17:41:53] 
[2026-09-11 17:41:53] 
[2026-09-11 17:41:53] 
[2026-09-11 17:41:53] [GET] /api/stats cookie=token=VfddVq_1z_Vm9rwHW29I6oFjrGe9AgMMXigPTRH8t_I...
[2026-09-11 17:41:53] 
[2026-09-11 17:41:53] [17:41:53] "GET /api/settings HTTP/1.1" 200 -
[2026-09-11 17:41:53] [17:41:53] "GET /api/consume/import-log HTTP/1.1" 200 -
[2026-09-11 17:41:53] 
[2026-09-11 17:41:53] 
[2026-09-11 17:41:53] [17:41:53] "GET /api/users HTTP/1.1" 200 -
[2026-09-11 17:41:53] 
[2026-09-11 17:41:53] [17:41:53] "GET /api/ops-log HTTP/1.1" 200 -
[2026-09-11 17:41:53] 
[2026-09-11 17:41:53] [17:41:53] "GET /api/stats?_t=1789119713038 HTTP/1.1" 200 -
[2026-09-11 17:41:53] 
[2026-09-11 17:41:53] [GET] /api/health cookie=token=VfddVq_1z_Vm9rwHW29I6oFjrGe9AgMMXigPTRH8t_I...
[2026-09-11 17:41:53] 
[2026-09-11 17:41:53] [17:41:53] "GET /api/health HTTP/1.1" 200 -
[2026-09-11 17:41:53] 
[2026-09-11 17:41:53] [GET] /api/mapping cookie=token=VfddVq_1z_Vm9rwHW29I6oFjrGe9AgMMXigPTRH8t_I...
[2026-09-11 17:41:53] [GET] /api/recharge cookie=token=VfddVq_1z_Vm9rwHW29I6oFjrGe9AgMMXigPTRH8t_I...
[2026-09-11 17:41:53] [GET] /api/refund cookie=token=VfddVq_1z_Vm9rwHW29I6oFjrGe9AgMMXigPTRH8t_I...
[2026-09-11 17:41:53] 
[2026-09-11 17:41:53] [GET] /api/payment cookie=token=VfddVq_1z_Vm9rwHW29I6oFjrGe9AgMMXigPTRH8t_I...
[2026-09-11 17:41:53] [GET] /api/client_status cookie=token=VfddVq_1z_Vm9rwHW29I6oFjrGe9AgMMXigPTRH8t_I...
[2026-09-11 17:41:53] 
[2026-09-11 17:41:53] [GET] /api/consume cookie=token=VfddVq_1z_Vm9rwHW29I6oFjrGe9AgMMXigPTRH8t_I...
[2026-09-11 17:41:53] 
[2026-09-11 17:41:53] 
[2026-09-11 17:41:53] 
[2026-09-11 17:41:53] 
[2026-09-11 17:41:53] [17:41:53] "GET /api/client_status HTTP/1.1" 200 -
[2026-09-11 17:41:53] 
[2026-09-11 17:41:53] [17:41:53] "GET /api/refund HTTP/1.1" 200 -
[2026-09-11 17:41:53] 
[2026-09-11 17:41:53] [GET] /api/service-fee cookie=token=VfddVq_1z_Vm9rwHW29I6oFjrGe9AgMMXigPTRH8t_I...
[2026-09-11 17:41:53] 
[2026-09-11 17:41:53] [GET] /api/meta/tokens cookie=token=VfddVq_1z_Vm9rwHW29I6oFjrGe9AgMMXigPTRH8t_I...
[2026-09-11 17:41:53] 
[2026-09-11 17:41:53] [17:41:53] "GET /api/payment HTTP/1.1" 200 -
[2026-09-11 17:41:53] [17:41:53] "GET /api/mapping HTTP/1.1" 200 -
[2026-09-11 17:41:53] 
[2026-09-11 17:41:53] [17:41:53] "GET /api/service-fee HTTP/1.1" 200 -
[2026-09-11 17:41:53] [17:41:53] "GET /api/meta/tokens HTTP/1.1" 200 -
[2026-09-11 17:41:53] 
[2026-09-11 17:41:53] 
[2026-09-11 17:41:53] [17:41:53] "GET /api/consume HTTP/1.1" 200 -
[2026-09-11 17:41:53] [GET] /api/meta/auto-sync-cfg cookie=token=VfddVq_1z_Vm9rwHW29I6oFjrGe9AgMMXigPTRH8t_I...
[2026-09-11 17:41:53] 
[2026-09-11 17:41:53] 
[2026-09-11 17:41:53] 
[2026-09-11 17:41:53] [17:41:53] "GET /api/meta/auto-sync-cfg HTTP/1.1" 200 -
[2026-09-11 17:41:53] 
[2026-09-11 17:41:53] [17:41:53] "GET /api/recharge HTTP/1.1" 200 -
[2026-09-11 17:41:53] 
[2026-09-11 17:41:54] [GET] /api/stats cookie=token=VfddVq_1z_Vm9rwHW29I6oFjrGe9AgMMXigPTRH8t_I...
[2026-09-11 17:41:54] [GET] /api/consume/stats cookie=token=VfddVq_1z_Vm9rwHW29I6oFjrGe9AgMMXigPTRH8t_I...
[2026-09-11 17:41:54] 
[2026-09-11 17:41:54] 
[2026-09-11 17:41:54] [17:41:54] "GET /api/stats HTTP/1.1" 200 -
[2026-09-11 17:41:54] 
[2026-09-11 17:41:54] [17:41:54] "GET /api/consume/stats HTTP/1.1" 200 -
[2026-09-11 17:41:54] 
[2026-09-11 17:42:25] [GET] /api/stats cookie=token=VfddVq_1z_Vm9rwHW29I6oFjrGe9AgMMXigPTRH8t_I...
[2026-09-11 17:42:25] 
[2026-09-11 17:42:25] [17:42:25] "GET /api/stats HTTP/1.1" 200 -
[2026-09-11 17:42:25] 
[2026-09-11 17:42:56] [GET] /api/stats cookie=token=VfddVq_1z_Vm9rwHW29I6oFjrGe9AgMMXigPTRH8t_I...
[2026-09-11 17:42:56] 
[2026-09-11 17:42:56] [17:42:56] "GET /api/stats HTTP/1.1" 200 -
[2026-09-11 17:42:56] 
[2026-09-11 17:43:26] [GET] /api/stats cookie=token=VfddVq_1z_Vm9rwHW29I6oFjrGe9AgMMXigPTRH8t_I...
[2026-09-11 17:43:26] 
[2026-09-11 17:43:26] [17:43:26] "GET /api/stats HTTP/1.1" 200 -
[2026-09-11 17:43:26] 
[2026-09-11 17:43:56] [GET] /api/stats cookie=token=VfddVq_1z_Vm9rwHW29I6oFjrGe9AgMMXigPTRH8t_I...
[2026-09-11 17:43:56] 
[2026-09-11 17:43:56] [17:43:56] "GET /api/stats HTTP/1.1" 200 -
[2026-09-11 17:43:56] 
[2026-09-11 17:44:26] [GET] /api/stats cookie=token=VfddVq_1z_Vm9rwHW29I6oFjrGe9AgMMXigPTRH8t_I...
[2026-09-11 17:44:26] 
[2026-09-11 17:44:26] [17:44:26] "GET /api/stats HTTP/1.1" 200 -
[2026-09-11 17:44:26] 
[2026-09-11 17:44:55] [GET] /api/stats cookie=token=VfddVq_1z_Vm9rwHW29I6oFjrGe9AgMMXigPTRH8t_I...
[2026-09-11 17:44:55] 
[2026-09-11 17:44:55] [17:44:55] "GET /api/stats HTTP/1.1" 200 -
[2026-09-11 17:44:55] 
[2026-09-11 17:45:26] [GET] /api/stats cookie=token=VfddVq_1z_Vm9rwHW29I6oFjrGe9AgMMXigPTRH8t_I...
[2026-09-11 17:45:26] 
[2026-09-11 17:45:26] [17:45:26] "GET /api/stats HTTP/1.1" 200 -
[2026-09-11 17:45:26] 
[2026-09-11 17:45:56] [GET] /api/stats cookie=token=VfddVq_1z_Vm9rwHW29I6oFjrGe9AgMMXigPTRH8t_I...
[2026-09-11 17:45:56] 
[2026-09-11 17:45:56] [17:45:56] "GET /api/stats HTTP/1.1" 200 -
[2026-09-11 17:45:56] 
[2026-09-11 17:46:41] [GET] /api/stats cookie=token=VfddVq_1z_Vm9rwHW29I6oFjrGe9AgMMXigPTRH8t_I...
[2026-09-11 17:46:41] 
[2026-09-11 17:46:41] [17:46:41] "GET /api/stats HTTP/1.1" 200 -
[2026-09-11 17:46:41] 
[2026-09-11 17:47:41] [GET] /api/stats cookie=token=VfddVq_1z_Vm9rwHW29I6oFjrGe9AgMMXigPTRH8t_I...
[2026-09-11 17:47:41] 
[2026-09-11 17:47:41] [17:47:41] "GET /api/stats HTTP/1.1" 200 -
[2026-09-11 17:47:41] 
[2026-09-11 17:48:41] [GET] /api/stats cookie=token=VfddVq_1z_Vm9rwHW29I6oFjrGe9AgMMXigPTRH8t_I...
[2026-09-11 17:48:41] 
[2026-09-11 17:48:41] [17:48:41] "GET /api/stats HTTP/1.1" 200 -
[2026-09-11 17:48:41] 
[2026-09-11 17:49:41] [GET] /api/stats cookie=token=VfddVq_1z_Vm9rwHW29I6oFjrGe9AgMMXigPTRH8t_I...
[2026-09-11 17:49:41] 
[2026-09-11 17:49:41] [17:49:41] "GET /api/stats HTTP/1.1" 200 -
[2026-09-11 17:49:41] 
[2026-09-11 17:50:41] [GET] /api/stats cookie=token=VfddVq_1z_Vm9rwHW29I6oFjrGe9AgMMXigPTRH8t_I...
[2026-09-11 17:50:41] 
[2026-09-11 17:50:41] [17:50:41] "GET /api/stats HTTP/1.1" 200 -
[2026-09-11 17:50:41] 
[2026-09-11 17:51:41] [GET] /api/stats cookie=token=VfddVq_1z_Vm9rwHW29I6oFjrGe9AgMMXigPTRH8t_I...
[2026-09-11 17:51:41] 
[2026-09-11 17:51:41] [17:51:41] "GET /api/stats HTTP/1.1" 200 -
[2026-09-11 17:51:41] 
[2026-09-11 17:52:41] [GET] /api/stats cookie=token=VfddVq_1z_Vm9rwHW29I6oFjrGe9AgMMXigPTRH8t_I...
[2026-09-11 17:52:41] 
[2026-09-11 17:52:41] [17:52:41] "GET /api/stats HTTP/1.1" 200 -
[2026-09-11 17:52:41] 
[2026-09-11 17:53:41] [GET] /api/stats cookie=token=VfddVq_1z_Vm9rwHW29I6oFjrGe9AgMMXigPTRH8t_I...
[2026-09-11 17:53:41] 
[2026-09-11 17:53:41] [17:53:41] "GET /api/stats HTTP/1.1" 200 -
[2026-09-11 17:53:41] 
[2026-09-11 17:54:41] [GET] /api/stats cookie=token=VfddVq_1z_Vm9rwHW29I6oFjrGe9AgMMXigPTRH8t_I...
[2026-09-11 17:54:41] 
[2026-09-11 17:54:41] [17:54:41] "GET /api/stats HTTP/1.1" 200 -
[2026-09-11 17:54:41] 
[2026-09-11 17:55:41] [GET] /api/stats cookie=token=VfddVq_1z_Vm9rwHW29I6oFjrGe9AgMMXigPTRH8t_I...
[2026-09-11 17:55:41] 
[2026-09-11 17:55:41] [17:55:41] "GET /api/stats HTTP/1.1" 200 -
[2026-09-11 17:55:41] 
[2026-09-11 17:56:41] [GET] /api/stats cookie=token=VfddVq_1z_Vm9rwHW29I6oFjrGe9AgMMXigPTRH8t_I...
[2026-09-11 17:56:41] 
[2026-09-11 17:56:41] [17:56:41] "GET /api/stats HTTP/1.1" 200 -
[2026-09-11 17:56:41] 
[2026-09-11 17:57:41] [GET] /api/stats cookie=token=VfddVq_1z_Vm9rwHW29I6oFjrGe9AgMMXigPTRH8t_I...
[2026-09-11 17:57:41] 
[2026-09-11 17:57:41] [17:57:41] "GET /api/stats HTTP/1.1" 200 -
[2026-09-11 17:57:41] 
[2026-09-11 17:58:41] [GET] /api/stats cookie=token=VfddVq_1z_Vm9rwHW29I6oFjrGe9AgMMXigPTRH8t_I...
[2026-09-11 17:58:41] 
[2026-09-11 17:58:41] [17:58:41] "GET /api/stats HTTP/1.1" 200 -
[2026-09-11 17:58:41] 
[2026-09-11 17:59:41] [GET] /api/stats cookie=token=VfddVq_1z_Vm9rwHW29I6oFjrGe9AgMMXigPTRH8t_I...
[2026-09-11 17:59:41] 
[2026-09-11 17:59:41] [17:59:41] "GET /api/stats HTTP/1.1" 200 -
[2026-09-11 17:59:41] 
[2026-09-11 18:00:41] [GET] /api/stats cookie=token=VfddVq_1z_Vm9rwHW29I6oFjrGe9AgMMXigPTRH8t_I...
[2026-09-11 18:00:41] 
[2026-09-11 18:00:41] [18:00:41] "GET /api/stats HTTP/1.1" 200 -
[2026-09-11 18:00:41] 
[2026-09-11 18:01:41] [GET] /api/stats cookie=token=VfddVq_1z_Vm9rwHW29I6oFjrGe9AgMMXigPTRH8t_I...
[2026-09-11 18:01:41] 
[2026-09-11 18:01:41] [18:01:41] "GET /api/stats HTTP/1.1" 200 -
[2026-09-11 18:01:41] 
[2026-09-11 18:02:41] [GET] /api/stats cookie=token=VfddVq_1z_Vm9rwHW29I6oFjrGe9AgMMXigPTRH8t_I...
[2026-09-11 18:02:41] 
[2026-09-11 18:02:41] [18:02:41] "GET /api/stats HTTP/1.1" 200 -
[2026-09-11 18:02:41] 
[2026-09-11 18:03:41] [GET] /api/stats cookie=token=VfddVq_1z_Vm9rwHW29I6oFjrGe9AgMMXigPTRH8t_I...
[2026-09-11 18:03:41] 
[2026-09-11 18:03:41] [18:03:41] "GET /api/stats HTTP/1.1" 200 -
[2026-09-11 18:03:41] 
[2026-09-11 18:04:41] [GET] /api/stats cookie=token=VfddVq_1z_Vm9rwHW29I6oFjrGe9AgMMXigPTRH8t_I...
[2026-09-11 18:04:41] 
[2026-09-11 18:04:41] [18:04:41] "GET /api/stats HTTP/1.1" 200 -
[2026-09-11 18:04:41] 
[2026-09-11 18:05:41] [GET] /api/stats cookie=token=VfddVq_1z_Vm9rwHW29I6oFjrGe9AgMMXigPTRH8t_I...
[2026-09-11 18:05:41] 
[2026-09-11 18:05:41] [18:05:41] "GET /api/stats HTTP/1.1" 200 -
[2026-09-11 18:05:41] 
[2026-09-11 18:06:41] [GET] /api/stats cookie=token=VfddVq_1z_Vm9rwHW29I6oFjrGe9AgMMXigPTRH8t_I...
[2026-09-11 18:06:41] 
[2026-09-11 18:06:41] [18:06:41] "GET /api/stats HTTP/1.1" 200 -
[2026-09-11 18:06:41] 
[2026-09-11 18:07:41] [GET] /api/stats cookie=token=VfddVq_1z_Vm9rwHW29I6oFjrGe9AgMMXigPTRH8t_I...
[2026-09-11 18:07:41] 
[2026-09-11 18:07:41] [18:07:41] "GET /api/stats HTTP/1.1" 200 -
[2026-09-11 18:07:41] 
[2026-09-11 18:08:41] [GET] /api/stats cookie=token=VfddVq_1z_Vm9rwHW29I6oFjrGe9AgMMXigPTRH8t_I...
[2026-09-11 18:08:41] 
[2026-09-11 18:08:41] [18:08:41] "GET /api/stats HTTP/1.1" 200 -
[2026-09-11 18:08:41] 
[2026-09-11 18:09:41] [GET] /api/stats cookie=token=VfddVq_1z_Vm9rwHW29I6oFjrGe9AgMMXigPTRH8t_I...
[2026-09-11 18:09:41] 
[2026-09-11 18:09:41] [18:09:41] "GET /api/stats HTTP/1.1" 200 -
[2026-09-11 18:09:41] 
[2026-09-11 18:10:41] [GET] /api/stats cookie=token=VfddVq_1z_Vm9rwHW29I6oFjrGe9AgMMXigPTRH8t_I...
[2026-09-11 18:10:41] 
[2026-09-11 18:10:41] [18:10:41] "GET /api/stats HTTP/1.1" 200 -
[2026-09-11 18:10:41] 
[2026-09-11 18:11:41] [GET] /api/stats cookie=token=VfddVq_1z_Vm9rwHW29I6oFjrGe9AgMMXigPTRH8t_I...
[2026-09-11 18:11:41] 
[2026-09-11 18:11:41] [18:11:41] "GET /api/stats HTTP/1.1" 200 -
[2026-09-11 18:11:41] 
[2026-09-11 18:12:41] [GET] /api/stats cookie=token=VfddVq_1z_Vm9rwHW29I6oFjrGe9AgMMXigPTRH8t_I...
[2026-09-11 18:12:41] 
[2026-09-11 18:12:41] [18:12:41] "GET /api/stats HTTP/1.1" 200 -
[2026-09-11 18:12:41] 
[2026-09-11 18:13:41] [GET] /api/stats cookie=token=VfddVq_1z_Vm9rwHW29I6oFjrGe9AgMMXigPTRH8t_I...
[2026-09-11 18:13:41] 
[2026-09-11 18:13:41] [18:13:41] "GET /api/stats HTTP/1.1" 200 -
[2026-09-11 18:13:41] 
[2026-09-11 18:14:41] [GET] /api/stats cookie=token=VfddVq_1z_Vm9rwHW29I6oFjrGe9AgMMXigPTRH8t_I...
[2026-09-11 18:14:41] 
[2026-09-11 18:14:41] [18:14:41] "GET /api/stats HTTP/1.1" 200 -
[2026-09-11 18:14:41] 
[2026-09-11 18:15:41] [GET] /api/stats cookie=token=VfddVq_1z_Vm9rwHW29I6oFjrGe9AgMMXigPTRH8t_I...
[2026-09-11 18:15:41] 
[2026-09-11 18:15:41] [18:15:41] "GET /api/stats HTTP/1.1" 200 -
[2026-09-11 18:15:41] 
[2026-09-11 18:16:41] [GET] /api/stats cookie=token=VfddVq_1z_Vm9rwHW29I6oFjrGe9AgMMXigPTRH8t_I...
[2026-09-11 18:16:41] 
[2026-09-11 18:16:41] [18:16:41] "GET /api/stats HTTP/1.1" 200 -
[2026-09-11 18:16:41] 
[2026-09-11 18:17:41] [GET] /api/stats cookie=token=VfddVq_1z_Vm9rwHW29I6oFjrGe9AgMMXigPTRH8t_I...
[2026-09-11 18:17:41] 
[2026-09-11 18:17:41] [18:17:41] "GET /api/stats HTTP/1.1" 200 -
[2026-09-11 18:17:41] 
[2026-09-11 18:18:41] [GET] /api/stats cookie=token=VfddVq_1z_Vm9rwHW29I6oFjrGe9AgMMXigPTRH8t_I...
[2026-09-11 18:18:41] 
[2026-09-11 18:18:41] [18:18:41] "GET /api/stats HTTP/1.1" 200 -
[2026-09-11 18:18:41] 
[2026-09-11 18:19:41] [GET] /api/stats cookie=token=VfddVq_1z_Vm9rwHW29I6oFjrGe9AgMMXigPTRH8t_I...
[2026-09-11 18:19:41] 
[2026-09-11 18:19:41] [18:19:41] "GET /api/stats HTTP/1.1" 200 -
[2026-09-11 18:19:41] 
[2026-09-11 18:20:41] [GET] /api/stats cookie=token=VfddVq_1z_Vm9rwHW29I6oFjrGe9AgMMXigPTRH8t_I...
[2026-09-11 18:20:41] 
[2026-09-11 18:20:41] [18:20:41] "GET /api/stats HTTP/1.1" 200 -
[2026-09-11 18:20:41] 
[2026-09-11 18:21:41] [GET] /api/stats cookie=token=VfddVq_1z_Vm9rwHW29I6oFjrGe9AgMMXigPTRH8t_I...
[2026-09-11 18:21:41] 
[2026-09-11 18:21:41] [18:21:41] "GET /api/stats HTTP/1.1" 200 -
[2026-09-11 18:21:41] 
[2026-09-11 18:22:41] [GET] /api/stats cookie=token=VfddVq_1z_Vm9rwHW29I6oFjrGe9AgMMXigPTRH8t_I...
[2026-09-11 18:22:41] 
[2026-09-11 18:22:41] [18:22:41] "GET /api/stats HTTP/1.1" 200 -
[2026-09-11 18:22:41] 
[2026-09-11 18:23:41] [GET] /api/stats cookie=token=VfddVq_1z_Vm9rwHW29I6oFjrGe9AgMMXigPTRH8t_I...
[2026-09-11 18:23:41] 
[2026-09-11 18:23:41] [18:23:41] "GET /api/stats HTTP/1.1" 200 -
[2026-09-11 18:23:41] 
[2026-09-11 18:24:41] [GET] /api/stats cookie=token=VfddVq_1z_Vm9rwHW29I6oFjrGe9AgMMXigPTRH8t_I...
[2026-09-11 18:24:41] 
[2026-09-11 18:24:41] [18:24:41] "GET /api/stats HTTP/1.1" 200 -
[2026-09-11 18:24:41] 
[2026-09-11 18:25:41] [GET] /api/stats cookie=token=VfddVq_1z_Vm9rwHW29I6oFjrGe9AgMMXigPTRH8t_I...
[2026-09-11 18:25:41] 
[2026-09-11 18:25:41] [18:25:41] "GET /api/stats HTTP/1.1" 200 -
[2026-09-11 18:25:41] 
[2026-09-11 18:26:41] [GET] /api/stats cookie=token=VfddVq_1z_Vm9rwHW29I6oFjrGe9AgMMXigPTRH8t_I...
[2026-09-11 18:26:41] 
[2026-09-11 18:26:41] [18:26:41] "GET /api/stats HTTP/1.1" 200 -
[2026-09-11 18:26:41] 
[2026-09-11 18:27:41] [GET] /api/stats cookie=token=VfddVq_1z_Vm9rwHW29I6oFjrGe9AgMMXigPTRH8t_I...
[2026-09-11 18:27:41] 
[2026-09-11 18:27:41] [18:27:41] "GET /api/stats HTTP/1.1" 200 -
[2026-09-11 18:27:41] 
[2026-09-11 18:28:41] [GET] /api/stats cookie=token=VfddVq_1z_Vm9rwHW29I6oFjrGe9AgMMXigPTRH8t_I...
[2026-09-11 18:28:41] 
[2026-09-11 18:28:41] [18:28:41] "GET /api/stats HTTP/1.1" 200 -
[2026-09-11 18:28:41] 
[2026-09-11 18:29:38] [GET] /api/stats cookie=token=VfddVq_1z_Vm9rwHW29I6oFjrGe9AgMMXigPTRH8t_I...
[2026-09-11 18:29:38] 
[2026-09-11 18:29:38] [18:29:38] "GET /api/stats HTTP/1.1" 200 -
[2026-09-11 18:29:38] 
[2026-09-11 18:30:06] [GET] /api/stats cookie=token=VfddVq_1z_Vm9rwHW29I6oFjrGe9AgMMXigPTRH8t_I...
[2026-09-11 18:30:06] 
[2026-09-11 18:30:06] [18:30:06] "GET /api/stats HTTP/1.1" 200 -
[2026-09-11 18:30:06] 
[2026-09-11 18:30:26] [GET] /api/stats cookie=token=VfddVq_1z_Vm9rwHW29I6oFjrGe9AgMMXigPTRH8t_I...
[2026-09-11 18:30:26] 
[2026-09-11 18:30:26] [18:30:26] "GET /api/stats HTTP/1.1" 200 -
[2026-09-11 18:30:26] 
[2026-09-11 18:31:28] [GET] /api/stats cookie=token=VfddVq_1z_Vm9rwHW29I6oFjrGe9AgMMXigPTRH8t_I...
[2026-09-11 18:31:28] 
[2026-09-11 18:31:28] [18:31:28] "GET /api/stats HTTP/1.1" 200 -
[2026-09-11 18:31:28] 
[2026-09-11 18:31:40] [boot] 日志重定向已启用 -> /Users/mac/Library/Application Support/TRAE SOLO CN/ModularData/ai-agent/work-mode-projects/6aa2769ead555511aa7a9041/fb_project/FB广告账户管理系统 v3.911/data/server.log
[2026-09-11 18:31:40] 
[2026-09-11 18:31:40] Traceback (most recent call last):
[2026-09-11 18:31:40]   File "/Users/mac/Library/Application Support/TRAE SOLO CN/ModularData/ai-agent/work-mode-projects/6aa2769ead555511aa7a9041/fb_project/FB广告账户管理系统 v3.911/server.py", line 5250, in <module>
[2026-09-11 18:31:40]     
[2026-09-11 18:31:40] main()
[2026-09-11 18:31:40] 
[2026-09-11 18:31:40]   File "/Users/mac/Library/Application Support/TRAE SOLO CN/ModularData/ai-agent/work-mode-projects/6aa2769ead555511aa7a9041/fb_project/FB广告账户管理系统 v3.911/server.py", line 5234, in main
[2026-09-11 18:31:40]     
[2026-09-11 18:31:40] server = ThreadingHTTPServer(('0.0.0.0', port), ApiHandler)
[2026-09-11 18:31:40] 
[2026-09-11 18:31:40]   File "/Library/Developer/CommandLineTools/Library/Frameworks/Python3.framework/Versions/3.9/lib/python3.9/socketserver.py", line 452, in __init__
[2026-09-11 18:31:40]     
[2026-09-11 18:31:40] self.server_bind()
[2026-09-11 18:31:40] 
[2026-09-11 18:31:40]   File "/Library/Developer/CommandLineTools/Library/Frameworks/Python3.framework/Versions/3.9/lib/python3.9/http/server.py", line 138, in server_bind
[2026-09-11 18:31:40]     
[2026-09-11 18:31:40] socketserver.TCPServer.server_bind(self)
[2026-09-11 18:31:40] 
[2026-09-11 18:31:40]   File "/Library/Developer/CommandLineTools/Library/Frameworks/Python3.framework/Versions/3.9/lib/python3.9/socketserver.py", line 466, in server_bind
[2026-09-11 18:31:40]     
[2026-09-11 18:31:40] self.socket.bind(self.server_address)
[2026-09-11 18:31:40] 
[2026-09-11 18:31:40] OSError
[2026-09-11 18:31:40] : 
[2026-09-11 18:31:40] [Errno 48] Address already in use
[2026-09-11 18:31:40] 
[2026-09-11 18:32:00] [boot] 日志重定向已启用 -> /Users/mac/Library/Application Support/TRAE SOLO CN/ModularData/ai-agent/work-mode-projects/6aa2769ead555511aa7a9041/fb_project/FB广告账户管理系统 v3.911/data/server.log
[2026-09-11 18:32:00] 
[2026-09-11 18:32:00] =======================================================
[2026-09-11 18:32:00] 
[2026-09-11 18:32:00]   FB 广告账户管理系统 v4 · 单机完整版
[2026-09-11 18:32:00] 
[2026-09-11 18:32:00]   地址: http://localhost:8765
[2026-09-11 18:32:00] 
[2026-09-11 18:32:00]   数据目录: /Users/mac/Library/Application Support/TRAE SOLO CN/ModularData/ai-agent/work-mode-projects/6aa2769ead555511aa7a9041/fb_project/FB广告账户管理系统 v3.911/data
[2026-09-11 18:32:00] 
[2026-09-11 18:32:00]   默认账号: admin / admin123456
[2026-09-11 18:32:00] 
[2026-09-11 18:32:00]   按 Ctrl+C 停止
[2026-09-11 18:32:00] 
[2026-09-11 18:32:00] =======================================================
[2026-09-11 18:32:00] 
[2026-09-11 18:32:13] [18:32:13] "GET /api/server-logs?lines=5 HTTP/1.1" 403 -
[2026-09-11 18:32:13] 
[2026-09-11 18:32:21] [18:32:21] "POST /api/login HTTP/1.1" 403 -
[2026-09-11 18:32:21] 
[2026-09-11 18:32:34] [GET] /api/stats cookie=***
[2026-09-11 18:32:34] 
[2026-09-11 18:32:34] [18:32:34] "GET /api/stats HTTP/1.1" 200 -
[2026-09-11 18:32:34] 
[2026-09-11 18:33:16] [18:33:16] "POST /api/auth/login HTTP/1.1" 403 -
[2026-09-11 18:33:16] 
[2026-09-11 18:33:24] [POST] /api/auth/login no-cookie
[2026-09-11 18:33:24] 
[2026-09-11 18:33:24] [18:33:24] "POST /api/auth/login HTTP/1.1" 401 -
[2026-09-11 18:33:24] 
[2026-09-11 18:33:34] [GET] /api/stats cookie=***
[2026-09-11 18:33:34] 
[2026-09-11 18:33:34] [18:33:34] "GET /api/stats HTTP/1.1" 200 -
[2026-09-11 18:33:34] 
[2026-09-11 18:34:35] [GET] /api/stats cookie=***
[2026-09-11 18:34:35] 
[2026-09-11 18:34:35] [18:34:35] "GET /api/stats HTTP/1.1" 200 -
[2026-09-11 18:34:35] 
[2026-09-11 18:34:39] [POST] /api/auth/login no-cookie
[2026-09-11 18:34:39] 
[2026-09-11 18:34:39] [POST] /api/auth/login no-cookie
[2026-09-11 18:34:39] 
[2026-09-11 18:34:39] [18:34:39] "POST /api/auth/login HTTP/1.1" 200 -
[2026-09-11 18:34:39] 
[2026-09-11 18:34:39] [18:34:39] "POST /api/auth/login HTTP/1.1" 200 -
[2026-09-11 18:34:39] 
[2026-09-11 18:34:39] [GET] /api/server-logs cookie=***
[2026-09-11 18:34:39] 
[2026-09-11 18:34:39] [18:34:39] "GET /api/server-logs?lines=5 HTTP/1.1" 401 -
[2026-09-11 18:34:39] 
[2026-09-11 18:34:47] [POST] /api/auth/login no-cookie
[2026-09-11 18:34:47] 
[2026-09-11 18:34:47] [18:34:47] "POST /api/auth/login HTTP/1.1" 200 -
[2026-09-11 18:34:47] 
[2026-09-11 18:34:47] [GET] /api/server-logs cookie=***
[2026-09-11 18:34:47] 
[2026-09-11 18:34:47] [18:34:47] "GET /api/server-logs?lines=8 HTTP/1.1" 200 -
[2026-09-11 18:34:47] 
[2026-09-11 18:35:36] [GET] /api/stats cookie=***
[2026-09-11 18:35:36] 
[2026-09-11 18:35:36] [18:35:36] "GET /api/stats HTTP/1.1" 200 -
[2026-09-11 18:35:36] 
[2026-09-11 18:35:43] [GET] /api/health no-cookie
[2026-09-11 18:35:43] 
[2026-09-11 18:35:43] [18:35:43] "GET /api/health HTTP/1.1" 200 -
[2026-09-11 18:35:43] 
[2026-09-11 18:36:37] [GET] /api/stats cookie=***
[2026-09-11 18:36:37] 
[2026-09-11 18:36:37] [18:36:37] "GET /api/stats HTTP/1.1" 200 -
[2026-09-11 18:36:37] 
[2026-09-11 18:37:38] [GET] /api/stats cookie=***
[2026-09-11 18:37:38] 
[2026-09-11 18:37:38] [18:37:38] "GET /api/stats HTTP/1.1" 200 -
[2026-09-11 18:37:38] 
[2026-09-11 18:38:39] [GET] /api/stats cookie=***
[2026-09-11 18:38:39] 
[2026-09-11 18:38:39] [18:38:39] "GET /api/stats HTTP/1.1" 200 -
[2026-09-11 18:38:39] 
[2026-09-11 18:39:40] [GET] /api/stats cookie=***
[2026-09-11 18:39:40] 
[2026-09-11 18:39:40] [18:39:40] "GET /api/stats HTTP/1.1" 200 -
[2026-09-11 18:39:40] 
[2026-09-11 18:40:41] [GET] /api/stats cookie=***
[2026-09-11 18:40:41] 
[2026-09-11 18:40:41] [18:40:41] "GET /api/stats HTTP/1.1" 200 -
[2026-09-11 18:40:41] 
[2026-09-11 18:41:41] [GET] /api/stats cookie=***
[2026-09-11 18:41:41] 
[2026-09-11 18:41:41] [18:41:41] "GET /api/stats HTTP/1.1" 200 -
[2026-09-11 18:41:41] 
[2026-09-11 18:42:41] [GET] /api/stats cookie=***
[2026-09-11 18:42:41] 
[2026-09-11 18:42:41] [18:42:41] "GET /api/stats HTTP/1.1" 200 -
[2026-09-11 18:42:41] 
[2026-09-11 18:43:41] [GET] /api/stats cookie=***
[2026-09-11 18:43:41] 
[2026-09-11 18:43:41] [18:43:41] "GET /api/stats HTTP/1.1" 200 -
[2026-09-11 18:43:41] 
[2026-09-11 18:44:41] [GET] /api/stats cookie=***
[2026-09-11 18:44:41] 
[2026-09-11 18:44:41] [18:44:41] "GET /api/stats HTTP/1.1" 200 -
[2026-09-11 18:44:41] 
[2026-09-11 18:45:41] [GET] /api/stats cookie=***
[2026-09-11 18:45:41] 
[2026-09-11 18:45:41] [18:45:41] "GET /api/stats HTTP/1.1" 200 -
[2026-09-11 18:45:41] 
[2026-09-11 18:46:41] [GET] /api/stats cookie=***
[2026-09-11 18:46:41] 
[2026-09-11 18:46:41] [18:46:41] "GET /api/stats HTTP/1.1" 200 -
[2026-09-11 18:46:41] 
[2026-09-11 18:47:41] [GET] /api/stats cookie=***
[2026-09-11 18:47:41] 
[2026-09-11 18:47:41] [18:47:41] "GET /api/stats HTTP/1.1" 200 -
[2026-09-11 18:47:41] 
[2026-09-11 18:48:01] [POST] /api/auth/login no-cookie
[2026-09-11 18:48:01] 
[2026-09-11 18:48:02] [18:48:02] "POST /api/auth/login HTTP/1.1" 401 -
[2026-09-11 18:48:02] 
[2026-09-11 18:48:09] [POST] /api/auth/login no-cookie
[2026-09-11 18:48:09] 
[2026-09-11 18:48:09] [18:48:09] "POST /api/auth/login HTTP/1.1" 400 -
[2026-09-11 18:48:09] 
[2026-09-11 18:48:09] [POST] /api/auth/login no-cookie
[2026-09-11 18:48:09] 
[2026-09-11 18:48:09] [18:48:09] "POST /api/auth/login HTTP/1.1" 400 -
[2026-09-11 18:48:09] 
[2026-09-11 18:48:09] [POST] /api/auth/login no-cookie
[2026-09-11 18:48:09] 
[2026-09-11 18:48:09] [18:48:09] "POST /api/auth/login HTTP/1.1" 400 -
[2026-09-11 18:48:09] 
[2026-09-11 18:48:09] [POST] /api/auth/login no-cookie
[2026-09-11 18:48:09] 
[2026-09-11 18:48:09] [18:48:09] "POST /api/auth/login HTTP/1.1" 400 -
[2026-09-11 18:48:09] 
[2026-09-11 18:48:09] [POST] /api/auth/login no-cookie
[2026-09-11 18:48:09] 
[2026-09-11 18:48:09] [18:48:09] "POST /api/auth/login HTTP/1.1" 400 -
[2026-09-11 18:48:09] 
[2026-09-11 18:48:09] [POST] /api/auth/login no-cookie
[2026-09-11 18:48:09] 
[2026-09-11 18:48:09] [18:48:09] "POST /api/auth/login HTTP/1.1" 400 -
[2026-09-11 18:48:09] 
[2026-09-11 18:48:15] [POST] /api/auth/login no-cookie
[2026-09-11 18:48:15] 
[2026-09-11 18:48:15] [18:48:15] "POST /api/auth/login HTTP/1.1" 401 -
[2026-09-11 18:48:15] 
[2026-09-11 18:48:15] [POST] /api/auth/login no-cookie
[2026-09-11 18:48:15] 
[2026-09-11 18:48:15] [18:48:15] "POST /api/auth/login HTTP/1.1" 401 -
[2026-09-11 18:48:15] 
[2026-09-11 18:48:15] [POST] /api/auth/login no-cookie
[2026-09-11 18:48:15] 
[2026-09-11 18:48:15] [18:48:15] "POST /api/auth/login HTTP/1.1" 401 -
[2026-09-11 18:48:15] 
[2026-09-11 18:48:15] [POST] /api/auth/login no-cookie
[2026-09-11 18:48:15] 
[2026-09-11 18:48:15] [18:48:15] "POST /api/auth/login HTTP/1.1" 401 -
[2026-09-11 18:48:15] 
[2026-09-11 18:48:15] [POST] /api/auth/login no-cookie
[2026-09-11 18:48:15] 
[2026-09-11 18:48:15] [18:48:15] "POST /api/auth/login HTTP/1.1" 429 -
[2026-09-11 18:48:15] 
[2026-09-11 18:48:16] [POST] /api/auth/login no-cookie
[2026-09-11 18:48:16] 
[2026-09-11 18:48:16] [18:48:16] "POST /api/auth/login HTTP/1.1" 429 -
[2026-09-11 18:48:16] 
[2026-09-11 18:48:37] [POST] /api/auth/login no-cookie
[2026-09-11 18:48:37] 
[2026-09-11 18:48:37] [POST] /api/auth/login no-cookie
[2026-09-11 18:48:37] 
[2026-09-11 18:48:37] [18:48:37] "POST /api/auth/login HTTP/1.1" 429 -
[2026-09-11 18:48:37] 
[2026-09-11 18:48:37] [18:48:37] "POST /api/auth/login HTTP/1.1" 401 -
[2026-09-11 18:48:37] 
[2026-09-11 18:48:41] [GET] /api/stats cookie=***
[2026-09-11 18:48:41] 
[2026-09-11 18:48:41] [18:48:41] "GET /api/stats HTTP/1.1" 200 -
[2026-09-11 18:48:41] 
[2026-09-11 18:49:22] [POST] /api/auth/login no-cookie
[2026-09-11 18:49:22] 
[2026-09-11 18:49:22] [18:49:22] "POST /api/auth/login HTTP/1.1" 429 -
[2026-09-11 18:49:22] 
[2026-09-11 18:49:23] [boot] 日志重定向已启用 -> /Users/mac/Library/Application Support/TRAE SOLO CN/ModularData/ai-agent/work-mode-projects/6aa2769ead555511aa7a9041/fb_project/FB广告账户管理系统 v3.911/data/server.log
[2026-09-11 18:49:23] 
[2026-09-11 18:49:23] =======================================================
[2026-09-11 18:49:23] 
[2026-09-11 18:49:23]   FB 广告账户管理系统 v4 · 单机完整版
[2026-09-11 18:49:23] 
[2026-09-11 18:49:23]   地址: http://localhost:8765
[2026-09-11 18:49:23] 
[2026-09-11 18:49:23]   数据目录: /Users/mac/Library/Application Support/TRAE SOLO CN/ModularData/ai-agent/work-mode-projects/6aa2769ead555511aa7a9041/fb_project/FB广告账户管理系统 v3.911/data
[2026-09-11 18:49:23] 
[2026-09-11 18:49:23]   默认账号: admin / admin123456
[2026-09-11 18:49:23] 
[2026-09-11 18:49:23]   按 Ctrl+C 停止
[2026-09-11 18:49:23] 
[2026-09-11 18:49:23] =======================================================
[2026-09-11 18:49:23] 
[2026-09-11 18:49:35] [POST] /api/auth/login no-cookie
[2026-09-11 18:49:35] 
[2026-09-11 18:49:35] [18:49:35] "POST /api/auth/login HTTP/1.1" 401 -
[2026-09-11 18:49:35] 
[2026-09-11 18:49:35] [POST] /api/auth/login no-cookie
[2026-09-11 18:49:35] 
[2026-09-11 18:49:35] [18:49:35] "POST /api/auth/login HTTP/1.1" 401 -
[2026-09-11 18:49:35] 
[2026-09-11 18:49:35] [POST] /api/auth/login no-cookie
[2026-09-11 18:49:35] 
[2026-09-11 18:49:35] [18:49:35] "POST /api/auth/login HTTP/1.1" 401 -
[2026-09-11 18:49:35] 
[2026-09-11 18:49:35] [POST] /api/auth/login no-cookie
[2026-09-11 18:49:35] 
[2026-09-11 18:49:35] [18:49:35] "POST /api/auth/login HTTP/1.1" 401 -
[2026-09-11 18:49:35] 
[2026-09-11 18:49:35] [POST] /api/auth/login no-cookie
[2026-09-11 18:49:35] 
[2026-09-11 18:49:35] [18:49:35] "POST /api/auth/login HTTP/1.1" 401 -
[2026-09-11 18:49:35] 
[2026-09-11 18:49:35] [POST] /api/auth/login no-cookie
[2026-09-11 18:49:35] 
[2026-09-11 18:49:36] [18:49:36] "POST /api/auth/login HTTP/1.1" 429 -
[2026-09-11 18:49:36] 
[2026-09-11 18:49:41] [GET] /api/stats cookie=***
[2026-09-11 18:49:41] 
[2026-09-11 18:49:41] [18:49:41] "GET /api/stats HTTP/1.1" 200 -
[2026-09-11 18:49:41] 
[2026-09-11 18:50:06] [POST] /api/auth/login no-cookie
[2026-09-11 18:50:06] 
[2026-09-11 18:50:06] [18:50:06] "POST /api/auth/login HTTP/1.1" 401 -
[2026-09-11 18:50:06] 
[2026-09-11 18:50:11] [GET] /api/stats cookie=***
[2026-09-11 18:50:11] 
[2026-09-11 18:50:11] [18:50:11] "GET /api/stats HTTP/1.1" 200 -
[2026-09-11 18:50:11] 
[2026-09-11 18:50:13] [GET]  cookie=***
[2026-09-11 18:50:13] 
[2026-09-11 18:50:13] [18:50:13] "GET / HTTP/1.1" 200 -
[2026-09-11 18:50:13] 
[2026-09-11 18:50:13] [GET] /xlsx.full.min.js cookie=***
[2026-09-11 18:50:13] 
[2026-09-11 18:50:13] [18:50:13] "GET /xlsx.full.min.js HTTP/1.1" 200 -
[2026-09-11 18:50:13] 
[2026-09-11 18:50:13] [GET] /api/auth/me cookie=***
[2026-09-11 18:50:13] 
[2026-09-11 18:50:13] [18:50:13] "GET /api/auth/me?t=1789123813506 HTTP/1.1" 200 -
[2026-09-11 18:50:13] 
[2026-09-11 18:50:13] [GET] /api/consume/import-log cookie=***
[2026-09-11 18:50:13] [GET] /api/users cookie=***
[2026-09-11 18:50:13] [GET] /api/settings cookie=***
[2026-09-11 18:50:13] [GET] /api/ops-log cookie=***
[2026-09-11 18:50:13] 
[2026-09-11 18:50:13] 
[2026-09-11 18:50:13] [GET] /api/stats cookie=***
[2026-09-11 18:50:13] 
[2026-09-11 18:50:13] 
[2026-09-11 18:50:13] 
[2026-09-11 18:50:13] [18:50:13] "GET /api/settings HTTP/1.1" 200 -
[2026-09-11 18:50:13] 
[2026-09-11 18:50:13] [18:50:13] "GET /api/ops-log HTTP/1.1" 200 -
[2026-09-11 18:50:13] 
[2026-09-11 18:50:13] [18:50:13] "GET /api/consume/import-log HTTP/1.1" 200 -
[2026-09-11 18:50:13] 
[2026-09-11 18:50:13] [18:50:13] "GET /api/users HTTP/1.1" 200 -
[2026-09-11 18:50:14] 
[2026-09-11 18:50:14] [18:50:14] "GET /api/stats?_t=1789123813531 HTTP/1.1" 200 -
[2026-09-11 18:50:14] [GET] /api/meta/tokens cookie=***
[2026-09-11 18:50:14] 
[2026-09-11 18:50:14] 
[2026-09-11 18:50:14] [GET] /api/health cookie=***
[2026-09-11 18:50:14] 
[2026-09-11 18:50:14] [18:50:14] "GET /api/health HTTP/1.1" 200 -
[2026-09-11 18:50:14] 
[2026-09-11 18:50:14] [18:50:14] "GET /api/meta/tokens HTTP/1.1" 200 -
[2026-09-11 18:50:14] 
[2026-09-11 18:50:14] [GET] /api/mapping cookie=***
[2026-09-11 18:50:14] [GET] /api/recharge cookie=***
[2026-09-11 18:50:14] 
[2026-09-11 18:50:14] [GET] /api/refund cookie=***
[2026-09-11 18:50:14] 
[2026-09-11 18:50:14] [GET] /api/client_status cookie=***
[2026-09-11 18:50:14] [GET] /api/payment cookie=***
[2026-09-11 18:50:14] 
[2026-09-11 18:50:14] 
[2026-09-11 18:50:14] 
[2026-09-11 18:50:14] [GET] /api/consume cookie=***
[2026-09-11 18:50:14] 
[2026-09-11 18:50:14] [18:50:14] "GET /api/refund HTTP/1.1" 200 -
[2026-09-11 18:50:14] 
[2026-09-11 18:50:14] [GET] /api/service-fee cookie=***
[2026-09-11 18:50:14] 
[2026-09-11 18:50:14] [18:50:14] "GET /api/mapping HTTP/1.1" 200 -
[2026-09-11 18:50:14] [18:50:14] "GET /api/client_status HTTP/1.1" 200 -
[2026-09-11 18:50:14] 
[2026-09-11 18:50:14] [18:50:14] "GET /api/payment HTTP/1.1" 200 -
[2026-09-11 18:50:14] 
[2026-09-11 18:50:14] 
[2026-09-11 18:50:14] [GET] /api/meta/auto-sync-cfg cookie=***
[2026-09-11 18:50:14] 
[2026-09-11 18:50:14] [18:50:14] "GET /api/service-fee HTTP/1.1" 200 -
[2026-09-11 18:50:14] 
[2026-09-11 18:50:14] [18:50:14] "GET /api/meta/auto-sync-cfg HTTP/1.1" 200 -
[2026-09-11 18:50:14] 
[2026-09-11 18:50:14] [18:50:14] "GET /api/consume HTTP/1.1" 200 -
[2026-09-11 18:50:14] 
[2026-09-11 18:50:14] [18:50:14] "GET /api/recharge HTTP/1.1" 200 -
[2026-09-11 18:50:14] 
[2026-09-11 18:50:15] [GET] /api/stats cookie=***
[2026-09-11 18:50:15] 
[2026-09-11 18:50:15] [GET] /api/consume/stats cookie=***
[2026-09-11 18:50:15] 
[2026-09-11 18:50:15] [18:50:15] "GET /api/stats HTTP/1.1" 200 -
[2026-09-11 18:50:15] 
[2026-09-11 18:50:16] [刷新匹配] 保留 10872 条, 更新了 0 条
[2026-09-11 18:50:16] 
[2026-09-11 18:50:17] [18:50:17] "GET /api/consume/stats HTTP/1.1" 200 -
[2026-09-11 18:50:17] 
[2026-09-11 18:50:20] [boot] 日志重定向已启用 -> /Users/mac/Library/Application Support/TRAE SOLO CN/ModularData/ai-agent/work-mode-projects/6aa2769ead555511aa7a9041/fb_project/FB广告账户管理系统 v3.911/data/server.log
[2026-09-11 18:50:20] 
[2026-09-11 18:50:20] =======================================================
[2026-09-11 18:50:20] 
[2026-09-11 18:50:20]   FB 广告账户管理系统 v4 · 单机完整版
[2026-09-11 18:50:20] 
[2026-09-11 18:50:20]   地址: http://localhost:8765
[2026-09-11 18:50:20] 
[2026-09-11 18:50:20]   数据目录: /Users/mac/Library/Application Support/TRAE SOLO CN/ModularData/ai-agent/work-mode-projects/6aa2769ead555511aa7a9041/fb_project/FB广告账户管理系统 v3.911/data
[2026-09-11 18:50:20] 
[2026-09-11 18:50:20]   默认账号: admin / admin123456
[2026-09-11 18:50:20] 
[2026-09-11 18:50:20]   按 Ctrl+C 停止
[2026-09-11 18:50:20] 
[2026-09-11 18:50:20] =======================================================
[2026-09-11 18:50:20] 
[2026-09-11 18:50:22] [GET] /api/health no-cookie
[2026-09-11 18:50:22] 
[2026-09-11 18:50:22] [18:50:22] "GET /api/health HTTP/1.1" 200 -
[2026-09-11 18:50:22] 
[2026-09-11 18:50:29] [POST] /api/auth/login no-cookie
[2026-09-11 18:50:29] 
[2026-09-11 18:50:29] [18:50:29] "POST /api/auth/login HTTP/1.1" 401 -
[2026-09-11 18:50:29] 
[2026-09-11 18:50:29] [POST] /api/auth/login no-cookie
[2026-09-11 18:50:29] 
[2026-09-11 18:50:29] [18:50:29] "POST /api/auth/login HTTP/1.1" 401 -
[2026-09-11 18:50:29] 
[2026-09-11 18:50:29] [POST] /api/auth/login no-cookie
[2026-09-11 18:50:29] 
[2026-09-11 18:50:29] [18:50:29] "POST /api/auth/login HTTP/1.1" 401 -
[2026-09-11 18:50:29] 
[2026-09-11 18:50:30] [POST] /api/auth/login no-cookie
[2026-09-11 18:50:30] 
[2026-09-11 18:50:30] [18:50:30] "POST /api/auth/login HTTP/1.1" 401 -
[2026-09-11 18:50:30] 
[2026-09-11 18:50:30] [POST] /api/auth/login no-cookie
[2026-09-11 18:50:30] 
[2026-09-11 18:50:30] [18:50:30] "POST /api/auth/login HTTP/1.1" 401 -
[2026-09-11 18:50:30] 
[2026-09-11 18:50:30] [POST] /api/auth/login no-cookie
[2026-09-11 18:50:30] 
[2026-09-11 18:50:30] [18:50:30] "POST /api/auth/login HTTP/1.1" 429 -
[2026-09-11 18:50:30] 
[2026-09-11 18:50:30] [POST] /api/auth/login no-cookie
[2026-09-11 18:50:30] 
[2026-09-11 18:50:30] [18:50:30] "POST /api/auth/login HTTP/1.1" 200 -
[2026-09-11 18:50:30] 
[2026-09-11 18:50:36] [POST] /api/auth/login no-cookie
[2026-09-11 18:50:36] 
[2026-09-11 18:50:36] [POST] /api/auth/login no-cookie
[2026-09-11 18:50:36] 
[2026-09-11 18:50:36] [18:50:36] "POST /api/auth/login HTTP/1.1" 429 -
[2026-09-11 18:50:36] 
[2026-09-11 18:50:36] [POST] /api/auth/login no-cookie
[2026-09-11 18:50:36] 
[2026-09-11 18:50:36] [18:50:36] "POST /api/auth/login HTTP/1.1" 429 -
[2026-09-11 18:50:36] 
[2026-09-11 18:50:36] [POST] /api/auth/login no-cookie
[2026-09-11 18:50:36] 
[2026-09-11 18:50:36] [18:50:36] "POST /api/auth/login HTTP/1.1" 429 -
[2026-09-11 18:50:36] 
[2026-09-11 18:50:36] [POST] /api/auth/login no-cookie
[2026-09-11 18:50:36] 
[2026-09-11 18:50:36] [18:50:36] "POST /api/auth/login HTTP/1.1" 429 -
[2026-09-11 18:50:36] 
[2026-09-11 18:50:36] [POST] /api/auth/login no-cookie
[2026-09-11 18:50:36] 
[2026-09-11 18:50:36] [18:50:36] "POST /api/auth/login HTTP/1.1" 429 -
[2026-09-11 18:50:36] [18:50:36] "POST /api/auth/login HTTP/1.1" 200 -
[2026-09-11 18:50:36] 
[2026-09-11 18:50:36] 
[2026-09-11 18:50:36] [POST] /api/auth/login no-cookie
[2026-09-11 18:50:36] 
[2026-09-11 18:50:36] [18:50:36] "POST /api/auth/login HTTP/1.1" 429 -
[2026-09-11 18:50:36] 
[2026-09-11 18:50:48] [GET] /api/stats cookie=***
[2026-09-11 18:50:48] 
[2026-09-11 18:50:48] [18:50:48] "GET /api/stats HTTP/1.1" 200 -
[2026-09-11 18:50:48] 
[2026-09-11 18:51:18] [GET] /api/stats cookie=***
[2026-09-11 18:51:18] 
[2026-09-11 18:51:18] [18:51:18] "GET /api/stats HTTP/1.1" 200 -
[2026-09-11 18:51:18] 
[2026-09-11 18:51:48] [GET] /api/stats cookie=***
[2026-09-11 18:51:48] 
[2026-09-11 18:51:48] [18:51:48] "GET /api/stats HTTP/1.1" 200 -
[2026-09-11 18:51:48] 
[2026-09-11 18:52:18] [GET] /api/stats cookie=***
[2026-09-11 18:52:18] 
[2026-09-11 18:52:18] [18:52:18] "GET /api/stats HTTP/1.1" 200 -
[2026-09-11 18:52:18] 
[2026-09-11 18:52:48] [GET] /api/stats cookie=***
[2026-09-11 18:52:48] 
[2026-09-11 18:52:48] [18:52:48] "GET /api/stats HTTP/1.1" 200 -
[2026-09-11 18:52:48] 
[2026-09-11 18:53:18] [GET] /api/stats cookie=***
[2026-09-11 18:53:18] 
[2026-09-11 18:53:18] [18:53:18] "GET /api/stats HTTP/1.1" 200 -
[2026-09-11 18:53:18] 
[2026-09-11 18:53:48] [GET] /api/stats cookie=***
[2026-09-11 18:53:48] 
[2026-09-11 18:53:48] [18:53:48] "GET /api/stats HTTP/1.1" 200 -
[2026-09-11 18:53:48] 
[2026-09-11 18:54:18] [GET] /api/stats cookie=***
[2026-09-11 18:54:18] 
[2026-09-11 18:54:18] [18:54:18] "GET /api/stats HTTP/1.1" 200 -
[2026-09-11 18:54:18] 
[2026-09-11 18:54:48] [GET] /api/stats cookie=***
[2026-09-11 18:54:48] 
[2026-09-11 18:54:48] [18:54:48] "GET /api/stats HTTP/1.1" 200 -
[2026-09-11 18:54:48] 
[2026-09-11 18:55:18] [GET] /api/stats cookie=***
[2026-09-11 18:55:18] 
[2026-09-11 18:55:18] [18:55:18] "GET /api/stats HTTP/1.1" 200 -
[2026-09-11 18:55:18] 
[2026-09-11 18:55:48] [GET] /api/stats cookie=***
[2026-09-11 18:55:48] 
[2026-09-11 18:55:48] [18:55:48] "GET /api/stats HTTP/1.1" 200 -
[2026-09-11 18:55:48] 
[2026-09-11 18:56:18] [GET] /api/stats cookie=***
[2026-09-11 18:56:18] 
[2026-09-11 18:56:18] [18:56:18] "GET /api/stats HTTP/1.1" 200 -
[2026-09-11 18:56:18] 
[2026-09-11 18:56:48] [GET] /api/stats cookie=***
[2026-09-11 18:56:48] 
[2026-09-11 18:56:48] [18:56:48] "GET /api/stats HTTP/1.1" 200 -
[2026-09-11 18:56:48] 
[2026-09-11 18:57:18] [GET] /api/stats cookie=***
[2026-09-11 18:57:18] 
[2026-09-11 18:57:18] [18:57:18] "GET /api/stats HTTP/1.1" 200 -
[2026-09-11 18:57:18] 
[2026-09-11 18:57:49] [GET] /api/stats cookie=***
[2026-09-11 18:57:49] 
[2026-09-11 18:57:49] [18:57:49] "GET /api/stats HTTP/1.1" 200 -
[2026-09-11 18:57:49] 
[2026-09-11 18:58:21] [GET] /api/stats cookie=***
[2026-09-11 18:58:21] 
[2026-09-11 18:58:21] [18:58:21] "GET /api/stats HTTP/1.1" 200 -
[2026-09-11 18:58:21] 
[2026-09-11 18:59:32] [GET] /api/stats cookie=***
[2026-09-11 18:59:32] 
[2026-09-11 18:59:32] [18:59:32] "GET /api/stats HTTP/1.1" 200 -
[2026-09-11 18:59:32] 
[2026-09-11 19:00:43] [GET] /api/stats cookie=***
[2026-09-11 19:00:43] 
[2026-09-11 19:00:43] [19:00:43] "GET /api/stats HTTP/1.1" 200 -
[2026-09-11 19:00:43] 
[2026-09-11 19:01:36] [GET] /api/stats cookie=***
[2026-09-11 19:01:36] 
[2026-09-11 19:01:36] [19:01:36] "GET /api/stats HTTP/1.1" 200 -
[2026-09-11 19:01:36] 
[2026-09-11 19:01:37] [GET]  cookie=***
[2026-09-11 19:01:37] 
[2026-09-11 19:01:37] [19:01:37] "GET / HTTP/1.1" 200 -
[2026-09-11 19:01:37] 
[2026-09-11 19:01:37] [GET] /xlsx.full.min.js cookie=***
[2026-09-11 19:01:37] 
[2026-09-11 19:01:37] [19:01:37] "GET /xlsx.full.min.js HTTP/1.1" 200 -
[2026-09-11 19:01:37] 
[2026-09-11 19:01:37] [GET] /api/auth/me cookie=***
[2026-09-11 19:01:37] 
[2026-09-11 19:01:37] [19:01:37] "GET /api/auth/me?t=1789124497760 HTTP/1.1" 200 -
[2026-09-11 19:01:37] 
[2026-09-11 19:01:37] [GET] /api/consume/import-log cookie=***
[2026-09-11 19:01:37] [GET] /api/users cookie=***
[2026-09-11 19:01:37] 
[2026-09-11 19:01:37] [GET] /api/settings cookie=***
[2026-09-11 19:01:37] [GET] /api/ops-log cookie=***
[2026-09-11 19:01:37] [GET] /api/stats cookie=***
[2026-09-11 19:01:37] 
[2026-09-11 19:01:37] 
[2026-09-11 19:01:37] 
[2026-09-11 19:01:37] 
[2026-09-11 19:01:37] [19:01:37] "GET /api/consume/import-log HTTP/1.1" 200 -
[2026-09-11 19:01:37] 
[2026-09-11 19:01:37] [19:01:37] "GET /api/settings HTTP/1.1" 200 -
[2026-09-11 19:01:37] 
[2026-09-11 19:01:37] [19:01:37] "GET /api/users HTTP/1.1" 200 -
[2026-09-11 19:01:37] 
[2026-09-11 19:01:38] [19:01:38] "GET /api/ops-log HTTP/1.1" 200 -
[2026-09-11 19:01:38] 
[2026-09-11 19:01:38] [19:01:38] "GET /api/stats?_t=1789124497865 HTTP/1.1" 200 -
[2026-09-11 19:01:38] 
[2026-09-11 19:01:38] [GET] /api/health cookie=***
[2026-09-11 19:01:38] 
[2026-09-11 19:01:38] [19:01:38] "GET /api/health HTTP/1.1" 200 -
[2026-09-11 19:01:38] 
[2026-09-11 19:01:38] [GET] /api/mapping cookie=***
[2026-09-11 19:01:38] [GET] /api/recharge cookie=***
[2026-09-11 19:01:38] [GET] /api/payment cookie=***
[2026-09-11 19:01:38] 
[2026-09-11 19:01:38] 
[2026-09-11 19:01:38] [GET] /api/refund cookie=***
[2026-09-11 19:01:38] [GET] /api/client_status cookie=***
[2026-09-11 19:01:38] 
[2026-09-11 19:01:38] 
[2026-09-11 19:01:38] [GET] /api/consume cookie=***
[2026-09-11 19:01:38] 
[2026-09-11 19:01:38] 
[2026-09-11 19:01:38] [19:01:38] "GET /api/payment HTTP/1.1" 200 -
[2026-09-11 19:01:38] 
[2026-09-11 19:01:38] [19:01:38] "GET /api/mapping HTTP/1.1" 200 -
[2026-09-11 19:01:38] 
[2026-09-11 19:01:38] [19:01:38] "GET /api/client_status HTTP/1.1" 200 -
[2026-09-11 19:01:38] 
[2026-09-11 19:01:38] [GET] /api/service-fee cookie=***
[2026-09-11 19:01:38] 
[2026-09-11 19:01:38] [19:01:38] "GET /api/refund HTTP/1.1" 200 -
[2026-09-11 19:01:38] 
[2026-09-11 19:01:38] [GET] /api/meta/tokens cookie=***
[2026-09-11 19:01:38] 
[2026-09-11 19:01:38] [GET] /api/meta/auto-sync-cfg cookie=***
[2026-09-11 19:01:38] 
[2026-09-11 19:01:38] [19:01:38] "GET /api/consume HTTP/1.1" 200 -
[2026-09-11 19:01:38] 
[2026-09-11 19:01:38] [19:01:38] "GET /api/meta/tokens HTTP/1.1" 200 -
[2026-09-11 19:01:38] 
[2026-09-11 19:01:38] [19:01:38] "GET /api/meta/auto-sync-cfg HTTP/1.1" 200 -
[2026-09-11 19:01:38] [19:01:38] "GET /api/service-fee HTTP/1.1" 200 -
[2026-09-11 19:01:38] 
[2026-09-11 19:01:38] 
[2026-09-11 19:01:38] [19:01:38] "GET /api/recharge HTTP/1.1" 200 -
[2026-09-11 19:01:38] 
[2026-09-11 19:01:39] [GET] /api/stats cookie=***
[2026-09-11 19:01:39] 
[2026-09-11 19:01:39] [GET] /api/consume/stats cookie=***
[2026-09-11 19:01:39] 
[2026-09-11 19:01:39] [19:01:39] "GET /api/stats HTTP/1.1" 200 -
[2026-09-11 19:01:39] 
[2026-09-11 19:01:40] [刷新匹配] 保留 10872 条, 更新了 0 条
[2026-09-11 19:01:40] 
[2026-09-11 19:01:40] [GET] /api/health cookie=***
[2026-09-11 19:01:40] 
[2026-09-11 19:01:40] [19:01:40] "GET /api/health HTTP/1.1" 200 -
[2026-09-11 19:01:40] 
[2026-09-11 19:01:40] [GET] /api/mapping cookie=***
[2026-09-11 19:01:40] 
[2026-09-11 19:01:40] [GET] /api/recharge cookie=***
[2026-09-11 19:01:40] 
[2026-09-11 19:01:40] [GET] /api/payment cookie=***
[2026-09-11 19:01:40] 
[2026-09-11 19:01:40] [GET] /api/client_status cookie=***
[2026-09-11 19:01:40] [GET] /api/refund cookie=***
[2026-09-11 19:01:40] 
[2026-09-11 19:01:40] 
[2026-09-11 19:01:40] [19:01:40] "GET /api/mapping HTTP/1.1" 200 -
[2026-09-11 19:01:40] 
[2026-09-11 19:01:40] [GET] /api/consume cookie=***
[2026-09-11 19:01:40] 
[2026-09-11 19:01:40] [19:01:40] "GET /api/payment HTTP/1.1" 200 -
[2026-09-11 19:01:40] 
[2026-09-11 19:01:40] [GET] /api/service-fee cookie=***
[2026-09-11 19:01:40] 
[2026-09-11 19:01:40] [19:01:40] "GET /api/client_status HTTP/1.1" 200 -
[2026-09-11 19:01:40] 
[2026-09-11 19:01:40] [19:01:40] "GET /api/refund HTTP/1.1" 200 -
[2026-09-11 19:01:40] 
[2026-09-11 19:01:40] [19:01:40] "GET /api/service-fee HTTP/1.1" 200 -
[2026-09-11 19:01:40] 
[2026-09-11 19:01:41] [19:01:41] "GET /api/consume HTTP/1.1" 200 -
[2026-09-11 19:01:41] 
[2026-09-11 19:01:41] [19:01:41] "GET /api/recharge HTTP/1.1" 200 -
[2026-09-11 19:01:41] 
[2026-09-11 19:01:42] [GET] /api/stats cookie=***
[2026-09-11 19:01:42] 
[2026-09-11 19:01:42] [19:01:42] "GET /api/consume/stats HTTP/1.1" 200 -
[2026-09-11 19:01:42] 
[2026-09-11 19:01:42] [GET] /api/consume/stats cookie=***
[2026-09-11 19:01:42] 
[2026-09-11 19:01:42] [19:01:42] "GET /api/stats HTTP/1.1" 200 -
[2026-09-11 19:01:42] 
[2026-09-11 19:01:42] [19:01:42] "GET /api/consume/stats HTTP/1.1" 200 -
[2026-09-11 19:01:42] 
[2026-09-11 19:01:43] [GET]  cookie=***
[2026-09-11 19:01:43] 
[2026-09-11 19:01:43] [19:01:43] "GET / HTTP/1.1" 200 -
[2026-09-11 19:01:43] 
[2026-09-11 19:01:43] [GET] /xlsx.full.min.js cookie=***
[2026-09-11 19:01:43] 
[2026-09-11 19:01:43] [19:01:43] "GET /xlsx.full.min.js HTTP/1.1" 200 -
[2026-09-11 19:01:43] 
[2026-09-11 19:01:43] [GET] /api/auth/me cookie=***
[2026-09-11 19:01:43] 
[2026-09-11 19:01:43] [19:01:43] "GET /api/auth/me?t=1789124503849 HTTP/1.1" 200 -
[2026-09-11 19:01:43] 
[2026-09-11 19:01:43] [GET] /api/consume/import-log cookie=***
[2026-09-11 19:01:43] 
[2026-09-11 19:01:43] [GET] /api/users cookie=***
[2026-09-11 19:01:43] 
[2026-09-11 19:01:43] [GET] /api/settings cookie=***
[2026-09-11 19:01:43] 
[2026-09-11 19:01:43] [GET] /api/ops-log cookie=***
[2026-09-11 19:01:43] 
[2026-09-11 19:01:43] [19:01:43] "GET /api/consume/import-log HTTP/1.1" 200 -
[2026-09-11 19:01:43] 
[2026-09-11 19:01:43] [GET] /api/stats cookie=***
[2026-09-11 19:01:43] 
[2026-09-11 19:01:43] [19:01:43] "GET /api/users HTTP/1.1" 200 -
[2026-09-11 19:01:43] 
[2026-09-11 19:01:43] [19:01:43] "GET /api/settings HTTP/1.1" 200 -
[2026-09-11 19:01:43] 
[2026-09-11 19:01:43] [19:01:43] "GET /api/ops-log HTTP/1.1" 200 -
[2026-09-11 19:01:43] 
[2026-09-11 19:01:44] [19:01:44] "GET /api/stats?_t=1789124503860 HTTP/1.1" 200 -
[2026-09-11 19:01:44] 
[2026-09-11 19:01:44] [GET] /api/health cookie=***
[2026-09-11 19:01:44] 
[2026-09-11 19:01:44] [19:01:44] "GET /api/health HTTP/1.1" 200 -
[2026-09-11 19:01:44] 
[2026-09-11 19:01:44] [GET] /api/mapping cookie=***
[2026-09-11 19:01:44] 
[2026-09-11 19:01:44] [GET] /api/recharge cookie=***
[2026-09-11 19:01:44] 
[2026-09-11 19:01:44] [GET] /api/payment cookie=***
[2026-09-11 19:01:44] [GET] /api/refund cookie=***
[2026-09-11 19:01:44] [GET] /api/client_status cookie=***
[2026-09-11 19:01:44] 
[2026-09-11 19:01:44] [GET] /api/consume cookie=***
[2026-09-11 19:01:44] 
[2026-09-11 19:01:44] 
[2026-09-11 19:01:44] 
[2026-09-11 19:01:44] [19:01:44] "GET /api/mapping HTTP/1.1" 200 -
[2026-09-11 19:01:44] 
[2026-09-11 19:01:44] [GET] /api/service-fee cookie=***
[2026-09-11 19:01:44] 
[2026-09-11 19:01:44] [19:01:44] "GET /api/payment HTTP/1.1" 200 -
[2026-09-11 19:01:44] 
[2026-09-11 19:01:44] [19:01:44] "GET /api/refund HTTP/1.1" 200 -
[2026-09-11 19:01:44] 
[2026-09-11 19:01:44] [GET] /api/meta/tokens cookie=***
[2026-09-11 19:01:44] 
[2026-09-11 19:01:44] [19:01:44] "GET /api/client_status HTTP/1.1" 200 -
[2026-09-11 19:01:44] 
[2026-09-11 19:01:44] [GET] /api/meta/auto-sync-cfg cookie=***
[2026-09-11 19:01:44] 
[2026-09-11 19:01:44] [19:01:44] "GET /api/service-fee HTTP/1.1" 200 -
[2026-09-11 19:01:44] [19:01:44] "GET /api/meta/tokens HTTP/1.1" 200 -
[2026-09-11 19:01:44] 
[2026-09-11 19:01:44] 
[2026-09-11 19:01:44] [19:01:44] "GET /api/meta/auto-sync-cfg HTTP/1.1" 200 -
[2026-09-11 19:01:44] 
[2026-09-11 19:01:44] [19:01:44] "GET /api/recharge HTTP/1.1" 200 -
[2026-09-11 19:01:44] 
[2026-09-11 19:01:44] [19:01:44] "GET /api/consume HTTP/1.1" 200 -
[2026-09-11 19:01:44] 
[2026-09-11 19:01:45] [GET] /api/stats cookie=***
[2026-09-11 19:01:45] [GET] /api/consume/stats cookie=***
[2026-09-11 19:01:45] 
[2026-09-11 19:01:45] 
[2026-09-11 19:01:45] [19:01:45] "GET /api/consume/stats HTTP/1.1" 200 -
[2026-09-11 19:01:45] 
[2026-09-11 19:01:45] [19:01:45] "GET /api/stats HTTP/1.1" 200 -
[2026-09-11 19:01:45] 
[2026-09-11 19:01:53] [GET]  cookie=***
[2026-09-11 19:01:53] 
[2026-09-11 19:01:53] [19:01:53] "GET / HTTP/1.1" 200 -
[2026-09-11 19:01:53] 
[2026-09-11 19:01:53] [GET] /xlsx.full.min.js cookie=***
[2026-09-11 19:01:53] 
[2026-09-11 19:01:53] [19:01:53] "GET /xlsx.full.min.js HTTP/1.1" 200 -
[2026-09-11 19:01:53] 
[2026-09-11 19:01:53] [GET] /api/auth/me cookie=***
[2026-09-11 19:01:53] 
[2026-09-11 19:01:53] [19:01:53] "GET /api/auth/me?t=1789124513343 HTTP/1.1" 200 -
[2026-09-11 19:01:53] 
[2026-09-11 19:01:53] [GET] /api/users cookie=***
[2026-09-11 19:01:53] 
[2026-09-11 19:01:53] [GET] /api/settings cookie=***
[2026-09-11 19:01:53] [GET] /api/consume/import-log cookie=***
[2026-09-11 19:01:53] 
[2026-09-11 19:01:53] [GET] /api/ops-log cookie=***
[2026-09-11 19:01:53] [GET] /api/stats cookie=***
[2026-09-11 19:01:53] 
[2026-09-11 19:01:53] 
[2026-09-11 19:01:53] [19:01:53] "GET /api/users HTTP/1.1" 200 -
[2026-09-11 19:01:53] 
[2026-09-11 19:01:53] 
[2026-09-11 19:01:53] [19:01:53] "GET /api/settings HTTP/1.1" 200 -
[2026-09-11 19:01:53] 
[2026-09-11 19:01:53] [19:01:53] "GET /api/consume/import-log HTTP/1.1" 200 -
[2026-09-11 19:01:53] 
[2026-09-11 19:01:53] [19:01:53] "GET /api/ops-log HTTP/1.1" 200 -
[2026-09-11 19:01:53] 
[2026-09-11 19:01:53] [19:01:53] "GET /api/stats?_t=1789124513373 HTTP/1.1" 200 -
[2026-09-11 19:01:53] 
[2026-09-11 19:01:53] [GET] /api/health cookie=***
[2026-09-11 19:01:53] 
[2026-09-11 19:01:53] [19:01:53] "GET /api/health HTTP/1.1" 200 -
[2026-09-11 19:01:53] 
[2026-09-11 19:01:53] [GET] /api/mapping cookie=***
[2026-09-11 19:01:53] [GET] /api/recharge cookie=***
[2026-09-11 19:01:53] 
[2026-09-11 19:01:53] 
[2026-09-11 19:01:53] [GET] /api/refund cookie=***
[2026-09-11 19:01:53] [GET] /api/client_status cookie=***
[2026-09-11 19:01:53] 
[2026-09-11 19:01:53] [GET] /api/consume cookie=***
[2026-09-11 19:01:53] 
[2026-09-11 19:01:53] 
[2026-09-11 19:01:53] [GET] /api/payment cookie=***
[2026-09-11 19:01:53] 
[2026-09-11 19:01:53] [19:01:53] "GET /api/refund HTTP/1.1" 200 -
[2026-09-11 19:01:53] 
[2026-09-11 19:01:53] [19:01:53] "GET /api/mapping HTTP/1.1" 200 -
[2026-09-11 19:01:53] 
[2026-09-11 19:01:53] [GET] /api/service-fee cookie=***
[2026-09-11 19:01:53] [19:01:53] "GET /api/client_status HTTP/1.1" 200 -
[2026-09-11 19:01:53] 
[2026-09-11 19:01:54] [GET] /api/meta/tokens cookie=***
[2026-09-11 19:01:54] 
[2026-09-11 19:01:54] [19:01:54] "GET /api/payment HTTP/1.1" 200 -
[2026-09-11 19:01:54] 
[2026-09-11 19:01:54] [GET] /api/meta/auto-sync-cfg cookie=***
[2026-09-11 19:01:54] 
[2026-09-11 19:01:54] 
[2026-09-11 19:01:54] [19:01:54] "GET /api/consume HTTP/1.1" 200 -
[2026-09-11 19:01:54] 
[2026-09-11 19:01:54] [19:01:54] "GET /api/service-fee HTTP/1.1" 200 -
[2026-09-11 19:01:54] 
[2026-09-11 19:01:54] [19:01:54] "GET /api/meta/tokens HTTP/1.1" 200 -
[2026-09-11 19:01:54] 
[2026-09-11 19:01:54] [19:01:54] "GET /api/meta/auto-sync-cfg HTTP/1.1" 200 -
[2026-09-11 19:01:54] 
[2026-09-11 19:01:54] [19:01:54] "GET /api/recharge HTTP/1.1" 200 -
[2026-09-11 19:01:54] 
[2026-09-11 19:01:55] [GET] /api/stats cookie=***
[2026-09-11 19:01:55] 
[2026-09-11 19:01:55] [GET] /api/consume/stats cookie=***
[2026-09-11 19:01:55] 
[2026-09-11 19:01:55] [19:01:55] "GET /api/consume/stats HTTP/1.1" 200 -
[2026-09-11 19:01:55] 
[2026-09-11 19:01:55] [19:01:55] "GET /api/stats HTTP/1.1" 200 -
[2026-09-11 19:01:55] 
[2026-09-11 19:02:02] [GET] /api/server-logs cookie=***
[2026-09-11 19:02:02] 
[2026-09-11 19:02:02] [19:02:02] "GET /api/server-logs?lines=200 HTTP/1.1" 200 -
[2026-09-11 19:02:02] 
[2026-09-11 19:02:17] [GET] /api/meta/tokens cookie=***
[2026-09-11 19:02:17] 
[2026-09-11 19:02:17] [19:02:17] "GET /api/meta/tokens HTTP/1.1" 200 -
[2026-09-11 19:02:17] 
[2026-09-11 19:02:19] [GET] /api/meta/tokens cookie=***
[2026-09-11 19:02:19] 
[2026-09-11 19:02:19] [19:02:19] "GET /api/meta/tokens HTTP/1.1" 200 -
[2026-09-11 19:02:19] 
[2026-09-11 19:02:25] [GET] /api/stats cookie=***
[2026-09-11 19:02:25] 
[2026-09-11 19:02:26] [19:02:26] "GET /api/stats HTTP/1.1" 200 -
[2026-09-11 19:02:26] 
[2026-09-11 19:02:55] [GET] /api/stats cookie=***
[2026-09-11 19:02:55] 
[2026-09-11 19:02:56] [19:02:56] "GET /api/stats HTTP/1.1" 200 -
[2026-09-11 19:02:56] 
[2026-09-11 19:03:25] [GET] /api/stats cookie=***
[2026-09-11 19:03:25] 
[2026-09-11 19:03:26] [19:03:26] "GET /api/stats HTTP/1.1" 200 -
[2026-09-11 19:03:26] 
[2026-09-11 19:03:55] [GET] /api/stats cookie=***
[2026-09-11 19:03:55] 
[2026-09-11 19:03:56] [19:03:56] "GET /api/stats HTTP/1.1" 200 -
[2026-09-11 19:03:56] 
[2026-09-11 19:03:57] [GET] /api/health no-cookie
[2026-09-11 19:03:57] 
[2026-09-11 19:03:57] [19:03:57] "GET /api/health HTTP/1.1" 200 -
[2026-09-11 19:03:57] 
[2026-09-11 19:03:57] [POST] /api/auth/login no-cookie
[2026-09-11 19:03:57] 
[2026-09-11 19:03:57] [19:03:57] "POST /api/auth/login HTTP/1.1" 429 -
[2026-09-11 19:03:57] 
[2026-09-11 19:04:06] [POST] /api/auth/login no-cookie
[2026-09-11 19:04:06] 
[2026-09-11 19:04:06] [19:04:06] "POST /api/auth/login HTTP/1.1" 429 -
[2026-09-11 19:04:06] 
[2026-09-11 19:04:06] [POST] /api/auth/login no-cookie
[2026-09-11 19:04:06] 
[2026-09-11 19:04:07] [GET] /api/stats cookie=***
[2026-09-11 19:04:07] 
[2026-09-11 19:04:07] [19:04:07] "GET /api/stats?_t=1789124646 HTTP/1.1" 401 -
[2026-09-11 19:04:07] 
[2026-09-11 19:04:07] [19:04:07] "POST /api/auth/login HTTP/1.1" 429 -
[2026-09-11 19:04:07] 
[2026-09-11 19:04:07] [GET] /api/mapping cookie=***
[2026-09-11 19:04:07] 
[2026-09-11 19:04:07] [19:04:07] "GET /api/mapping?_t=1789124647 HTTP/1.1" 401 -
[2026-09-11 19:04:07] 
[2026-09-11 19:04:19] [POST] /api/auth/login no-cookie
[2026-09-11 19:04:19] 
[2026-09-11 19:04:19] [19:04:19] "POST /api/auth/login HTTP/1.1" 429 -
[2026-09-11 19:04:19] 
[2026-09-11 19:04:25] [GET] /api/stats cookie=***
[2026-09-11 19:04:25] 
[2026-09-11 19:04:26] [19:04:26] "GET /api/stats HTTP/1.1" 200 -
[2026-09-11 19:04:26] 
[2026-09-11 19:04:28] [POST] /api/auth/login no-cookie
[2026-09-11 19:04:28] 
[2026-09-11 19:04:28] [19:04:28] "POST /api/auth/login HTTP/1.1" 429 -
[2026-09-11 19:04:28] 
[2026-09-11 19:04:29] [boot] 日志重定向已启用 -> /Users/mac/Library/Application Support/TRAE SOLO CN/ModularData/ai-agent/work-mode-projects/6aa2769ead555511aa7a9041/fb_project/FB广告账户管理系统 v3.911/data/server.log
[2026-09-11 19:04:29] 
[2026-09-11 19:04:29] =======================================================
[2026-09-11 19:04:29] 
[2026-09-11 19:04:29]   FB 广告账户管理系统 v4 · 单机完整版
[2026-09-11 19:04:29] 
[2026-09-11 19:04:29]   地址: http://localhost:8765
[2026-09-11 19:04:29] 
[2026-09-11 19:04:29]   数据目录: /Users/mac/Library/Application Support/TRAE SOLO CN/ModularData/ai-agent/work-mode-projects/6aa2769ead555511aa7a9041/fb_project/FB广告账户管理系统 v3.911/data
[2026-09-11 19:04:29] 
[2026-09-11 19:04:29]   默认账号: admin / admin123456
[2026-09-11 19:04:29] 
[2026-09-11 19:04:29]   按 Ctrl+C 停止
[2026-09-11 19:04:29] 
[2026-09-11 19:04:29] =======================================================
[2026-09-11 19:04:29] 
[2026-09-11 19:04:31] [POST] /api/auth/login no-cookie
[2026-09-11 19:04:31] 
[2026-09-11 19:04:31] [19:04:31] "POST /api/auth/login HTTP/1.1" 200 -
[2026-09-11 19:04:31] 
[2026-09-11 19:04:43] [POST] /api/auth/login no-cookie
[2026-09-11 19:04:43] 
[2026-09-11 19:04:43] [19:04:43] "POST /api/auth/login HTTP/1.1" 200 -
[2026-09-11 19:04:43] 
[2026-09-11 19:04:44] [POST] /api/auth/login no-cookie
[2026-09-11 19:04:44] 
[2026-09-11 19:04:44] [19:04:44] "POST /api/auth/login HTTP/1.1" 200 -
[2026-09-11 19:04:44] 
[2026-09-11 19:04:44] [GET] /api/health cookie=***
[2026-09-11 19:04:44] 
[2026-09-11 19:04:44] [19:04:44] "GET /api/health HTTP/1.1" 200 -
[2026-09-11 19:04:44] 
[2026-09-11 19:04:44] [GET] /api/auth/me cookie=***
[2026-09-11 19:04:44] 
[2026-09-11 19:04:44] [19:04:44] "GET /api/auth/me HTTP/1.1" 200 -
[2026-09-11 19:04:44] 
[2026-09-11 19:04:44] [GET] /api/mapping cookie=***
[2026-09-11 19:04:44] 
[2026-09-11 19:04:44] [19:04:44] "GET /api/mapping HTTP/1.1" 200 -
[2026-09-11 19:04:44] 
[2026-09-11 19:04:44] [GET] /api/recharge cookie=***
[2026-09-11 19:04:44] 
[2026-09-11 19:04:44] [19:04:44] "GET /api/recharge HTTP/1.1" 200 -
[2026-09-11 19:04:44] 
[2026-09-11 19:04:44] [GET] /api/payment cookie=***
[2026-09-11 19:04:44] 
[2026-09-11 19:04:44] [19:04:44] "GET /api/payment HTTP/1.1" 200 -
[2026-09-11 19:04:44] 
[2026-09-11 19:04:44] [GET] /api/refund cookie=***
[2026-09-11 19:04:44] 
[2026-09-11 19:04:44] [19:04:44] "GET /api/refund HTTP/1.1" 200 -
[2026-09-11 19:04:44] 
[2026-09-11 19:04:44] [GET] /api/client_status cookie=***
[2026-09-11 19:04:44] 
[2026-09-11 19:04:44] [19:04:44] "GET /api/client_status HTTP/1.1" 200 -
[2026-09-11 19:04:44] 
[2026-09-11 19:04:44] [GET] /api/service-fee cookie=***
[2026-09-11 19:04:44] 
[2026-09-11 19:04:44] [19:04:44] "GET /api/service-fee HTTP/1.1" 200 -
[2026-09-11 19:04:44] 
[2026-09-11 19:04:44] [GET] /api/consume cookie=***
[2026-09-11 19:04:44] 
[2026-09-11 19:04:44] [19:04:44] "GET /api/consume HTTP/1.1" 200 -
[2026-09-11 19:04:44] 
[2026-09-11 19:04:44] [GET] /api/consume/stats cookie=***
[2026-09-11 19:04:44] 
[2026-09-11 19:04:45] [刷新匹配] 保留 10872 条, 更新了 0 条
[2026-09-11 19:04:45] 
[2026-09-11 19:04:46] [19:04:46] "GET /api/consume/stats HTTP/1.1" 200 -
[2026-09-11 19:04:46] 
[2026-09-11 19:04:46] [GET] /api/users cookie=***
[2026-09-11 19:04:46] 
[2026-09-11 19:04:46] [19:04:46] "GET /api/users HTTP/1.1" 200 -
[2026-09-11 19:04:46] 
[2026-09-11 19:04:46] [GET] /api/settings cookie=***
[2026-09-11 19:04:46] 
[2026-09-11 19:04:46] [19:04:46] "GET /api/settings HTTP/1.1" 200 -
[2026-09-11 19:04:46] 
[2026-09-11 19:04:46] [GET] /api/ops-log cookie=***
[2026-09-11 19:04:46] 
[2026-09-11 19:04:46] [19:04:46] "GET /api/ops-log HTTP/1.1" 200 -
[2026-09-11 19:04:46] 
[2026-09-11 19:04:46] [GET] /api/meta/tokens cookie=***
[2026-09-11 19:04:46] 
[2026-09-11 19:04:46] [19:04:46] "GET /api/meta/tokens HTTP/1.1" 200 -
[2026-09-11 19:04:46] 
[2026-09-11 19:04:46] [GET] /api/server-logs cookie=***
[2026-09-11 19:04:46] 
[2026-09-11 19:04:46] [19:04:46] "GET /api/server-logs?lines=3 HTTP/1.1" 200 -
[2026-09-11 19:04:46] 
[2026-09-11 19:04:53] [POST] /api/auth/login no-cookie
[2026-09-11 19:04:53] 
[2026-09-11 19:04:53] [19:04:53] "POST /api/auth/login HTTP/1.1" 200 -
[2026-09-11 19:04:53] 
[2026-09-11 19:04:53] [GET] /api/mapping cookie=***
[2026-09-11 19:04:53] 
[2026-09-11 19:04:53] [19:04:53] "GET /api/mapping HTTP/1.1" 200 -
[2026-09-11 19:04:53] 
[2026-09-11 19:04:53] [GET] /api/recharge cookie=***
[2026-09-11 19:04:53] 
[2026-09-11 19:04:53] [19:04:53] "GET /api/recharge HTTP/1.1" 200 -
[2026-09-11 19:04:53] 
[2026-09-11 19:04:54] [GET] /api/payment cookie=***
[2026-09-11 19:04:54] 
[2026-09-11 19:04:54] [19:04:54] "GET /api/payment HTTP/1.1" 200 -
[2026-09-11 19:04:54] 
[2026-09-11 19:04:54] [GET] /api/refund cookie=***
[2026-09-11 19:04:54] 
[2026-09-11 19:04:54] [19:04:54] "GET /api/refund HTTP/1.1" 200 -
[2026-09-11 19:04:54] 
[2026-09-11 19:04:54] [GET] /api/service-fee cookie=***
[2026-09-11 19:04:54] 
[2026-09-11 19:04:54] [19:04:54] "GET /api/service-fee HTTP/1.1" 200 -
[2026-09-11 19:04:54] 
[2026-09-11 19:04:54] [GET] /api/users cookie=***
[2026-09-11 19:04:54] 
[2026-09-11 19:04:54] [19:04:54] "GET /api/users HTTP/1.1" 200 -
[2026-09-11 19:04:54] 
[2026-09-11 19:04:54] [GET] /api/ops-log cookie=***
[2026-09-11 19:04:54] 
[2026-09-11 19:04:54] [19:04:54] "GET /api/ops-log HTTP/1.1" 200 -
[2026-09-11 19:04:54] 
[2026-09-11 19:04:55] [GET] /api/stats cookie=***
[2026-09-11 19:04:55] 
[2026-09-11 19:04:56] [19:04:56] "GET /api/stats HTTP/1.1" 200 -
[2026-09-11 19:04:56] 
[2026-09-11 19:05:25] [GET] /api/stats cookie=***
[2026-09-11 19:05:25] 
[2026-09-11 19:05:26] [19:05:26] "GET /api/stats HTTP/1.1" 200 -
[2026-09-11 19:05:26] 
[2026-09-11 19:05:55] [GET] /api/stats cookie=***
[2026-09-11 19:05:55] 
[2026-09-11 19:05:56] [19:05:56] "GET /api/stats HTTP/1.1" 200 -
[2026-09-11 19:05:56] 
[2026-09-11 19:06:25] [GET] /api/stats cookie=***
[2026-09-11 19:06:25] 
[2026-09-11 19:06:26] [19:06:26] "GET /api/stats HTTP/1.1" 200 -
[2026-09-11 19:06:26] 
[2026-09-11 19:06:55] [GET] /api/stats cookie=***
[2026-09-11 19:06:55] 
[2026-09-11 19:06:56] [19:06:56] "GET /api/stats HTTP/1.1" 200 -
[2026-09-11 19:06:56] 
[2026-09-11 19:07:25] [GET] /api/stats cookie=***
[2026-09-11 19:07:25] 
[2026-09-11 19:07:26] [19:07:26] "GET /api/stats HTTP/1.1" 200 -
[2026-09-11 19:07:26] 
[2026-09-11 19:07:55] [GET] /api/stats cookie=***
[2026-09-11 19:07:55] 
[2026-09-11 19:07:56] [19:07:56] "GET /api/stats HTTP/1.1" 200 -
[2026-09-11 19:07:56] 
[2026-09-11 19:08:25] [GET] /api/stats cookie=***
[2026-09-11 19:08:25] 
[2026-09-11 19:08:26] [19:08:26] "GET /api/stats HTTP/1.1" 200 -
[2026-09-11 19:08:26] 
[2026-09-11 19:08:55] [GET] /api/stats cookie=***
[2026-09-11 19:08:55] 
[2026-09-11 19:08:56] [19:08:56] "GET /api/stats HTTP/1.1" 200 -
[2026-09-11 19:08:56] 
[2026-09-11 19:09:25] [GET] /api/stats cookie=***
[2026-09-11 19:09:25] 
[2026-09-11 19:09:26] [19:09:26] "GET /api/stats HTTP/1.1" 200 -
[2026-09-11 19:09:26] 
[2026-09-11 19:09:55] [GET] /api/stats cookie=***
[2026-09-11 19:09:55] 
[2026-09-11 19:09:56] [19:09:56] "GET /api/stats HTTP/1.1" 200 -
[2026-09-11 19:09:56] 
[2026-09-11 19:10:25] [GET] /api/stats cookie=***
[2026-09-11 19:10:25] 
[2026-09-11 19:10:26] [19:10:26] "GET /api/stats HTTP/1.1" 200 -
[2026-09-11 19:10:26] 
[2026-09-11 19:10:55] [GET] /api/stats cookie=***
[2026-09-11 19:10:55] 
[2026-09-11 19:10:56] [19:10:56] "GET /api/stats HTTP/1.1" 200 -
[2026-09-11 19:10:56] 
[2026-09-11 19:11:25] [GET] /api/stats cookie=***
[2026-09-11 19:11:25] 
[2026-09-11 19:11:26] [19:11:26] "GET /api/stats HTTP/1.1" 200 -
[2026-09-11 19:11:26] 
[2026-09-11 19:11:55] [GET] /api/stats cookie=***
[2026-09-11 19:11:55] 
[2026-09-11 19:11:56] [19:11:56] "GET /api/stats HTTP/1.1" 200 -
[2026-09-11 19:11:56] 
[2026-09-11 19:12:25] [GET] /api/stats cookie=***
[2026-09-11 19:12:25] 
[2026-09-11 19:12:26] [19:12:26] "GET /api/stats HTTP/1.1" 200 -
[2026-09-11 19:12:26] 
[2026-09-11 19:12:55] [GET] /api/stats cookie=***
[2026-09-11 19:12:55] 
[2026-09-11 19:12:56] [19:12:56] "GET /api/stats HTTP/1.1" 200 -
[2026-09-11 19:12:56] 
[2026-09-11 19:13:25] [GET] /api/stats cookie=***
[2026-09-11 19:13:25] 
[2026-09-11 19:13:26] [19:13:26] "GET /api/stats HTTP/1.1" 200 -
[2026-09-11 19:13:26] 
[2026-09-11 19:14:02] [GET] /api/stats cookie=***
[2026-09-11 19:14:02] 
[2026-09-11 19:14:02] [19:14:02] "GET /api/stats HTTP/1.1" 200 -
[2026-09-11 19:14:02] 
[2026-09-11 19:14:36] [GET] /api/stats cookie=***
[2026-09-11 19:14:36] 
[2026-09-11 19:14:36] [19:14:36] "GET /api/stats HTTP/1.1" 200 -
[2026-09-11 19:14:36] 
[2026-09-11 19:15:47] [GET] /api/stats cookie=***
[2026-09-11 19:15:47] 
[2026-09-11 19:15:47] [19:15:47] "GET /api/stats HTTP/1.1" 200 -
[2026-09-11 19:15:47] 
[2026-09-11 19:16:49] [GET] /api/stats cookie=***
[2026-09-11 19:16:49] 
[2026-09-11 19:16:49] [19:16:49] "GET /api/stats HTTP/1.1" 200 -
[2026-09-11 19:16:49] 
[2026-09-11 19:17:46] [GET] /api/stats cookie=***
[2026-09-11 19:17:46] 
[2026-09-11 19:17:46] [19:17:46] "GET /api/stats HTTP/1.1" 200 -
[2026-09-11 19:17:46] 
[2026-09-11 19:18:46] [GET] /api/stats cookie=***
[2026-09-11 19:18:46] 
[2026-09-11 19:18:46] [19:18:46] "GET /api/stats HTTP/1.1" 200 -
[2026-09-11 19:18:46] 
[2026-09-11 19:19:41] [GET] /api/stats cookie=***
[2026-09-11 19:19:41] 
[2026-09-11 19:19:41] [19:19:41] "GET /api/stats HTTP/1.1" 200 -
[2026-09-11 19:19:41] 
[2026-09-11 19:20:41] [GET] /api/stats cookie=***
[2026-09-11 19:20:41] 
[2026-09-11 19:20:41] [19:20:41] "GET /api/stats HTTP/1.1" 200 -
[2026-09-11 19:20:41] 
[2026-09-11 19:21:49] [GET] /api/stats cookie=***
[2026-09-11 19:21:49] 
[2026-09-11 19:21:50] [19:21:50] "GET /api/stats HTTP/1.1" 200 -
[2026-09-11 19:21:50] 
[2026-09-11 19:22:46] [GET] /api/stats cookie=***
[2026-09-11 19:22:46] 
[2026-09-11 19:22:46] [19:22:46] "GET /api/stats HTTP/1.1" 200 -
[2026-09-11 19:22:46] 
[2026-09-11 19:23:41] [GET] /api/stats cookie=***
[2026-09-11 19:23:41] 
[2026-09-11 19:23:41] [19:23:41] "GET /api/stats HTTP/1.1" 200 -
[2026-09-11 19:23:41] 
[2026-09-11 19:28:57] [GET] /api/stats cookie=***
[2026-09-11 19:28:57] 
[2026-09-11 19:28:58] [19:28:58] "GET /api/stats HTTP/1.1" 200 -
[2026-09-11 19:28:58] 
[2026-09-11 19:29:57] [GET] /api/stats cookie=***
[2026-09-11 19:29:57] 
[2026-09-11 19:29:58] [19:29:58] "GET /api/stats HTTP/1.1" 200 -
[2026-09-11 19:29:58] 
[2026-09-11 19:30:57] [GET] /api/stats cookie=***
[2026-09-11 19:30:57] 
[2026-09-11 19:30:58] [19:30:58] "GET /api/stats HTTP/1.1" 200 -
[2026-09-11 19:30:58] 
[2026-09-11 19:31:57] [GET] /api/stats cookie=***
[2026-09-11 19:31:57] 
[2026-09-11 19:31:58] [19:31:58] "GET /api/stats HTTP/1.1" 200 -
[2026-09-11 19:31:58] 
[2026-09-11 19:32:57] [GET] /api/stats cookie=***
[2026-09-11 19:32:57] 
[2026-09-11 19:32:58] [19:32:58] "GET /api/stats HTTP/1.1" 200 -
[2026-09-11 19:32:58] 
[2026-09-11 19:33:57] [GET] /api/stats cookie=***
[2026-09-11 19:33:57] 
[2026-09-11 19:33:58] [19:33:58] "GET /api/stats HTTP/1.1" 200 -
[2026-09-11 19:33:58] 
[2026-09-11 19:34:57] [GET] /api/stats cookie=***
[2026-09-11 19:34:57] 
[2026-09-11 19:34:58] [19:34:58] "GET /api/stats HTTP/1.1" 200 -
[2026-09-11 19:34:58] 
[2026-09-11 19:35:57] [GET] /api/stats cookie=***
[2026-09-11 19:35:57] 
[2026-09-11 19:35:58] [19:35:58] "GET /api/stats HTTP/1.1" 200 -
[2026-09-11 19:35:58] 
[2026-09-11 19:36:57] [GET] /api/stats cookie=***
[2026-09-11 19:36:57] 
[2026-09-11 19:36:58] [19:36:58] "GET /api/stats HTTP/1.1" 200 -
[2026-09-11 19:36:58] 
[2026-09-11 19:37:58] [GET] /api/stats cookie=***
[2026-09-11 19:37:58] 
[2026-09-11 19:37:59] [19:37:59] "GET /api/stats HTTP/1.1" 200 -
[2026-09-11 19:37:59] 
[2026-09-11 19:38:57] [GET] /api/stats cookie=***
[2026-09-11 19:38:57] 
[2026-09-11 19:38:58] [19:38:58] "GET /api/stats HTTP/1.1" 200 -
[2026-09-11 19:38:58] 
[2026-09-11 19:39:58] [GET] /api/stats cookie=***
[2026-09-11 19:39:58] 
[2026-09-11 19:39:58] [19:39:58] "GET /api/stats HTTP/1.1" 200 -
[2026-09-11 19:39:58] 
[2026-09-11 19:40:58] [GET] /api/stats cookie=***
[2026-09-11 19:40:58] 
[2026-09-11 19:40:58] [19:40:58] "GET /api/stats HTTP/1.1" 200 -
[2026-09-11 19:40:58] 
[2026-09-11 19:41:33] [GET] /api/stats cookie=***
[2026-09-11 19:41:33] 
[2026-09-11 19:41:34] [19:41:34] "GET /api/stats HTTP/1.1" 200 -
[2026-09-11 19:41:34] 
[2026-09-11 19:41:35] [GET]  cookie=***
[2026-09-11 19:41:35] 
[2026-09-11 19:41:36] [19:41:36] "GET / HTTP/1.1" 200 -
[2026-09-11 19:41:36] 
[2026-09-11 19:41:36] [GET] /xlsx.full.min.js cookie=***
[2026-09-11 19:41:36] 
[2026-09-11 19:41:36] [19:41:36] "GET /xlsx.full.min.js HTTP/1.1" 200 -
[2026-09-11 19:41:36] 
[2026-09-11 19:41:36] [GET] /api/auth/me cookie=***
[2026-09-11 19:41:36] 
[2026-09-11 19:41:36] [19:41:36] "GET /api/auth/me?t=1789126896469 HTTP/1.1" 200 -
[2026-09-11 19:41:36] 
[2026-09-11 19:41:36] [GET] /api/consume/import-log cookie=***
[2026-09-11 19:41:36] 
[2026-09-11 19:41:36] [GET] /api/users cookie=***
[2026-09-11 19:41:36] 
[2026-09-11 19:41:36] [GET] /api/settings cookie=***
[2026-09-11 19:41:36] 
[2026-09-11 19:41:36] [GET] /api/ops-log cookie=***
[2026-09-11 19:41:36] 
[2026-09-11 19:41:36] [GET] /api/stats cookie=***
[2026-09-11 19:41:36] 
[2026-09-11 19:41:36] [19:41:36] "GET /api/consume/import-log HTTP/1.1" 200 -
[2026-09-11 19:41:36] 
[2026-09-11 19:41:36] [19:41:36] "GET /api/users HTTP/1.1" 200 -
[2026-09-11 19:41:36] 
[2026-09-11 19:41:36] [19:41:36] "GET /api/settings HTTP/1.1" 200 -
[2026-09-11 19:41:36] 
[2026-09-11 19:41:36] [19:41:36] "GET /api/ops-log HTTP/1.1" 200 -
[2026-09-11 19:41:36] 
[2026-09-11 19:41:37] [GET] /api/meta/tokens cookie=***
[2026-09-11 19:41:37] [GET] /api/meta/auto-sync-cfg cookie=***
[2026-09-11 19:41:37] 
[2026-09-11 19:41:37] [19:41:37] "GET /api/stats?_t=1789126896501 HTTP/1.1" 200 -
[2026-09-11 19:41:37] 
[2026-09-11 19:41:37] 
[2026-09-11 19:41:37] [19:41:37] "GET /api/meta/auto-sync-cfg HTTP/1.1" 200 -
[2026-09-11 19:41:37] 
[2026-09-11 19:41:37] [GET] /api/health cookie=***
[2026-09-11 19:41:37] 
[2026-09-11 19:41:37] [19:41:37] "GET /api/meta/tokens HTTP/1.1" 200 -
[2026-09-11 19:41:37] 
[2026-09-11 19:41:37] [19:41:37] "GET /api/health HTTP/1.1" 200 -
[2026-09-11 19:41:37] 
[2026-09-11 19:41:37] [GET] /api/mapping cookie=***
[2026-09-11 19:41:37] 
[2026-09-11 19:41:37] [GET] /api/recharge cookie=***
[2026-09-11 19:41:37] [GET] /api/payment cookie=***
[2026-09-11 19:41:37] [GET] /api/refund cookie=***
[2026-09-11 19:41:37] 
[2026-09-11 19:41:37] [GET] /api/consume cookie=***
[2026-09-11 19:41:37] 
[2026-09-11 19:41:37] [GET] /api/client_status cookie=***
[2026-09-11 19:41:37] 
[2026-09-11 19:41:37] 
[2026-09-11 19:41:37] 
[2026-09-11 19:41:37] [19:41:37] "GET /api/refund HTTP/1.1" 200 -
[2026-09-11 19:41:37] 
[2026-09-11 19:41:37] [19:41:37] "GET /api/payment HTTP/1.1" 200 -
[2026-09-11 19:41:37] 
[2026-09-11 19:41:37] [GET] /api/service-fee cookie=***
[2026-09-11 19:41:37] 
[2026-09-11 19:41:37] [19:41:37] "GET /api/mapping HTTP/1.1" 200 -
[2026-09-11 19:41:37] 
[2026-09-11 19:41:37] [19:41:37] "GET /api/client_status HTTP/1.1" 200 -
[2026-09-11 19:41:37] 
[2026-09-11 19:41:37] [19:41:37] "GET /api/service-fee HTTP/1.1" 200 -
[2026-09-11 19:41:37] 
[2026-09-11 19:41:37] [19:41:37] "GET /api/consume HTTP/1.1" 200 -
[2026-09-11 19:41:37] 
[2026-09-11 19:41:37] [19:41:37] "GET /api/recharge HTTP/1.1" 200 -
[2026-09-11 19:41:37] 
[2026-09-11 19:41:38] [GET] /api/stats cookie=***
[2026-09-11 19:41:38] 
[2026-09-11 19:41:38] [GET] /api/consume/stats cookie=***
[2026-09-11 19:41:38] 
[2026-09-11 19:41:39] [19:41:39] "GET /api/stats HTTP/1.1" 200 -
[2026-09-11 19:41:39] 
[2026-09-11 19:41:39] [19:41:39] "GET /api/consume/stats HTTP/1.1" 200 -
[2026-09-11 19:41:39] 
[2026-09-11 19:42:09] [GET] /api/stats cookie=***
[2026-09-11 19:42:09] 
[2026-09-11 19:42:10] [19:42:10] "GET /api/stats HTTP/1.1" 200 -
[2026-09-11 19:42:10] 
[2026-09-11 19:42:39] [GET] /api/stats cookie=***
[2026-09-11 19:42:39] 
[2026-09-11 19:42:40] [19:42:40] "GET /api/stats HTTP/1.1" 200 -
[2026-09-11 19:42:40] 
[2026-09-11 19:43:09] [GET] /api/stats cookie=***
[2026-09-11 19:43:09] 
[2026-09-11 19:43:10] [19:43:10] "GET /api/stats HTTP/1.1" 200 -
[2026-09-11 19:43:10] 
[2026-09-11 19:43:39] [GET] /api/stats cookie=***
[2026-09-11 19:43:39] 
[2026-09-11 19:43:40] [19:43:40] "GET /api/stats HTTP/1.1" 200 -
[2026-09-11 19:43:40] 
[2026-09-11 19:44:09] [GET] /api/stats cookie=***
[2026-09-11 19:44:09] 
[2026-09-11 19:44:10] [19:44:10] "GET /api/stats HTTP/1.1" 200 -
[2026-09-11 19:44:10] 
[2026-09-11 19:44:39] [GET] /api/stats cookie=***
[2026-09-11 19:44:39] 
[2026-09-11 19:44:40] [19:44:40] "GET /api/stats HTTP/1.1" 200 -
[2026-09-11 19:44:40] 
[2026-09-11 19:45:09] [GET] /api/stats cookie=***
[2026-09-11 19:45:09] 
[2026-09-11 19:45:10] [19:45:10] "GET /api/stats HTTP/1.1" 200 -
[2026-09-11 19:45:10] 
[2026-09-11 19:45:39] [GET] /api/stats cookie=***
[2026-09-11 19:45:39] 
[2026-09-11 19:45:40] [19:45:40] "GET /api/stats HTTP/1.1" 200 -
[2026-09-11 19:45:40] 
[2026-09-11 19:46:09] [GET] /api/stats cookie=***
[2026-09-11 19:46:09] 
[2026-09-11 19:46:10] [19:46:10] "GET /api/stats HTTP/1.1" 200 -
[2026-09-11 19:46:10] 
[2026-09-11 19:46:39] [GET] /api/stats cookie=***
[2026-09-11 19:46:39] 
[2026-09-11 19:46:40] [19:46:40] "GET /api/stats HTTP/1.1" 200 -
[2026-09-11 19:46:40] 
[2026-09-11 19:47:09] [GET] /api/stats cookie=***
[2026-09-11 19:47:09] 
[2026-09-11 19:47:10] [19:47:10] "GET /api/stats HTTP/1.1" 200 -
[2026-09-11 19:47:10] 
[2026-09-11 19:47:39] [GET] /api/stats cookie=***
[2026-09-11 19:47:39] 
[2026-09-11 19:47:40] [19:47:40] "GET /api/stats HTTP/1.1" 200 -
[2026-09-11 19:47:40] 
[2026-09-11 19:48:09] [GET] /api/stats cookie=***
[2026-09-11 19:48:09] 
[2026-09-11 19:48:10] [19:48:10] "GET /api/stats HTTP/1.1" 200 -
[2026-09-11 19:48:10] 
[2026-09-11 19:48:39] [GET] /api/stats cookie=***
[2026-09-11 19:48:39] 
[2026-09-11 19:48:40] [19:48:40] "GET /api/stats HTTP/1.1" 200 -
[2026-09-11 19:48:40] 
[2026-09-11 19:49:09] [GET] /api/stats cookie=***
[2026-09-11 19:49:09] 
[2026-09-11 19:49:10] [19:49:10] "GET /api/stats HTTP/1.1" 200 -
[2026-09-11 19:49:10] 
[2026-09-11 19:49:39] [GET] /api/stats cookie=***
[2026-09-11 19:49:39] 
[2026-09-11 19:49:40] [19:49:40] "GET /api/stats HTTP/1.1" 200 -
[2026-09-11 19:49:40] 
[2026-09-11 19:50:09] [GET] /api/stats cookie=***
[2026-09-11 19:50:09] 
[2026-09-11 19:50:10] [19:50:10] "GET /api/stats HTTP/1.1" 200 -
[2026-09-11 19:50:10] 
[2026-09-11 19:50:16] [GET]  cookie=***
[2026-09-11 19:50:16] 
[2026-09-11 19:50:16] [19:50:16] "GET / HTTP/1.1" 200 -
[2026-09-11 19:50:16] 
[2026-09-11 19:50:16] [GET] /xlsx.full.min.js cookie=***
[2026-09-11 19:50:16] 
[2026-09-11 19:50:16] [19:50:16] "GET /xlsx.full.min.js HTTP/1.1" 200 -
[2026-09-11 19:50:16] 
[2026-09-11 19:50:17] [GET] /api/auth/me cookie=***
[2026-09-11 19:50:17] 
[2026-09-11 19:50:17] [19:50:17] "GET /api/auth/me?t=1789127417051 HTTP/1.1" 200 -
[2026-09-11 19:50:17] 
[2026-09-11 19:50:17] [GET] /api/consume/import-log cookie=***
[2026-09-11 19:50:17] [GET] /api/users cookie=***
[2026-09-11 19:50:17] 
[2026-09-11 19:50:17] 
[2026-09-11 19:50:17] [GET] /api/settings cookie=***
[2026-09-11 19:50:17] [GET] /api/stats cookie=***
[2026-09-11 19:50:17] [GET] /api/ops-log cookie=***
[2026-09-11 19:50:17] 
[2026-09-11 19:50:17] 
[2026-09-11 19:50:17] 
[2026-09-11 19:50:17] [19:50:17] "GET /api/users HTTP/1.1" 200 -
[2026-09-11 19:50:17] 
[2026-09-11 19:50:17] [19:50:17] "GET /api/consume/import-log HTTP/1.1" 200 -
[2026-09-11 19:50:17] 
[2026-09-11 19:50:17] [19:50:17] "GET /api/settings HTTP/1.1" 200 -
[2026-09-11 19:50:17] 
[2026-09-11 19:50:17] [19:50:17] "GET /api/ops-log HTTP/1.1" 200 -
[2026-09-11 19:50:17] 
[2026-09-11 19:50:17] [19:50:17] "GET /api/stats?_t=1789127417063 HTTP/1.1" 200 -
[2026-09-11 19:50:17] 
[2026-09-11 19:50:17] [GET] /api/health cookie=***
[2026-09-11 19:50:17] 
[2026-09-11 19:50:17] [19:50:17] "GET /api/health HTTP/1.1" 200 -
[2026-09-11 19:50:17] 
[2026-09-11 19:50:17] [GET] /api/mapping cookie=***
[2026-09-11 19:50:17] 
[2026-09-11 19:50:17] [GET] /api/recharge cookie=***
[2026-09-11 19:50:17] [GET] /api/payment cookie=***
[2026-09-11 19:50:17] 
[2026-09-11 19:50:17] 
[2026-09-11 19:50:17] [GET] /api/refund cookie=***
[2026-09-11 19:50:17] [GET] /api/client_status cookie=***
[2026-09-11 19:50:17] [GET] /api/consume cookie=***
[2026-09-11 19:50:17] 
[2026-09-11 19:50:17] [19:50:17] "GET /api/mapping HTTP/1.1" 200 -
[2026-09-11 19:50:17] 
[2026-09-11 19:50:17] 
[2026-09-11 19:50:17] 
[2026-09-11 19:50:17] [19:50:17] "GET /api/payment HTTP/1.1" 200 -
[2026-09-11 19:50:17] 
[2026-09-11 19:50:17] [GET] /api/service-fee cookie=***
[2026-09-11 19:50:17] [19:50:17] "GET /api/refund HTTP/1.1" 200 -
[2026-09-11 19:50:17] 
[2026-09-11 19:50:17] [GET] /api/meta/tokens cookie=***
[2026-09-11 19:50:17] 
[2026-09-11 19:50:17] [19:50:17] "GET /api/client_status HTTP/1.1" 200 -
[2026-09-11 19:50:17] 
[2026-09-11 19:50:17] 
[2026-09-11 19:50:17] [19:50:17] "GET /api/service-fee HTTP/1.1" 200 -
[2026-09-11 19:50:18] 
[2026-09-11 19:50:18] [19:50:18] "GET /api/meta/tokens HTTP/1.1" 200 -
[2026-09-11 19:50:18] 
[2026-09-11 19:50:18] [GET] /api/meta/auto-sync-cfg cookie=***
[2026-09-11 19:50:18] 
[2026-09-11 19:50:18] [19:50:18] "GET /api/meta/auto-sync-cfg HTTP/1.1" 200 -
[2026-09-11 19:50:18] 
[2026-09-11 19:50:18] [19:50:18] "GET /api/recharge HTTP/1.1" 200 -
[2026-09-11 19:50:18] 
[2026-09-11 19:50:18] [19:50:18] "GET /api/consume HTTP/1.1" 200 -
[2026-09-11 19:50:18] 
[2026-09-11 19:50:18] [GET] /api/stats cookie=***
[2026-09-11 19:50:18] 
[2026-09-11 19:50:18] [GET] /api/consume/stats cookie=***
[2026-09-11 19:50:18] 
[2026-09-11 19:50:19] [GET]  cookie=***
[2026-09-11 19:50:19] 
[2026-09-11 19:50:19] [19:50:19] "GET /api/consume/stats HTTP/1.1" 200 -
[2026-09-11 19:50:19] 
[2026-09-11 19:50:19] [19:50:19] "GET /api/stats HTTP/1.1" 200 -
[2026-09-11 19:50:19] 
[2026-09-11 19:50:19] [19:50:19] "GET / HTTP/1.1" 200 -
[2026-09-11 19:50:19] 
[2026-09-11 19:50:20] [GET] /xlsx.full.min.js cookie=***
[2026-09-11 19:50:20] 
[2026-09-11 19:50:20] [19:50:20] "GET /xlsx.full.min.js HTTP/1.1" 200 -
[2026-09-11 19:50:20] 
[2026-09-11 19:50:20] [GET] /api/auth/me cookie=***
[2026-09-11 19:50:20] 
[2026-09-11 19:50:20] [19:50:20] "GET /api/auth/me?t=1789127420187 HTTP/1.1" 200 -
[2026-09-11 19:50:20] 
[2026-09-11 19:50:20] [GET] /api/consume/import-log cookie=***
[2026-09-11 19:50:20] [GET] /api/users cookie=***
[2026-09-11 19:50:20] 
[2026-09-11 19:50:20] [GET] /api/settings cookie=***
[2026-09-11 19:50:20] 
[2026-09-11 19:50:20] [GET] /api/ops-log cookie=***
[2026-09-11 19:50:20] 
[2026-09-11 19:50:20] 
[2026-09-11 19:50:20] [GET] /api/stats cookie=***
[2026-09-11 19:50:20] 
[2026-09-11 19:50:20] [19:50:20] "GET /api/consume/import-log HTTP/1.1" 200 -
[2026-09-11 19:50:20] 
[2026-09-11 19:50:20] [19:50:20] "GET /api/users HTTP/1.1" 200 -
[2026-09-11 19:50:20] 
[2026-09-11 19:50:20] [19:50:20] "GET /api/settings HTTP/1.1" 200 -
[2026-09-11 19:50:20] 
[2026-09-11 19:50:20] [19:50:20] "GET /api/ops-log HTTP/1.1" 200 -
[2026-09-11 19:50:20] 
[2026-09-11 19:50:20] [GET] /api/health cookie=***
[2026-09-11 19:50:20] 
[2026-09-11 19:50:20] [19:50:20] "GET /api/stats?_t=1789127420209 HTTP/1.1" 200 -
[2026-09-11 19:50:20] [19:50:20] "GET /api/health HTTP/1.1" 200 -
[2026-09-11 19:50:20] 
[2026-09-11 19:50:20] 
[2026-09-11 19:50:20] [GET] /api/health cookie=***
[2026-09-11 19:50:20] 
[2026-09-11 19:50:20] [GET] /api/mapping cookie=***
[2026-09-11 19:50:20] [GET] /api/recharge cookie=***
[2026-09-11 19:50:20] 
[2026-09-11 19:50:20] [GET] /api/payment cookie=***
[2026-09-11 19:50:20] [GET] /api/refund cookie=***
[2026-09-11 19:50:20] [GET] /api/client_status cookie=***
[2026-09-11 19:50:20] 
[2026-09-11 19:50:20] 
[2026-09-11 19:50:20] 
[2026-09-11 19:50:20] 
[2026-09-11 19:50:20] [19:50:20] "GET /api/health HTTP/1.1" 200 -
[2026-09-11 19:50:20] 
[2026-09-11 19:50:20] [GET] /api/consume cookie=***
[2026-09-11 19:50:20] 
[2026-09-11 19:50:20] [19:50:20] "GET /api/payment HTTP/1.1" 200 -
[2026-09-11 19:50:20] 
[2026-09-11 19:50:20] [GET] /api/service-fee cookie=***
[2026-09-11 19:50:20] 
[2026-09-11 19:50:20] [19:50:20] "GET /api/client_status HTTP/1.1" 200 -
[2026-09-11 19:50:20] 
[2026-09-11 19:50:20] [19:50:20] "GET /api/refund HTTP/1.1" 200 -
[2026-09-11 19:50:20] 
[2026-09-11 19:50:20] [GET] /api/payment cookie=***
[2026-09-11 19:50:20] 
[2026-09-11 19:50:20] [19:50:20] "GET /api/mapping HTTP/1.1" 200 -
[2026-09-11 19:50:20] [GET] /api/meta/tokens cookie=***
[2026-09-11 19:50:20] 
[2026-09-11 19:50:21] 
[2026-09-11 19:50:21] [GET] /api/client_status cookie=***
[2026-09-11 19:50:21] [19:50:21] "GET /api/service-fee HTTP/1.1" 200 -
[2026-09-11 19:50:21] 
[2026-09-11 19:50:21] 
[2026-09-11 19:50:21] [GET] /api/refund cookie=***
[2026-09-11 19:50:21] 
[2026-09-11 19:50:21] [19:50:21] "GET /api/payment HTTP/1.1" 200 -
[2026-09-11 19:50:21] 
[2026-09-11 19:50:21] [19:50:21] "GET /api/consume HTTP/1.1" 200 -
[2026-09-11 19:50:21] 
[2026-09-11 19:50:21] [19:50:21] "GET /api/meta/tokens HTTP/1.1" 200 -
[2026-09-11 19:50:21] [19:50:21] "GET /api/refund HTTP/1.1" 200 -
[2026-09-11 19:50:21] [GET] /api/meta/auto-sync-cfg cookie=***
[2026-09-11 19:50:21] [19:50:21] "GET /api/client_status HTTP/1.1" 200 -
[2026-09-11 19:50:21] 
[2026-09-11 19:50:21] 
[2026-09-11 19:50:21] 
[2026-09-11 19:50:21] 
[2026-09-11 19:50:21] [19:50:21] "GET /api/meta/auto-sync-cfg HTTP/1.1" 200 -
[2026-09-11 19:50:21] 
[2026-09-11 19:50:21] [GET] /api/mapping cookie=***
[2026-09-11 19:50:21] 
[2026-09-11 19:50:21] [GET] /api/service-fee cookie=***
[2026-09-11 19:50:21] 
[2026-09-11 19:50:21] [GET] /api/consume cookie=***
[2026-09-11 19:50:21] 
[2026-09-11 19:50:21] [19:50:21] "GET /api/service-fee HTTP/1.1" 200 -
[2026-09-11 19:50:21] 
[2026-09-11 19:50:21] [19:50:21] "GET /api/mapping HTTP/1.1" 200 -
[2026-09-11 19:50:21] 
[2026-09-11 19:50:21] [19:50:21] "GET /api/recharge HTTP/1.1" 200 -
[2026-09-11 19:50:21] 
[2026-09-11 19:50:21] [GET] /api/recharge cookie=***
[2026-09-11 19:50:21] 
[2026-09-11 19:50:21] [19:50:21] "GET /api/consume HTTP/1.1" 200 -
[2026-09-11 19:50:21] 
[2026-09-11 19:50:21] [19:50:21] "GET /api/recharge HTTP/1.1" 200 -
[2026-09-11 19:50:21] 
[2026-09-11 19:50:22] [GET] /api/stats cookie=***
[2026-09-11 19:50:22] 
[2026-09-11 19:50:22] [GET] /api/consume/stats cookie=***
[2026-09-11 19:50:22] 
[2026-09-11 19:50:22] [19:50:22] "GET /api/stats HTTP/1.1" 200 -
[2026-09-11 19:50:22] [19:50:22] "GET /api/consume/stats HTTP/1.1" 200 -
[2026-09-11 19:50:22] 
[2026-09-11 19:50:22] 
[2026-09-11 19:50:22] [GET] /api/stats cookie=***
[2026-09-11 19:50:22] 
[2026-09-11 19:50:22] [GET] /api/consume/stats cookie=***
[2026-09-11 19:50:22] 
[2026-09-11 19:50:23] [19:50:23] "GET /api/consume/stats HTTP/1.1" 200 -
[2026-09-11 19:50:23] [19:50:23] "GET /api/stats HTTP/1.1" 200 -
[2026-09-11 19:50:23] 
[2026-09-11 19:50:23] 
[2026-09-11 19:50:26] [POST] /api/consume/import cookie=***
[2026-09-11 19:50:26] 
[2026-09-11 19:50:26] /Users/mac/Library/Python/3.9/lib/python/site-packages/openpyxl/styles/stylesheet.py:237: UserWarning: Workbook contains no default style, apply openpyxl's default
[2026-09-11 19:50:26]   warn("Workbook contains no default style, apply openpyxl's default")
[2026-09-11 19:50:27] [19:50:27] "POST /api/consume/import HTTP/1.1" 200 -
[2026-09-11 19:50:27] 
[2026-09-11 19:50:27] [GET] /api/consume/import-log cookie=***
[2026-09-11 19:50:27] 
[2026-09-11 19:50:27] [19:50:27] "GET /api/consume/import-log HTTP/1.1" 200 -
[2026-09-11 19:50:27] 
[2026-09-11 19:50:27] [GET] /api/health cookie=***
[2026-09-11 19:50:27] 
[2026-09-11 19:50:27] [19:50:27] "GET /api/health HTTP/1.1" 200 -
[2026-09-11 19:50:27] 
[2026-09-11 19:50:27] [GET] /api/mapping cookie=***
[2026-09-11 19:50:27] 
[2026-09-11 19:50:27] [GET] /api/recharge cookie=***
[2026-09-11 19:50:27] [GET] /api/refund cookie=***
[2026-09-11 19:50:27] [GET] /api/consume cookie=***
[2026-09-11 19:50:27] [GET] /api/payment cookie=***
[2026-09-11 19:50:27] 
[2026-09-11 19:50:27] 
[2026-09-11 19:50:27] [GET] /api/client_status cookie=***
[2026-09-11 19:50:27] 
[2026-09-11 19:50:27] 
[2026-09-11 19:50:27] 
[2026-09-11 19:50:27] [19:50:27] "GET /api/mapping HTTP/1.1" 200 -
[2026-09-11 19:50:27] 
[2026-09-11 19:50:27] [GET] /api/service-fee cookie=***
[2026-09-11 19:50:27] 
[2026-09-11 19:50:27] [19:50:27] "GET /api/client_status HTTP/1.1" 200 -
[2026-09-11 19:50:27] 
[2026-09-11 19:50:27] [19:50:27] "GET /api/payment HTTP/1.1" 200 -
[2026-09-11 19:50:27] 
[2026-09-11 19:50:27] [19:50:27] "GET /api/refund HTTP/1.1" 200 -
[2026-09-11 19:50:27] [19:50:27] "GET /api/consume HTTP/1.1" 200 -
[2026-09-11 19:50:27] 
[2026-09-11 19:50:27] 
[2026-09-11 19:50:27] [19:50:27] "GET /api/service-fee HTTP/1.1" 200 -
[2026-09-11 19:50:27] 
[2026-09-11 19:50:28] [19:50:28] "GET /api/recharge HTTP/1.1" 200 -
[2026-09-11 19:50:28] 
[2026-09-11 19:50:29] [GET] /api/stats cookie=***
[2026-09-11 19:50:29] 
[2026-09-11 19:50:29] [GET] /api/consume/stats cookie=***
[2026-09-11 19:50:29] 
[2026-09-11 19:50:29] [19:50:29] "GET /api/stats HTTP/1.1" 200 -
[2026-09-11 19:50:29] 
[2026-09-11 19:50:29] [刷新匹配] 保留 10874 条, 更新了 0 条
[2026-09-11 19:50:29] 
[2026-09-11 19:50:30] [19:50:30] "GET /api/consume/stats HTTP/1.1" 200 -
[2026-09-11 19:50:30] 
[2026-09-11 19:50:31] [GET] /api/health cookie=***
[2026-09-11 19:50:31] 
[2026-09-11 19:50:31] [19:50:31] "GET /api/health HTTP/1.1" 200 -
[2026-09-11 19:50:31] 
[2026-09-11 19:50:31] [GET] /api/mapping cookie=***
[2026-09-11 19:50:31] 
[2026-09-11 19:50:31] [GET] /api/recharge cookie=***
[2026-09-11 19:50:31] 
[2026-09-11 19:50:31] [GET] /api/payment cookie=***
[2026-09-11 19:50:31] 
[2026-09-11 19:50:31] [GET] /api/refund cookie=***
[2026-09-11 19:50:31] 
[2026-09-11 19:50:31] [GET] /api/client_status cookie=***
[2026-09-11 19:50:31] [GET] /api/consume cookie=***
[2026-09-11 19:50:31] 
[2026-09-11 19:50:31] 
[2026-09-11 19:50:31] [19:50:31] "GET /api/mapping HTTP/1.1" 200 -
[2026-09-11 19:50:31] 
[2026-09-11 19:50:31] [GET] /api/service-fee cookie=***
[2026-09-11 19:50:31] [19:50:31] "GET /api/refund HTTP/1.1" 200 -
[2026-09-11 19:50:31] 
[2026-09-11 19:50:31] [19:50:31] "GET /api/client_status HTTP/1.1" 200 -
[2026-09-11 19:50:31] 
[2026-09-11 19:50:31] 
[2026-09-11 19:50:31] [19:50:31] "GET /api/payment HTTP/1.1" 200 -
[2026-09-11 19:50:31] 
[2026-09-11 19:50:31] [19:50:31] "GET /api/service-fee HTTP/1.1" 200 -
[2026-09-11 19:50:31] 
[2026-09-11 19:50:31] [19:50:31] "GET /api/recharge HTTP/1.1" 200 -
[2026-09-11 19:50:31] 
[2026-09-11 19:50:31] [19:50:31] "GET /api/consume HTTP/1.1" 200 -
[2026-09-11 19:50:31] 
[2026-09-11 19:50:33] [GET] /api/stats cookie=***
[2026-09-11 19:50:33] 
[2026-09-11 19:50:33] [GET] /api/consume/stats cookie=***
[2026-09-11 19:50:33] 
[2026-09-11 19:50:33] [19:50:33] "GET /api/stats HTTP/1.1" 200 -
[2026-09-11 19:50:33] 
[2026-09-11 19:50:33] [19:50:33] "GET /api/consume/stats HTTP/1.1" 200 -
[2026-09-11 19:50:33] 
[2026-09-11 19:50:41] [POST] /api/consume/import cookie=***
[2026-09-11 19:50:41] 
[2026-09-11 19:50:42] [19:50:42] "POST /api/consume/import HTTP/1.1" 200 -
[2026-09-11 19:50:42] 
[2026-09-11 19:50:42] [GET] /api/consume/import-log cookie=***
[2026-09-11 19:50:42] 
[2026-09-11 19:50:42] [19:50:42] "GET /api/consume/import-log HTTP/1.1" 200 -
[2026-09-11 19:50:42] 
[2026-09-11 19:50:42] [GET] /api/health cookie=***
[2026-09-11 19:50:42] 
[2026-09-11 19:50:42] [19:50:42] "GET /api/health HTTP/1.1" 200 -
[2026-09-11 19:50:42] 
[2026-09-11 19:50:42] [GET] /api/mapping cookie=***
[2026-09-11 19:50:42] 
[2026-09-11 19:50:42] [GET] /api/recharge cookie=***
[2026-09-11 19:50:42] 
[2026-09-11 19:50:42] [GET] /api/payment cookie=***
[2026-09-11 19:50:42] [GET] /api/refund cookie=***
[2026-09-11 19:50:42] [GET] /api/client_status cookie=***
[2026-09-11 19:50:42] 
[2026-09-11 19:50:42] 
[2026-09-11 19:50:42] 
[2026-09-11 19:50:42] [GET] /api/consume cookie=***
[2026-09-11 19:50:42] 
[2026-09-11 19:50:42] [19:50:42] "GET /api/mapping HTTP/1.1" 200 -
[2026-09-11 19:50:42] 
[2026-09-11 19:50:42] [19:50:42] "GET /api/payment HTTP/1.1" 200 -
[2026-09-11 19:50:42] [GET] /api/service-fee cookie=***
[2026-09-11 19:50:42] 
[2026-09-11 19:50:42] [19:50:42] "GET /api/client_status HTTP/1.1" 200 -
[2026-09-11 19:50:42] 
[2026-09-11 19:50:42] 
[2026-09-11 19:50:42] [19:50:42] "GET /api/refund HTTP/1.1" 200 -
[2026-09-11 19:50:42] 
[2026-09-11 19:50:42] [19:50:42] "GET /api/service-fee HTTP/1.1" 200 -
[2026-09-11 19:50:42] 
[2026-09-11 19:50:42] [19:50:42] "GET /api/recharge HTTP/1.1" 200 -
[2026-09-11 19:50:42] 
[2026-09-11 19:50:42] [19:50:42] "GET /api/consume HTTP/1.1" 200 -
[2026-09-11 19:50:42] 
[2026-09-11 19:50:43] [GET] /api/stats cookie=***
[2026-09-11 19:50:43] 
[2026-09-11 19:50:43] [GET] /api/consume/stats cookie=***
[2026-09-11 19:50:43] 
[2026-09-11 19:50:44] [19:50:44] "GET /api/stats HTTP/1.1" 200 -
[2026-09-11 19:50:44] 
[2026-09-11 19:50:44] [刷新匹配] 保留 10874 条, 更新了 0 条
[2026-09-11 19:50:44] 
[2026-09-11 19:50:45] [19:50:45] "GET /api/consume/stats HTTP/1.1" 200 -
[2026-09-11 19:50:45] 
[2026-09-11 19:50:46] [GET] /api/health cookie=***
[2026-09-11 19:50:46] 
[2026-09-11 19:50:46] [19:50:46] "GET /api/health HTTP/1.1" 200 -
[2026-09-11 19:50:46] 
[2026-09-11 19:50:46] [GET] /api/mapping cookie=***
[2026-09-11 19:50:46] 
[2026-09-11 19:50:46] [GET] /api/payment cookie=***
[2026-09-11 19:50:46] [GET] /api/recharge cookie=***
[2026-09-11 19:50:46] 
[2026-09-11 19:50:46] [GET] /api/refund cookie=***
[2026-09-11 19:50:46] 
[2026-09-11 19:50:46] [GET] /api/consume cookie=***
[2026-09-11 19:50:46] 
[2026-09-11 19:50:46] 
[2026-09-11 19:50:46] [GET] /api/client_status cookie=***
[2026-09-11 19:50:46] [19:50:46] "GET /api/payment HTTP/1.1" 200 -
[2026-09-11 19:50:46] 
[2026-09-11 19:50:46] 
[2026-09-11 19:50:46] [19:50:46] "GET /api/mapping HTTP/1.1" 200 -
[2026-09-11 19:50:46] [GET] /api/service-fee cookie=***
[2026-09-11 19:50:46] [19:50:46] "GET /api/refund HTTP/1.1" 200 -
[2026-09-11 19:50:46] 
[2026-09-11 19:50:46] 
[2026-09-11 19:50:46] 
[2026-09-11 19:50:46] [19:50:46] "GET /api/client_status HTTP/1.1" 200 -
[2026-09-11 19:50:46] 
[2026-09-11 19:50:46] [19:50:46] "GET /api/service-fee HTTP/1.1" 200 -
[2026-09-11 19:50:46] 
[2026-09-11 19:50:46] [19:50:46] "GET /api/consume HTTP/1.1" 200 -
[2026-09-11 19:50:46] 
[2026-09-11 19:50:46] [19:50:46] "GET /api/recharge HTTP/1.1" 200 -
[2026-09-11 19:50:46] 
[2026-09-11 19:50:47] [GET] /api/stats cookie=***
[2026-09-11 19:50:47] 
[2026-09-11 19:50:47] [GET] /api/consume/stats cookie=***
[2026-09-11 19:50:47] 
[2026-09-11 19:50:48] [19:50:48] "GET /api/consume/stats HTTP/1.1" 200 -
[2026-09-11 19:50:48] 
[2026-09-11 19:50:48] [19:50:48] "GET /api/stats HTTP/1.1" 200 -
[2026-09-11 19:50:48] 
[2026-09-11 19:50:54] [POST] /api/consume/import cookie=***
[2026-09-11 19:50:54] 
[2026-09-11 19:50:54] [19:50:54] "POST /api/consume/import HTTP/1.1" 200 -
[2026-09-11 19:50:54] 
[2026-09-11 19:50:54] [GET] /api/consume/import-log cookie=***
[2026-09-11 19:50:54] 
[2026-09-11 19:50:54] [19:50:54] "GET /api/consume/import-log HTTP/1.1" 200 -
[2026-09-11 19:50:54] 
[2026-09-11 19:50:54] [GET] /api/health cookie=***
[2026-09-11 19:50:54] 
[2026-09-11 19:50:54] [19:50:54] "GET /api/health HTTP/1.1" 200 -
[2026-09-11 19:50:54] 
[2026-09-11 19:50:54] [GET] /api/recharge cookie=***
[2026-09-11 19:50:54] [GET] /api/mapping cookie=***
[2026-09-11 19:50:54] 
[2026-09-11 19:50:54] [GET] /api/client_status cookie=***
[2026-09-11 19:50:54] [GET] /api/refund cookie=***
[2026-09-11 19:50:54] 
[2026-09-11 19:50:54] 
[2026-09-11 19:50:54] 
[2026-09-11 19:50:54] [GET] /api/consume cookie=***
[2026-09-11 19:50:54] [GET] /api/payment cookie=***
[2026-09-11 19:50:54] 
[2026-09-11 19:50:54] 
[2026-09-11 19:50:54] [19:50:54] "GET /api/mapping HTTP/1.1" 200 -
[2026-09-11 19:50:54] 
[2026-09-11 19:50:54] [19:50:54] "GET /api/client_status HTTP/1.1" 200 -
[2026-09-11 19:50:54] [GET] /api/service-fee cookie=***
[2026-09-11 19:50:55] 
[2026-09-11 19:50:55] 
[2026-09-11 19:50:55] [19:50:55] "GET /api/refund HTTP/1.1" 200 -
[2026-09-11 19:50:55] [GET] /api/stats cookie=***
[2026-09-11 19:50:55] 
[2026-09-11 19:50:55] 
[2026-09-11 19:50:55] [19:50:55] "GET /api/service-fee HTTP/1.1" 200 -
[2026-09-11 19:50:55] 
[2026-09-11 19:50:55] [19:50:55] "GET /api/payment HTTP/1.1" 200 -
[2026-09-11 19:50:55] 
[2026-09-11 19:50:55] [19:50:55] "GET /api/consume HTTP/1.1" 200 -
[2026-09-11 19:50:55] 
[2026-09-11 19:50:55] [19:50:55] "GET /api/recharge HTTP/1.1" 200 -
[2026-09-11 19:50:55] 
[2026-09-11 19:50:55] [19:50:55] "GET /api/stats HTTP/1.1" 200 -
[2026-09-11 19:50:55] 
[2026-09-11 19:50:56] [GET] /api/consume/stats cookie=***
[2026-09-11 19:50:56] 
[2026-09-11 19:50:56] [GET] /api/stats cookie=***
[2026-09-11 19:50:56] 
[2026-09-11 19:50:57] [19:50:57] "GET /api/stats HTTP/1.1" 200 -
[2026-09-11 19:50:57] 
[2026-09-11 19:50:57] [刷新匹配] 保留 10874 条, 更新了 0 条
[2026-09-11 19:50:57] 
[2026-09-11 19:50:58] [19:50:58] "GET /api/consume/stats HTTP/1.1" 200 -
[2026-09-11 19:50:58] 
[2026-09-11 19:50:59] [GET] /api/health cookie=***
[2026-09-11 19:50:59] 
[2026-09-11 19:50:59] [19:50:59] "GET /api/health HTTP/1.1" 200 -
[2026-09-11 19:50:59] 
[2026-09-11 19:50:59] [GET] /api/mapping cookie=***
[2026-09-11 19:50:59] 
[2026-09-11 19:50:59] [GET] /api/payment cookie=***
[2026-09-11 19:50:59] [GET] /api/recharge cookie=***
[2026-09-11 19:50:59] [GET] /api/refund cookie=***
[2026-09-11 19:50:59] 
[2026-09-11 19:50:59] 
[2026-09-11 19:50:59] [GET] /api/client_status cookie=***
[2026-09-11 19:50:59] 
[2026-09-11 19:50:59] [GET] /api/consume cookie=***
[2026-09-11 19:50:59] 
[2026-09-11 19:50:59] 
[2026-09-11 19:50:59] [19:50:59] "GET /api/mapping HTTP/1.1" 200 -
[2026-09-11 19:50:59] 
[2026-09-11 19:50:59] [19:50:59] "GET /api/refund HTTP/1.1" 200 -
[2026-09-11 19:50:59] 
[2026-09-11 19:50:59] [19:50:59] "GET /api/payment HTTP/1.1" 200 -
[2026-09-11 19:50:59] [GET] /api/service-fee cookie=***
[2026-09-11 19:50:59] 
[2026-09-11 19:50:59] [19:50:59] "GET /api/client_status HTTP/1.1" 200 -
[2026-09-11 19:50:59] 
[2026-09-11 19:50:59] 
[2026-09-11 19:50:59] [19:50:59] "GET /api/service-fee HTTP/1.1" 200 -
[2026-09-11 19:50:59] 
[2026-09-11 19:50:59] [19:50:59] "GET /api/consume HTTP/1.1" 200 -
[2026-09-11 19:50:59] 
[2026-09-11 19:50:59] [POST] /api/consume/import cookie=***
[2026-09-11 19:50:59] 
[2026-09-11 19:50:59] [19:50:59] "GET /api/recharge HTTP/1.1" 200 -
[2026-09-11 19:50:59] 
[2026-09-11 19:51:00] [19:51:00] "POST /api/consume/import HTTP/1.1" 200 -
[2026-09-11 19:51:00] 
[2026-09-11 19:51:01] [GET] /api/stats cookie=***
[2026-09-11 19:51:01] [GET] /api/consume/stats cookie=***
[2026-09-11 19:51:01] 
[2026-09-11 19:51:01] 
[2026-09-11 19:51:01] [GET] /api/consume/import-log cookie=***
[2026-09-11 19:51:01] 
[2026-09-11 19:51:01] [19:51:01] "GET /api/consume/import-log HTTP/1.1" 200 -
[2026-09-11 19:51:01] 
[2026-09-11 19:51:01] [19:51:01] "GET /api/stats HTTP/1.1" 200 -
[2026-09-11 19:51:01] 
[2026-09-11 19:51:01] [GET] /api/health cookie=***
[2026-09-11 19:51:01] 
[2026-09-11 19:51:01] [19:51:01] "GET /api/health HTTP/1.1" 200 -
[2026-09-11 19:51:01] 
[2026-09-11 19:51:01] [GET] /api/mapping cookie=***
[2026-09-11 19:51:01] 
[2026-09-11 19:51:01] [GET] /api/recharge cookie=***
[2026-09-11 19:51:01] 
[2026-09-11 19:51:01] [GET] /api/payment cookie=***
[2026-09-11 19:51:01] 
[2026-09-11 19:51:01] [GET] /api/refund cookie=***
[2026-09-11 19:51:01] 
[2026-09-11 19:51:01] [GET] /api/client_status cookie=***
[2026-09-11 19:51:01] 
[2026-09-11 19:51:01] [19:51:01] "GET /api/mapping HTTP/1.1" 200 -
[2026-09-11 19:51:01] 
[2026-09-11 19:51:01] [19:51:01] "GET /api/payment HTTP/1.1" 200 -
[2026-09-11 19:51:01] [GET] /api/consume cookie=***
[2026-09-11 19:51:01] 
[2026-09-11 19:51:01] [19:51:01] "GET /api/refund HTTP/1.1" 200 -
[2026-09-11 19:51:01] 
[2026-09-11 19:51:01] 
[2026-09-11 19:51:01] [19:51:01] "GET /api/client_status HTTP/1.1" 200 -
[2026-09-11 19:51:01] [GET] /api/service-fee cookie=***
[2026-09-11 19:51:01] 
[2026-09-11 19:51:01] 
[2026-09-11 19:51:02] [19:51:02] "GET /api/service-fee HTTP/1.1" 200 -
[2026-09-11 19:51:02] 
[2026-09-11 19:51:02] [19:51:02] "GET /api/consume HTTP/1.1" 200 -
[2026-09-11 19:51:02] 
[2026-09-11 19:51:02] [刷新匹配] 保留 10878 条, 更新了 0 条
[2026-09-11 19:51:02] 
[2026-09-11 19:51:02] [19:51:02] "GET /api/recharge HTTP/1.1" 200 -
[2026-09-11 19:51:02] 
[2026-09-11 19:51:03] [19:51:03] "GET /api/consume/stats HTTP/1.1" 200 -
[2026-09-11 19:51:03] 
[2026-09-11 19:51:03] [GET] /api/stats cookie=***
[2026-09-11 19:51:03] 
[2026-09-11 19:51:03] [GET] /api/consume/stats cookie=***
[2026-09-11 19:51:03] 
[2026-09-11 19:51:04] [19:51:04] "GET /api/stats HTTP/1.1" 200 -
[2026-09-11 19:51:04] 
[2026-09-11 19:51:04] [19:51:04] "GET /api/consume/stats HTTP/1.1" 200 -
[2026-09-11 19:51:04] 
[2026-09-11 19:51:04] [GET] /api/health cookie=***
[2026-09-11 19:51:04] 
[2026-09-11 19:51:04] [19:51:04] "GET /api/health HTTP/1.1" 200 -
[2026-09-11 19:51:04] 
[2026-09-11 19:51:05] [GET] /api/recharge cookie=***
[2026-09-11 19:51:05] [GET] /api/mapping cookie=***
[2026-09-11 19:51:05] 
[2026-09-11 19:51:05] [GET] /api/payment cookie=***
[2026-09-11 19:51:05] 
[2026-09-11 19:51:05] [GET] /api/refund cookie=***
[2026-09-11 19:51:05] [GET] /api/client_status cookie=***
[2026-09-11 19:51:05] 
[2026-09-11 19:51:05] 
[2026-09-11 19:51:05] [GET] /api/consume cookie=***
[2026-09-11 19:51:05] 
[2026-09-11 19:51:05] 
[2026-09-11 19:51:05] [19:51:05] "GET /api/mapping HTTP/1.1" 200 -
[2026-09-11 19:51:05] 
[2026-09-11 19:51:05] [19:51:05] "GET /api/client_status HTTP/1.1" 200 -
[2026-09-11 19:51:05] 
[2026-09-11 19:51:05] [19:51:05] "GET /api/payment HTTP/1.1" 200 -
[2026-09-11 19:51:05] [19:51:05] "GET /api/refund HTTP/1.1" 200 -
[2026-09-11 19:51:05] [GET] /api/service-fee cookie=***
[2026-09-11 19:51:05] 
[2026-09-11 19:51:05] 
[2026-09-11 19:51:05] 
[2026-09-11 19:51:05] [19:51:05] "GET /api/consume HTTP/1.1" 200 -
[2026-09-11 19:51:05] 
[2026-09-11 19:51:05] [19:51:05] "GET /api/service-fee HTTP/1.1" 200 -
[2026-09-11 19:51:05] 
[2026-09-11 19:51:05] [19:51:05] "GET /api/recharge HTTP/1.1" 200 -
[2026-09-11 19:51:05] 
[2026-09-11 19:51:05] [POST] /api/consume/import cookie=***
[2026-09-11 19:51:05] 
[2026-09-11 19:51:06] [19:51:06] "POST /api/consume/import HTTP/1.1" 200 -
[2026-09-11 19:51:06] 
[2026-09-11 19:51:06] [GET] /api/stats cookie=***
[2026-09-11 19:51:06] 
[2026-09-11 19:51:06] [GET] /api/consume/stats cookie=***
[2026-09-11 19:51:06] 
[2026-09-11 19:51:06] [GET] /api/consume/import-log cookie=***
[2026-09-11 19:51:06] 
[2026-09-11 19:51:06] [19:51:06] "GET /api/consume/import-log HTTP/1.1" 200 -
[2026-09-11 19:51:06] 
[2026-09-11 19:51:06] [GET] /api/health cookie=***
[2026-09-11 19:51:06] 
[2026-09-11 19:51:07] [19:51:07] "GET /api/health HTTP/1.1" 200 -
[2026-09-11 19:51:07] 
[2026-09-11 19:51:07] [GET] /api/mapping cookie=***
[2026-09-11 19:51:07] 
[2026-09-11 19:51:07] [GET] /api/recharge cookie=***
[2026-09-11 19:51:07] 
[2026-09-11 19:51:07] [19:51:07] "GET /api/stats HTTP/1.1" 200 -
[2026-09-11 19:51:07] [GET] /api/payment cookie=***
[2026-09-11 19:51:07] 
[2026-09-11 19:51:07] 
[2026-09-11 19:51:07] [GET] /api/refund cookie=***
[2026-09-11 19:51:07] [GET] /api/client_status cookie=***
[2026-09-11 19:51:07] 
[2026-09-11 19:51:07] 
[2026-09-11 19:51:07] [19:51:07] "GET /api/mapping HTTP/1.1" 200 -
[2026-09-11 19:51:07] 
[2026-09-11 19:51:07] [GET] /api/consume cookie=***
[2026-09-11 19:51:07] 
[2026-09-11 19:51:07] [19:51:07] "GET /api/payment HTTP/1.1" 200 -
[2026-09-11 19:51:07] [19:51:07] "GET /api/refund HTTP/1.1" 200 -
[2026-09-11 19:51:07] 
[2026-09-11 19:51:07] 
[2026-09-11 19:51:07] [19:51:07] "GET /api/client_status HTTP/1.1" 200 -
[2026-09-11 19:51:07] 
[2026-09-11 19:51:07] [GET] /api/service-fee cookie=***
[2026-09-11 19:51:07] 
[2026-09-11 19:51:07] [19:51:07] "GET /api/service-fee HTTP/1.1" 200 -
[2026-09-11 19:51:07] 
[2026-09-11 19:51:07] [19:51:07] "GET /api/consume HTTP/1.1" 200 -
[2026-09-11 19:51:07] 
[2026-09-11 19:51:08] [刷新匹配] 保留 10878 条, 更新了 0 条
[2026-09-11 19:51:08] 
[2026-09-11 19:51:08] [19:51:08] "GET /api/recharge HTTP/1.1" 200 -
[2026-09-11 19:51:08] 
[2026-09-11 19:51:09] [19:51:09] "GET /api/consume/stats HTTP/1.1" 200 -
[2026-09-11 19:51:09] 
[2026-09-11 19:51:09] [GET] /api/consume/stats cookie=***
[2026-09-11 19:51:09] 
[2026-09-11 19:51:09] [GET] /api/stats cookie=***
[2026-09-11 19:51:09] 
[2026-09-11 19:51:09] [19:51:09] "GET /api/consume/stats HTTP/1.1" 200 -
[2026-09-11 19:51:09] 
[2026-09-11 19:51:09] [19:51:09] "GET /api/stats HTTP/1.1" 200 -
[2026-09-11 19:51:09] 
[2026-09-11 19:51:10] [GET] /api/health cookie=***
[2026-09-11 19:51:10] 
[2026-09-11 19:51:10] [19:51:10] "GET /api/health HTTP/1.1" 200 -
[2026-09-11 19:51:10] 
[2026-09-11 19:51:10] [GET] /api/mapping cookie=***
[2026-09-11 19:51:10] [GET] /api/payment cookie=***
[2026-09-11 19:51:10] 
[2026-09-11 19:51:10] 
[2026-09-11 19:51:10] [GET] /api/recharge cookie=***
[2026-09-11 19:51:10] [GET] /api/client_status cookie=***
[2026-09-11 19:51:10] 
[2026-09-11 19:51:10] [GET] /api/consume cookie=***
[2026-09-11 19:51:10] [GET] /api/refund cookie=***
[2026-09-11 19:51:10] 
[2026-09-11 19:51:10] 
[2026-09-11 19:51:10] 
[2026-09-11 19:51:10] [19:51:10] "GET /api/payment HTTP/1.1" 200 -
[2026-09-11 19:51:10] 
[2026-09-11 19:51:10] [GET] /api/service-fee cookie=***
[2026-09-11 19:51:10] 
[2026-09-11 19:51:10] [19:51:10] "GET /api/mapping HTTP/1.1" 200 -
[2026-09-11 19:51:10] 
[2026-09-11 19:51:10] [19:51:10] "GET /api/client_status HTTP/1.1" 200 -
[2026-09-11 19:51:10] 
[2026-09-11 19:51:10] [19:51:10] "GET /api/refund HTTP/1.1" 200 -
[2026-09-11 19:51:10] 
[2026-09-11 19:51:10] [19:51:10] "GET /api/service-fee HTTP/1.1" 200 -
[2026-09-11 19:51:10] 
[2026-09-11 19:51:10] [19:51:10] "GET /api/consume HTTP/1.1" 200 -
[2026-09-11 19:51:10] 
[2026-09-11 19:51:10] [19:51:10] "GET /api/recharge HTTP/1.1" 200 -
[2026-09-11 19:51:10] 
[2026-09-11 19:51:11] [GET] /api/stats cookie=***
[2026-09-11 19:51:11] 
[2026-09-11 19:51:11] [GET] /api/consume/stats cookie=***
[2026-09-11 19:51:11] 
[2026-09-11 19:51:12] [19:51:12] "GET /api/consume/stats HTTP/1.1" 200 -
[2026-09-11 19:51:12] [19:51:12] "GET /api/stats HTTP/1.1" 200 -
[2026-09-11 19:51:12] 
[2026-09-11 19:51:12] 
[2026-09-11 19:51:25] [GET] /api/stats cookie=***
[2026-09-11 19:51:25] 
[2026-09-11 19:51:25] [19:51:25] "GET /api/stats HTTP/1.1" 200 -
[2026-09-11 19:51:25] 
[2026-09-11 19:51:55] [GET] /api/stats cookie=***
[2026-09-11 19:51:55] 
[2026-09-11 19:51:55] [19:51:55] "GET /api/stats HTTP/1.1" 200 -
[2026-09-11 19:51:55] 
[2026-09-11 19:52:11] [GET] /api/stats cookie=***
[2026-09-11 19:52:11] [GET] /api/consume/stats cookie=***
[2026-09-11 19:52:11] 
[2026-09-11 19:52:11] 
[2026-09-11 19:52:11] [19:52:11] "GET /api/consume/stats HTTP/1.1" 200 -
[2026-09-11 19:52:11] 
[2026-09-11 19:52:11] [19:52:11] "GET /api/stats HTTP/1.1" 200 -
[2026-09-11 19:52:11] 
[2026-09-11 19:52:25] [GET] /api/stats cookie=***
[2026-09-11 19:52:25] 
[2026-09-11 19:52:26] [19:52:26] "GET /api/stats HTTP/1.1" 200 -
[2026-09-11 19:52:26] 
[2026-09-11 19:52:55] [GET] /api/stats cookie=***
[2026-09-11 19:52:55] 
[2026-09-11 19:52:55] [19:52:55] "GET /api/stats HTTP/1.1" 200 -
[2026-09-11 19:52:55] 
[2026-09-11 19:53:19] [GET] /api/stats cookie=***
[2026-09-11 19:53:19] 
[2026-09-11 19:53:19] [GET] /api/consume/stats cookie=***
[2026-09-11 19:53:19] 
[2026-09-11 19:53:20] [19:53:20] "GET /api/stats HTTP/1.1" 200 -
[2026-09-11 19:53:20] [19:53:20] "GET /api/consume/stats HTTP/1.1" 200 -
[2026-09-11 19:53:20] 
[2026-09-11 19:53:20] 
[2026-09-11 19:53:24] [GET] /api/consume/account/893081616730560 cookie=***
[2026-09-11 19:53:24] 
[2026-09-11 19:53:24] [19:53:24] "GET /api/consume/account/893081616730560 HTTP/1.1" 200 -
[2026-09-11 19:53:24] 
[2026-09-11 19:53:25] [GET] /api/stats cookie=***
[2026-09-11 19:53:25] 
[2026-09-11 19:53:25] [19:53:25] "GET /api/stats HTTP/1.1" 200 -
[2026-09-11 19:53:25] 
[2026-09-11 19:53:55] [GET] /api/stats cookie=***
[2026-09-11 19:53:55] 
[2026-09-11 19:53:55] [19:53:55] "GET /api/stats HTTP/1.1" 200 -
[2026-09-11 19:53:55] 
[2026-09-11 19:54:26] [GET] /api/stats cookie=***
[2026-09-11 19:54:26] 
[2026-09-11 19:54:26] [19:54:26] "GET /api/stats HTTP/1.1" 200 -
[2026-09-11 19:54:26] 
[2026-09-11 19:54:55] [GET] /api/stats cookie=***
[2026-09-11 19:54:55] 
[2026-09-11 19:54:55] [19:54:55] "GET /api/stats HTTP/1.1" 200 -
[2026-09-11 19:54:55] 
[2026-09-11 19:54:58] [GET] /api/stats cookie=***
[2026-09-11 19:54:58] 
[2026-09-11 19:54:58] [GET] /api/consume/stats cookie=***
[2026-09-11 19:54:58] 
[2026-09-11 19:54:58] [19:54:58] "GET /api/consume/stats HTTP/1.1" 200 -
[2026-09-11 19:54:58] 
[2026-09-11 19:54:58] [19:54:58] "GET /api/stats HTTP/1.1" 200 -
[2026-09-11 19:54:58] 
[2026-09-11 19:55:05] [GET] /api/stats cookie=***
[2026-09-11 19:55:05] 
[2026-09-11 19:55:05] [GET] /api/consume/stats cookie=***
[2026-09-11 19:55:05] 
[2026-09-11 19:55:05] [19:55:05] "GET /api/consume/stats HTTP/1.1" 200 -
[2026-09-11 19:55:05] 
[2026-09-11 19:55:05] [19:55:05] "GET /api/stats HTTP/1.1" 200 -
[2026-09-11 19:55:05] 
[2026-09-11 19:55:26] [GET] /api/stats cookie=***
[2026-09-11 19:55:26] 
[2026-09-11 19:55:26] [19:55:26] "GET /api/stats HTTP/1.1" 200 -
[2026-09-11 19:55:26] 
[2026-09-11 19:55:56] [GET] /api/stats cookie=***
[2026-09-11 19:55:56] 
[2026-09-11 19:55:56] [19:55:56] "GET /api/stats HTTP/1.1" 200 -
[2026-09-11 19:55:56] 
[2026-09-11 19:56:25] [GET] /api/stats cookie=***
[2026-09-11 19:56:25] 
[2026-09-11 19:56:25] [19:56:25] "GET /api/stats HTTP/1.1" 200 -
[2026-09-11 19:56:25] 
[2026-09-11 19:56:39] [GET] /api/stats cookie=***
[2026-09-11 19:56:39] 
[2026-09-11 19:56:39] [GET] /api/consume/stats cookie=***
[2026-09-11 19:56:39] 
[2026-09-11 19:56:39] [19:56:39] "GET /api/consume/stats HTTP/1.1" 200 -
[2026-09-11 19:56:39] [19:56:39] "GET /api/stats HTTP/1.1" 200 -
[2026-09-11 19:56:39] 
[2026-09-11 19:56:39] 
[2026-09-11 19:56:41] [GET] /api/consume/account/893081616730560 cookie=***
[2026-09-11 19:56:41] 
[2026-09-11 19:56:41] [19:56:41] "GET /api/consume/account/893081616730560 HTTP/1.1" 200 -
[2026-09-11 19:56:41] 
[2026-09-11 19:56:56] [GET] /api/stats cookie=***
[2026-09-11 19:56:56] 
[2026-09-11 19:56:56] [19:56:56] "GET /api/stats HTTP/1.1" 200 -
[2026-09-11 19:56:56] 
[2026-09-11 19:57:26] [GET] /api/stats cookie=***
[2026-09-11 19:57:26] 
[2026-09-11 19:57:26] [19:57:26] "GET /api/stats HTTP/1.1" 200 -
[2026-09-11 19:57:26] 
[2026-09-11 19:57:55] [GET] /api/stats cookie=***
[2026-09-11 19:57:55] 
[2026-09-11 19:57:55] [19:57:55] "GET /api/stats HTTP/1.1" 200 -
[2026-09-11 19:57:55] 
[2026-09-11 19:58:19] [GET] /api/consume/account/1587849069526024 cookie=***
[2026-09-11 19:58:19] 
[2026-09-11 19:58:19] [19:58:19] "GET /api/consume/account/1587849069526024 HTTP/1.1" 200 -
[2026-09-11 19:58:19] 
[2026-09-11 19:58:25] [GET] /api/stats cookie=***
[2026-09-11 19:58:25] 
[2026-09-11 19:58:25] [19:58:25] "GET /api/stats HTTP/1.1" 200 -
[2026-09-11 19:58:25] 
[2026-09-11 19:58:56] [GET] /api/stats cookie=***
[2026-09-11 19:58:56] 
[2026-09-11 19:58:56] [19:58:56] "GET /api/stats HTTP/1.1" 200 -
[2026-09-11 19:58:56] 
[2026-09-11 19:59:02] [GET] /api/stats cookie=***
[2026-09-11 19:59:02] 
[2026-09-11 19:59:02] [GET] /api/consume/stats cookie=***
[2026-09-11 19:59:02] 
[2026-09-11 19:59:02] [19:59:02] "GET /api/consume/stats HTTP/1.1" 200 -
[2026-09-11 19:59:02] 
[2026-09-11 19:59:02] [19:59:02] "GET /api/stats HTTP/1.1" 200 -
[2026-09-11 19:59:02] 
[2026-09-11 19:59:11] [GET] /api/stats cookie=***
[2026-09-11 19:59:11] 
[2026-09-11 19:59:11] [GET] /api/consume/stats cookie=***
[2026-09-11 19:59:11] 
[2026-09-11 19:59:12] [19:59:12] "GET /api/consume/stats HTTP/1.1" 200 -
[2026-09-11 19:59:12] 
[2026-09-11 19:59:12] [19:59:12] "GET /api/stats HTTP/1.1" 200 -
[2026-09-11 19:59:12] 
[2026-09-11 19:59:13] [GET] /api/stats cookie=***
[2026-09-11 19:59:13] 
[2026-09-11 19:59:13] [GET] /api/consume/stats cookie=***
[2026-09-11 19:59:13] 
[2026-09-11 19:59:14] [19:59:14] "GET /api/stats HTTP/1.1" 200 -
[2026-09-11 19:59:14] [19:59:14] "GET /api/consume/stats HTTP/1.1" 200 -
[2026-09-11 19:59:14] 
[2026-09-11 19:59:14] 
[2026-09-11 19:59:26] [GET] /api/stats cookie=***
[2026-09-11 19:59:26] 
[2026-09-11 19:59:26] [19:59:26] "GET /api/stats HTTP/1.1" 200 -
[2026-09-11 19:59:26] 
[2026-09-11 19:59:55] [GET] /api/stats cookie=***
[2026-09-11 19:59:55] 
[2026-09-11 19:59:55] [19:59:55] "GET /api/stats HTTP/1.1" 200 -
[2026-09-11 19:59:55] 
[2026-09-11 20:00:25] [GET] /api/stats cookie=***
[2026-09-11 20:00:25] 
[2026-09-11 20:00:25] [20:00:25] "GET /api/stats HTTP/1.1" 200 -
[2026-09-11 20:00:25] 
[2026-09-11 20:00:55] [GET] /api/stats cookie=***
[2026-09-11 20:00:55] 
[2026-09-11 20:00:55] [20:00:55] "GET /api/stats HTTP/1.1" 200 -
[2026-09-11 20:00:55] 
[2026-09-11 20:01:26] [GET] /api/stats cookie=***
[2026-09-11 20:01:26] 
[2026-09-11 20:01:26] [20:01:26] "GET /api/stats HTTP/1.1" 200 -
[2026-09-11 20:01:26] 
[2026-09-11 20:01:55] [GET] /api/stats cookie=***
[2026-09-11 20:01:55] 
[2026-09-11 20:01:55] [20:01:55] "GET /api/stats HTTP/1.1" 200 -
[2026-09-11 20:01:55] 
[2026-09-11 20:02:25] [GET] /api/stats cookie=***
[2026-09-11 20:02:25] 
[2026-09-11 20:02:25] [20:02:25] "GET /api/stats HTTP/1.1" 200 -
[2026-09-11 20:02:25] 
[2026-09-11 20:02:55] [GET] /api/stats cookie=***
[2026-09-11 20:02:55] 
[2026-09-11 20:02:55] [20:02:55] "GET /api/stats HTTP/1.1" 200 -
[2026-09-11 20:02:55] 
[2026-09-11 20:03:19] [GET] /api/stats cookie=***
[2026-09-11 20:03:19] [GET] /api/consume/stats cookie=***
[2026-09-11 20:03:19] 
[2026-09-11 20:03:19] 
[2026-09-11 20:03:20] [20:03:20] "GET /api/stats HTTP/1.1" 200 -
[2026-09-11 20:03:20] 
[2026-09-11 20:03:20] [20:03:20] "GET /api/consume/stats HTTP/1.1" 200 -
[2026-09-11 20:03:20] 
[2026-09-11 20:03:20] [GET] /api/stats cookie=***
[2026-09-11 20:03:20] 
[2026-09-11 20:03:20] [GET] /api/consume/stats cookie=***
[2026-09-11 20:03:20] 
[2026-09-11 20:03:21] [20:03:21] "GET /api/consume/stats HTTP/1.1" 200 -
[2026-09-11 20:03:21] 
[2026-09-11 20:03:21] [20:03:21] "GET /api/stats HTTP/1.1" 200 -
[2026-09-11 20:03:21] 
[2026-09-11 20:03:25] [GET] /api/stats cookie=***
[2026-09-11 20:03:25] 
[2026-09-11 20:03:25] [20:03:25] "GET /api/stats HTTP/1.1" 200 -
[2026-09-11 20:03:25] 
[2026-09-11 20:03:32] [GET] /api/stats cookie=***
[2026-09-11 20:03:32] 
[2026-09-11 20:03:32] [GET] /api/consume/stats cookie=***
[2026-09-11 20:03:32] 
[2026-09-11 20:03:32] [20:03:32] "GET /api/stats HTTP/1.1" 200 -
[2026-09-11 20:03:32] 
[2026-09-11 20:03:32] [刷新匹配] 保留 10878 条, 更新了 0 条
[2026-09-11 20:03:32] 
[2026-09-11 20:03:34] [20:03:34] "GET /api/consume/stats?from=&to=2026-09-10 HTTP/1.1" 200 -
[2026-09-11 20:03:34] 
[2026-09-11 20:03:34] [GET] /api/stats cookie=***
[2026-09-11 20:03:34] 
[2026-09-11 20:03:34] [GET] /api/consume/stats cookie=***
[2026-09-11 20:03:34] 
[2026-09-11 20:03:34] [20:03:34] "GET /api/stats HTTP/1.1" 200 -
[2026-09-11 20:03:34] [20:03:34] "GET /api/consume/stats?from=&to=2026-09-10 HTTP/1.1" 200 -
[2026-09-11 20:03:34] 
[2026-09-11 20:03:34] 
[2026-09-11 20:03:35] [GET] /api/stats cookie=***
[2026-09-11 20:03:35] 
[2026-09-11 20:03:35] [GET] /api/consume/stats cookie=***
[2026-09-11 20:03:35] 
[2026-09-11 20:03:35] [20:03:35] "GET /api/consume/stats?from=&to=2026-09-10 HTTP/1.1" 200 -
[2026-09-11 20:03:35] 
[2026-09-11 20:03:35] [20:03:35] "GET /api/stats HTTP/1.1" 200 -
[2026-09-11 20:03:35] 
[2026-09-11 20:03:38] [GET] /api/stats cookie=***
[2026-09-11 20:03:38] 
[2026-09-11 20:03:38] [GET] /api/consume/stats cookie=***
[2026-09-11 20:03:38] 
[2026-09-11 20:03:38] [20:03:38] "GET /api/consume/stats?from=&to=2026-09-10 HTTP/1.1" 200 -
[2026-09-11 20:03:38] 
[2026-09-11 20:03:38] [20:03:38] "GET /api/stats HTTP/1.1" 200 -
[2026-09-11 20:03:38] 
[2026-09-11 20:03:38] [GET] /api/consume/stats cookie=***
[2026-09-11 20:03:38] [GET] /api/stats cookie=***
[2026-09-11 20:03:38] 
[2026-09-11 20:03:38] 
[2026-09-11 20:03:39] [20:03:39] "GET /api/consume/stats?from=&to=2026-09-10 HTTP/1.1" 200 -
[2026-09-11 20:03:39] 
[2026-09-11 20:03:39] [20:03:39] "GET /api/stats HTTP/1.1" 200 -
[2026-09-11 20:03:39] 
[2026-09-11 20:03:55] [GET] /api/stats cookie=***
[2026-09-11 20:03:55] 
[2026-09-11 20:03:55] [20:03:55] "GET /api/stats HTTP/1.1" 200 -
[2026-09-11 20:03:55] 
[2026-09-11 20:04:25] [GET] /api/stats cookie=***
[2026-09-11 20:04:25] 
[2026-09-11 20:04:25] [20:04:25] "GET /api/stats HTTP/1.1" 200 -
[2026-09-11 20:04:25] 
[2026-09-11 20:04:55] [GET] /api/stats cookie=***
[2026-09-11 20:04:55] 
[2026-09-11 20:04:55] [20:04:55] "GET /api/stats HTTP/1.1" 200 -
[2026-09-11 20:04:55] 
[2026-09-11 20:05:25] [GET] /api/stats cookie=***
[2026-09-11 20:05:25] 
[2026-09-11 20:05:25] [20:05:25] "GET /api/stats HTTP/1.1" 200 -
[2026-09-11 20:05:25] 
[2026-09-11 20:05:55] [GET] /api/stats cookie=***
[2026-09-11 20:05:55] 
[2026-09-11 20:05:55] [20:05:55] "GET /api/stats HTTP/1.1" 200 -
[2026-09-11 20:05:55] 
[2026-09-11 20:06:16] [GET] /api/stats cookie=***
[2026-09-11 20:06:16] 
[2026-09-11 20:06:16] [GET] /api/consume/stats cookie=***
[2026-09-11 20:06:16] 
[2026-09-11 20:06:16] [20:06:16] "GET /api/consume/stats?from=&to=2026-09-10 HTTP/1.1" 200 -
[2026-09-11 20:06:16] 
[2026-09-11 20:06:16] [20:06:16] "GET /api/stats HTTP/1.1" 200 -
[2026-09-11 20:06:16] 
[2026-09-11 20:06:19] [GET] /api/stats cookie=***
[2026-09-11 20:06:19] [GET] /api/consume/stats cookie=***
[2026-09-11 20:06:19] 
[2026-09-11 20:06:19] 
[2026-09-11 20:06:19] [20:06:19] "GET /api/consume/stats?from=&to=2026-09-10 HTTP/1.1" 200 -
[2026-09-11 20:06:19] 
[2026-09-11 20:06:19] [20:06:19] "GET /api/stats HTTP/1.1" 200 -
[2026-09-11 20:06:19] 
[2026-09-11 20:06:25] [GET] /api/stats cookie=***
[2026-09-11 20:06:25] 
[2026-09-11 20:06:25] [20:06:25] "GET /api/stats HTTP/1.1" 200 -
[2026-09-11 20:06:25] 
[2026-09-11 20:06:25] [GET] /api/consume/account/1620431289649854 cookie=***
[2026-09-11 20:06:25] 
[2026-09-11 20:06:26] [20:06:26] "GET /api/consume/account/1620431289649854 HTTP/1.1" 200 -
[2026-09-11 20:06:26] 
[2026-09-11 20:06:56] [GET] /api/stats cookie=***
[2026-09-11 20:06:56] 
[2026-09-11 20:06:56] [20:06:56] "GET /api/stats HTTP/1.1" 200 -
[2026-09-11 20:06:56] 
[2026-09-11 20:07:26] [GET] /api/stats cookie=***
[2026-09-11 20:07:26] 
[2026-09-11 20:07:27] [20:07:27] "GET /api/stats HTTP/1.1" 200 -
[2026-09-11 20:07:27] 
[2026-09-11 20:07:59] [GET] /api/stats cookie=***
[2026-09-11 20:07:59] 
[2026-09-11 20:07:59] [20:07:59] "GET /api/stats HTTP/1.1" 200 -
[2026-09-11 20:07:59] 
[2026-09-11 20:08:46] [GET] /api/stats cookie=***
[2026-09-11 20:08:46] 
[2026-09-11 20:08:46] [20:08:46] "GET /api/stats HTTP/1.1" 200 -
[2026-09-11 20:08:46] 
[2026-09-11 20:08:51] [GET] /api/consume/account/1620431289649854 cookie=***
[2026-09-11 20:08:51] 
[2026-09-11 20:08:51] [20:08:51] "GET /api/consume/account/1620431289649854 HTTP/1.1" 200 -
[2026-09-11 20:08:51] 
[2026-09-11 20:08:55] [GET] /api/stats cookie=***
[2026-09-11 20:08:55] 
[2026-09-11 20:08:55] [20:08:55] "GET /api/stats HTTP/1.1" 200 -
[2026-09-11 20:08:55] 
[2026-09-11 20:09:07] [GET] /api/consume/account/893081616730560 cookie=***
[2026-09-11 20:09:07] 
[2026-09-11 20:09:07] [20:09:07] "GET /api/consume/account/893081616730560 HTTP/1.1" 200 -
[2026-09-11 20:09:07] 
[2026-09-11 20:09:25] [GET] /api/stats cookie=***
[2026-09-11 20:09:25] 
[2026-09-11 20:09:25] [GET] /api/consume/account/1587849069526024 cookie=***
[2026-09-11 20:09:25] 
[2026-09-11 20:09:25] [20:09:25] "GET /api/stats HTTP/1.1" 200 -
[2026-09-11 20:09:25] 
[2026-09-11 20:09:25] [20:09:25] "GET /api/consume/account/1587849069526024 HTTP/1.1" 200 -
[2026-09-11 20:09:25] 
[2026-09-11 20:09:55] [GET] /api/stats cookie=***
[2026-09-11 20:09:55] 
[2026-09-11 20:09:55] [20:09:55] "GET /api/stats HTTP/1.1" 200 -
[2026-09-11 20:09:55] 
[2026-09-11 20:10:15] [GET] /api/consume/stats cookie=***
[2026-09-11 20:10:15] 
[2026-09-11 20:10:15] [GET] /api/stats cookie=***
[2026-09-11 20:10:15] 
[2026-09-11 20:10:16] [20:10:16] "GET /api/consume/stats?from=&to=2026-09-10 HTTP/1.1" 200 -
[2026-09-11 20:10:16] 
[2026-09-11 20:10:16] [20:10:16] "GET /api/stats HTTP/1.1" 200 -
[2026-09-11 20:10:16] 
[2026-09-11 20:10:25] [GET] /api/stats cookie=***
[2026-09-11 20:10:25] 
[2026-09-11 20:10:25] [20:10:25] "GET /api/stats HTTP/1.1" 200 -
[2026-09-11 20:10:25] 
[2026-09-11 20:10:44] [GET] /api/stats cookie=***
[2026-09-11 20:10:44] 
[2026-09-11 20:10:44] [GET] /api/consume/stats cookie=***
[2026-09-11 20:10:44] 
[2026-09-11 20:10:45] [20:10:45] "GET /api/consume/stats HTTP/1.1" 200 -
[2026-09-11 20:10:45] 
[2026-09-11 20:10:45] [20:10:45] "GET /api/stats HTTP/1.1" 200 -
[2026-09-11 20:10:45] 
[2026-09-11 20:10:55] [GET] /api/stats cookie=***
[2026-09-11 20:10:55] 
[2026-09-11 20:10:55] [20:10:55] "GET /api/stats HTTP/1.1" 200 -
[2026-09-11 20:10:55] 
[2026-09-11 20:11:26] [GET] /api/stats cookie=***
[2026-09-11 20:11:26] 
[2026-09-11 20:11:26] [20:11:26] "GET /api/stats HTTP/1.1" 200 -
[2026-09-11 20:11:26] 
[2026-09-11 20:12:05] [GET] /api/stats cookie=***
[2026-09-11 20:12:05] 
[2026-09-11 20:12:05] [20:12:05] "GET /api/stats HTTP/1.1" 200 -
[2026-09-11 20:12:05] 
[2026-09-11 20:13:03] [GET] /api/stats cookie=***
[2026-09-11 20:13:03] 
[2026-09-11 20:13:03] [20:13:03] "GET /api/stats HTTP/1.1" 200 -
[2026-09-11 20:13:03] 
[2026-09-11 20:13:58] [GET] /api/stats cookie=***
[2026-09-11 20:13:58] 
[2026-09-11 20:13:58] [20:13:58] "GET /api/stats HTTP/1.1" 200 -
[2026-09-11 20:13:58] 
[2026-09-11 20:14:58] [GET] /api/stats cookie=***
[2026-09-11 20:14:58] 
[2026-09-11 20:14:58] [20:14:58] "GET /api/stats HTTP/1.1" 200 -
[2026-09-11 20:14:58] 
[2026-09-11 20:15:58] [GET] /api/stats cookie=***
[2026-09-11 20:15:58] 
[2026-09-11 20:15:58] [20:15:58] "GET /api/stats HTTP/1.1" 200 -
[2026-09-11 20:15:58] 
[2026-09-11 20:16:25] [GET] /api/stats cookie=***
[2026-09-11 20:16:25] 
[2026-09-11 20:16:25] [20:16:25] "GET /api/stats HTTP/1.1" 200 -
[2026-09-11 20:16:25] 
[2026-09-11 20:16:59] [GET] /api/stats cookie=***
[2026-09-11 20:16:59] 
[2026-09-11 20:16:59] [20:16:59] "GET /api/stats HTTP/1.1" 200 -
[2026-09-11 20:16:59] 
[2026-09-11 20:17:25] [GET] /api/stats cookie=***
[2026-09-11 20:17:25] 
[2026-09-11 20:17:25] [20:17:25] "GET /api/stats HTTP/1.1" 200 -
[2026-09-11 20:17:25] 
[2026-09-11 20:18:06] [GET] /api/stats cookie=***
[2026-09-11 20:18:06] 
[2026-09-11 20:18:06] [20:18:06] "GET /api/stats HTTP/1.1" 200 -
[2026-09-11 20:18:06] 
[2026-09-11 20:18:58] [GET] /api/stats cookie=***
[2026-09-11 20:18:58] 
[2026-09-11 20:18:58] [20:18:58] "GET /api/stats HTTP/1.1" 200 -
[2026-09-11 20:18:58] 
[2026-09-11 20:19:58] [GET] /api/stats cookie=***
[2026-09-11 20:19:58] 
[2026-09-11 20:19:58] [20:19:58] "GET /api/stats HTTP/1.1" 200 -
[2026-09-11 20:19:58] 
[2026-09-11 20:20:58] [GET] /api/stats cookie=***
[2026-09-11 20:20:58] 
[2026-09-11 20:20:58] [20:20:58] "GET /api/stats HTTP/1.1" 200 -
[2026-09-11 20:20:58] 
[2026-09-11 20:21:58] [GET] /api/stats cookie=***
[2026-09-11 20:21:58] 
[2026-09-11 20:21:58] [20:21:58] "GET /api/stats HTTP/1.1" 200 -
[2026-09-11 20:21:58] 
[2026-09-11 20:22:58] [GET] /api/stats cookie=***
[2026-09-11 20:22:58] 
[2026-09-11 20:22:58] [20:22:58] "GET /api/stats HTTP/1.1" 200 -
[2026-09-11 20:22:58] 
[2026-09-11 20:23:58] [GET] /api/stats cookie=***
[2026-09-11 20:23:58] 
[2026-09-11 20:23:58] [20:23:58] "GET /api/stats HTTP/1.1" 200 -
[2026-09-11 20:23:58] 
[2026-09-11 20:24:57] [GET] /api/stats cookie=***
[2026-09-11 20:24:57] 
[2026-09-11 20:24:57] [20:24:57] "GET /api/stats HTTP/1.1" 200 -
[2026-09-11 20:24:57] 
[2026-09-11 20:25:01] [GET] /api/stats cookie=***
[2026-09-11 20:25:01] [GET] /api/consume/stats cookie=***
[2026-09-11 20:25:01] 
[2026-09-11 20:25:01] 
[2026-09-11 20:25:02] [20:25:02] "GET /api/consume/stats HTTP/1.1" 200 -
[2026-09-11 20:25:02] 
[2026-09-11 20:25:02] [20:25:02] "GET /api/stats HTTP/1.1" 200 -
[2026-09-11 20:25:02] 
[2026-09-11 20:25:22] [GET] /api/consume/account/1620431289649854 cookie=***
[2026-09-11 20:25:22] 
[2026-09-11 20:25:22] [20:25:22] "GET /api/consume/account/1620431289649854 HTTP/1.1" 200 -
[2026-09-11 20:25:22] 
[2026-09-11 20:25:25] [GET] /api/stats cookie=***
[2026-09-11 20:25:25] 
[2026-09-11 20:25:25] [20:25:25] "GET /api/stats HTTP/1.1" 200 -
[2026-09-11 20:25:25] 
[2026-09-11 20:25:55] [GET] /api/stats cookie=***
[2026-09-11 20:25:55] 
[2026-09-11 20:25:55] [20:25:55] "GET /api/stats HTTP/1.1" 200 -
[2026-09-11 20:25:55] 
[2026-09-11 20:26:25] [GET] /api/stats cookie=***
[2026-09-11 20:26:25] 
[2026-09-11 20:26:25] [20:26:25] "GET /api/stats HTTP/1.1" 200 -
[2026-09-11 20:26:25] 
[2026-09-11 20:26:55] [GET] /api/stats cookie=***
[2026-09-11 20:26:55] 
[2026-09-11 20:26:55] [20:26:55] "GET /api/stats HTTP/1.1" 200 -
[2026-09-11 20:26:55] 
[2026-09-11 20:27:25] [GET] /api/stats cookie=***
[2026-09-11 20:27:25] 
[2026-09-11 20:27:25] [20:27:25] "GET /api/stats HTTP/1.1" 200 -
[2026-09-11 20:27:25] 
[2026-09-11 20:27:55] [GET] /api/stats cookie=***
[2026-09-11 20:27:55] 
[2026-09-11 20:27:55] [20:27:55] "GET /api/stats HTTP/1.1" 200 -
[2026-09-11 20:27:55] 
[2026-09-11 20:28:16] [GET]  cookie=***
[2026-09-11 20:28:16] 
[2026-09-11 20:28:16] [20:28:16] "GET / HTTP/1.1" 200 -
[2026-09-11 20:28:16] 
[2026-09-11 20:28:16] [GET] /xlsx.full.min.js cookie=***
[2026-09-11 20:28:16] 
[2026-09-11 20:28:16] [20:28:16] "GET /xlsx.full.min.js HTTP/1.1" 200 -
[2026-09-11 20:28:16] 
[2026-09-11 20:28:16] [GET] /api/auth/me cookie=***
[2026-09-11 20:28:16] 
[2026-09-11 20:28:16] [20:28:16] "GET /api/auth/me?t=1789129696400 HTTP/1.1" 200 -
[2026-09-11 20:28:16] 
[2026-09-11 20:28:16] [GET] /api/consume/import-log cookie=***
[2026-09-11 20:28:16] [GET] /api/users cookie=***
[2026-09-11 20:28:16] 
[2026-09-11 20:28:16] [GET] /api/settings cookie=***
[2026-09-11 20:28:16] 
[2026-09-11 20:28:16] [GET] /api/ops-log cookie=***
[2026-09-11 20:28:16] 
[2026-09-11 20:28:16] [GET] /api/stats cookie=***
[2026-09-11 20:28:16] 
[2026-09-11 20:28:16] 
[2026-09-11 20:28:16] [20:28:16] "GET /api/consume/import-log HTTP/1.1" 200 -
[2026-09-11 20:28:16] 
[2026-09-11 20:28:16] [20:28:16] "GET /api/settings HTTP/1.1" 200 -
[2026-09-11 20:28:16] 
[2026-09-11 20:28:16] [20:28:16] "GET /api/users HTTP/1.1" 200 -
[2026-09-11 20:28:16] 
[2026-09-11 20:28:16] [20:28:16] "GET /api/ops-log HTTP/1.1" 200 -
[2026-09-11 20:28:16] 
[2026-09-11 20:28:16] [GET] /api/meta/tokens cookie=***
[2026-09-11 20:28:16] 
[2026-09-11 20:28:17] [GET] /api/meta/auto-sync-cfg cookie=***
[2026-09-11 20:28:17] 
[2026-09-11 20:28:17] [20:28:17] "GET /api/stats?_t=1789129696451 HTTP/1.1" 200 -
[2026-09-11 20:28:17] 
[2026-09-11 20:28:17] [GET] /api/health cookie=***
[2026-09-11 20:28:17] 
[2026-09-11 20:28:17] [20:28:17] "GET /api/health HTTP/1.1" 200 -
[2026-09-11 20:28:17] 
[2026-09-11 20:28:17] [20:28:17] "GET /api/meta/auto-sync-cfg HTTP/1.1" 200 -
[2026-09-11 20:28:17] 
[2026-09-11 20:28:17] [20:28:17] "GET /api/meta/tokens HTTP/1.1" 200 -
[2026-09-11 20:28:17] [GET] /api/mapping cookie=***
[2026-09-11 20:28:17] [GET] /api/recharge cookie=***
[2026-09-11 20:28:17] 
[2026-09-11 20:28:17] 
[2026-09-11 20:28:17] 
[2026-09-11 20:28:17] [GET] /api/payment cookie=***
[2026-09-11 20:28:17] [GET] /api/refund cookie=***
[2026-09-11 20:28:17] [GET] /api/client_status cookie=***
[2026-09-11 20:28:17] 
[2026-09-11 20:28:17] [GET] /api/consume cookie=***
[2026-09-11 20:28:17] 
[2026-09-11 20:28:17] 
[2026-09-11 20:28:17] 
[2026-09-11 20:28:17] [20:28:17] "GET /api/client_status HTTP/1.1" 200 -
[2026-09-11 20:28:17] 
[2026-09-11 20:28:17] [20:28:17] "GET /api/mapping HTTP/1.1" 200 -
[2026-09-11 20:28:17] 
[2026-09-11 20:28:17] [GET] /api/service-fee cookie=***
[2026-09-11 20:28:17] [20:28:17] "GET /api/refund HTTP/1.1" 200 -
[2026-09-11 20:28:17] 
[2026-09-11 20:28:17] 
[2026-09-11 20:28:17] [20:28:17] "GET /api/payment HTTP/1.1" 200 -
[2026-09-11 20:28:17] 
[2026-09-11 20:28:17] [20:28:17] "GET /api/service-fee HTTP/1.1" 200 -
[2026-09-11 20:28:17] 
[2026-09-11 20:28:17] [20:28:17] "GET /api/consume HTTP/1.1" 200 -
[2026-09-11 20:28:17] 
[2026-09-11 20:28:17] [20:28:17] "GET /api/recharge HTTP/1.1" 200 -
[2026-09-11 20:28:17] 
[2026-09-11 20:28:18] [GET] /api/stats cookie=***
[2026-09-11 20:28:18] 
[2026-09-11 20:28:18] [GET] /api/consume/stats cookie=***
[2026-09-11 20:28:18] 
[2026-09-11 20:28:18] [20:28:18] "GET /api/consume/stats HTTP/1.1" 200 -
[2026-09-11 20:28:18] [20:28:18] "GET /api/stats HTTP/1.1" 200 -
[2026-09-11 20:28:18] 
[2026-09-11 20:28:18] 
[2026-09-11 20:28:26] [GET] /api/stats cookie=***
[2026-09-11 20:28:26] [GET] /api/consume/stats cookie=***
[2026-09-11 20:28:26] 
[2026-09-11 20:28:26] 
[2026-09-11 20:28:27] [20:28:27] "GET /api/consume/stats HTTP/1.1" 200 -
[2026-09-11 20:28:27] 
[2026-09-11 20:28:27] [20:28:27] "GET /api/stats HTTP/1.1" 200 -
[2026-09-11 20:28:27] 
[2026-09-11 20:28:54] [GET] /api/stats cookie=***
[2026-09-11 20:28:54] 
[2026-09-11 20:28:54] [20:28:54] "GET /api/stats HTTP/1.1" 200 -
[2026-09-11 20:28:54] 
[2026-09-11 20:29:20] [GET] /api/stats cookie=***
[2026-09-11 20:29:20] 
[2026-09-11 20:29:20] [20:29:20] "GET /api/stats HTTP/1.1" 200 -
[2026-09-11 20:29:20] 
[2026-09-11 20:29:49] [GET] /api/stats cookie=***
[2026-09-11 20:29:49] 
[2026-09-11 20:29:49] [20:29:49] "GET /api/stats HTTP/1.1" 200 -
[2026-09-11 20:29:49] 
[2026-09-11 20:30:20] [GET] /api/stats cookie=***
[2026-09-11 20:30:20] 
[2026-09-11 20:30:20] [20:30:20] "GET /api/stats HTTP/1.1" 200 -
[2026-09-11 20:30:20] 
[2026-09-11 20:30:50] [GET] /api/stats cookie=***
[2026-09-11 20:30:50] 
[2026-09-11 20:30:50] [20:30:50] "GET /api/stats HTTP/1.1" 200 -
[2026-09-11 20:30:50] 
[2026-09-11 20:31:23] [GET] /api/stats cookie=***
[2026-09-11 20:31:23] 
[2026-09-11 20:31:23] [20:31:23] "GET /api/stats HTTP/1.1" 200 -
[2026-09-11 20:31:23] 
[2026-09-11 20:31:49] [GET] /api/stats cookie=***
[2026-09-11 20:31:49] 
[2026-09-11 20:31:49] [20:31:49] "GET /api/stats HTTP/1.1" 200 -
[2026-09-11 20:31:49] 
[2026-09-11 20:32:14] [GET] /api/stats cookie=***
[2026-09-11 20:32:14] 
[2026-09-11 20:32:14] [GET] /api/consume/stats cookie=***
[2026-09-11 20:32:14] 
[2026-09-11 20:32:14] [20:32:14] "GET /api/consume/stats?from=&to=2026-09-10 HTTP/1.1" 200 -
[2026-09-11 20:32:14] 
[2026-09-11 20:32:14] [20:32:14] "GET /api/stats HTTP/1.1" 200 -
[2026-09-11 20:32:14] 
[2026-09-11 20:32:19] [GET] /api/stats cookie=***
[2026-09-11 20:32:19] 
[2026-09-11 20:32:19] [20:32:19] "GET /api/stats HTTP/1.1" 200 -
[2026-09-11 20:32:19] 
[2026-09-11 20:32:49] [GET] /api/stats cookie=***
[2026-09-11 20:32:49] 
[2026-09-11 20:32:49] [20:32:49] "GET /api/stats HTTP/1.1" 200 -
[2026-09-11 20:32:49] 
[2026-09-11 20:33:19] [GET] /api/stats cookie=***
[2026-09-11 20:33:19] 
[2026-09-11 20:33:19] [20:33:19] "GET /api/stats HTTP/1.1" 200 -
[2026-09-11 20:33:19] 
[2026-09-11 20:33:53] [GET] /api/stats cookie=***
[2026-09-11 20:33:53] 
[2026-09-11 20:33:54] [20:33:54] "GET /api/stats HTTP/1.1" 200 -
[2026-09-11 20:33:54] 
[2026-09-11 20:33:58] [GET] /api/stats cookie=***
[2026-09-11 20:33:58] 
[2026-09-11 20:33:58] [GET] /api/consume/stats cookie=***
[2026-09-11 20:33:58] 
[2026-09-11 20:33:58] [20:33:58] "GET /api/consume/stats?from=&to=2026-09-10 HTTP/1.1" 200 -
[2026-09-11 20:33:58] [20:33:58] "GET /api/stats HTTP/1.1" 200 -
[2026-09-11 20:33:58] 
[2026-09-11 20:33:58] 
[2026-09-11 20:34:05] [GET] /api/consume/account/1042789901726264 cookie=***
[2026-09-11 20:34:05] 
[2026-09-11 20:34:06] [20:34:06] "GET /api/consume/account/1042789901726264 HTTP/1.1" 200 -
[2026-09-11 20:34:06] 
[2026-09-11 20:34:19] [GET] /api/stats cookie=***
[2026-09-11 20:34:19] 
[2026-09-11 20:34:19] [20:34:19] "GET /api/stats HTTP/1.1" 200 -
[2026-09-11 20:34:19] 
[2026-09-11 20:34:49] [GET] /api/stats cookie=***
[2026-09-11 20:34:49] 
[2026-09-11 20:34:49] [20:34:49] "GET /api/stats HTTP/1.1" 200 -
[2026-09-11 20:34:49] 
[2026-09-11 20:35:19] [GET] /api/stats cookie=***
[2026-09-11 20:35:19] 
[2026-09-11 20:35:20] [20:35:20] "GET /api/stats HTTP/1.1" 200 -
[2026-09-11 20:35:20] 
[2026-09-11 20:35:54] [GET] /api/stats cookie=***
[2026-09-11 20:35:54] 
[2026-09-11 20:35:54] [20:35:54] "GET /api/stats HTTP/1.1" 200 -
[2026-09-11 20:35:54] 
[2026-09-11 20:36:30] [GET] /api/stats cookie=***
[2026-09-11 20:36:30] 
[2026-09-11 20:36:30] [20:36:30] "GET /api/stats HTTP/1.1" 200 -
[2026-09-11 20:36:30] 
[2026-09-11 20:36:49] [GET] /api/stats cookie=***
[2026-09-11 20:36:49] 
[2026-09-11 20:36:49] [20:36:49] "GET /api/stats HTTP/1.1" 200 -
[2026-09-11 20:36:49] 
[2026-09-11 20:37:17] [GET] /api/consume/account/1042789901726264 cookie=***
[2026-09-11 20:37:17] 
[2026-09-11 20:37:17] [20:37:17] "GET /api/consume/account/1042789901726264 HTTP/1.1" 200 -
[2026-09-11 20:37:17] 
[2026-09-11 20:37:19] [GET] /api/stats cookie=***
[2026-09-11 20:37:19] 
[2026-09-11 20:37:19] [20:37:19] "GET /api/stats HTTP/1.1" 200 -
[2026-09-11 20:37:19] 
[2026-09-11 20:37:53] [GET] /api/stats cookie=***
[2026-09-11 20:37:53] 
[2026-09-11 20:37:54] [20:37:54] "GET /api/stats HTTP/1.1" 200 -
[2026-09-11 20:37:54] 
[2026-09-11 20:38:19] [GET] /api/stats cookie=***
[2026-09-11 20:38:19] 
[2026-09-11 20:38:19] [20:38:19] "GET /api/stats HTTP/1.1" 200 -
[2026-09-11 20:38:19] 
[2026-09-11 20:38:51] [GET] /api/stats cookie=***
[2026-09-11 20:38:51] 
[2026-09-11 20:38:51] [20:38:51] "GET /api/stats HTTP/1.1" 200 -
[2026-09-11 20:38:51] 
[2026-09-11 20:39:28] [GET] /api/stats cookie=***
[2026-09-11 20:39:28] 
[2026-09-11 20:39:29] [20:39:29] "GET /api/stats HTTP/1.1" 200 -
[2026-09-11 20:39:29] 
[2026-09-11 20:39:58] [GET] /api/stats cookie=***
[2026-09-11 20:39:58] 
[2026-09-11 20:39:59] [20:39:59] "GET /api/stats HTTP/1.1" 200 -
[2026-09-11 20:39:59] 
[2026-09-11 20:40:58] [GET] /api/stats cookie=***
[2026-09-11 20:40:58] 
[2026-09-11 20:40:59] [20:40:59] "GET /api/stats HTTP/1.1" 200 -
[2026-09-11 20:40:59] 
[2026-09-11 20:41:58] [GET] /api/stats cookie=***
[2026-09-11 20:41:58] 
[2026-09-11 20:41:58] [20:41:58] "GET /api/stats HTTP/1.1" 200 -
[2026-09-11 20:41:58] 
[2026-09-11 20:42:58] [GET] /api/stats cookie=***
[2026-09-11 20:42:58] 
[2026-09-11 20:42:58] [20:42:58] "GET /api/stats HTTP/1.1" 200 -
[2026-09-11 20:42:58] 
[2026-09-11 20:43:58] [GET] /api/stats cookie=***
[2026-09-11 20:43:58] 
[2026-09-11 20:43:58] [20:43:58] "GET /api/stats HTTP/1.1" 200 -
[2026-09-11 20:43:58] 
[2026-09-11 20:44:17] [GET] /api/stats cookie=***
[2026-09-11 20:44:17] 
[2026-09-11 20:44:17] [GET] /api/consume/stats cookie=***
[2026-09-11 20:44:17] 
[2026-09-11 20:44:18] [20:44:18] "GET /api/stats HTTP/1.1" 200 -
[2026-09-11 20:44:18] 
[2026-09-11 20:44:18] [20:44:18] "GET /api/consume/stats?from=&to=2026-09-10 HTTP/1.1" 200 -
[2026-09-11 20:44:18] 
[2026-09-11 20:44:19] [GET] /api/stats cookie=***
[2026-09-11 20:44:19] 
[2026-09-11 20:44:19] [20:44:19] "GET /api/stats HTTP/1.1" 200 -
[2026-09-11 20:44:19] 
[2026-09-11 20:44:49] [GET] /api/stats cookie=***
[2026-09-11 20:44:49] 
[2026-09-11 20:44:49] [20:44:49] "GET /api/stats HTTP/1.1" 200 -
[2026-09-11 20:44:49] 
[2026-09-11 20:45:03] [GET] /api/health cookie=***
[2026-09-11 20:45:03] 
[2026-09-11 20:45:03] [20:45:03] "GET /api/health HTTP/1.1" 200 -
[2026-09-11 20:45:03] 
[2026-09-11 20:45:03] [GET] /api/mapping cookie=***
[2026-09-11 20:45:03] [GET] /api/recharge cookie=***
[2026-09-11 20:45:03] 
[2026-09-11 20:45:03] 
[2026-09-11 20:45:03] [GET] /api/payment cookie=***
[2026-09-11 20:45:03] [GET] /api/refund cookie=***
[2026-09-11 20:45:03] 
[2026-09-11 20:45:03] 
[2026-09-11 20:45:03] [GET] /api/client_status cookie=***
[2026-09-11 20:45:03] [GET] /api/consume cookie=***
[2026-09-11 20:45:03] 
[2026-09-11 20:45:03] 
[2026-09-11 20:45:03] [20:45:03] "GET /api/mapping HTTP/1.1" 200 -
[2026-09-11 20:45:03] 
[2026-09-11 20:45:03] [20:45:03] "GET /api/refund HTTP/1.1" 200 -
[2026-09-11 20:45:03] 
[2026-09-11 20:45:03] [GET] /api/service-fee cookie=***
[2026-09-11 20:45:03] 
[2026-09-11 20:45:03] [20:45:03] "GET /api/payment HTTP/1.1" 200 -
[2026-09-11 20:45:03] 
[2026-09-11 20:45:03] [20:45:03] "GET /api/client_status HTTP/1.1" 200 -
[2026-09-11 20:45:03] 
[2026-09-11 20:45:03] [20:45:03] "GET /api/service-fee HTTP/1.1" 200 -
[2026-09-11 20:45:03] 
[2026-09-11 20:45:03] [20:45:03] "GET /api/consume HTTP/1.1" 200 -
[2026-09-11 20:45:03] 
[2026-09-11 20:45:03] [20:45:03] "GET /api/recharge HTTP/1.1" 200 -
[2026-09-11 20:45:03] 
[2026-09-11 20:45:04] [GET] /api/stats cookie=***
[2026-09-11 20:45:04] 
[2026-09-11 20:45:04] [GET] /api/consume/stats cookie=***
[2026-09-11 20:45:04] 
[2026-09-11 20:45:05] [20:45:05] "GET /api/stats HTTP/1.1" 200 -
[2026-09-11 20:45:05] 
[2026-09-11 20:45:05] [20:45:05] "GET /api/consume/stats?from=&to=2026-09-10 HTTP/1.1" 200 -
[2026-09-11 20:45:05] 
[2026-09-11 20:45:19] [GET] /api/stats cookie=***
[2026-09-11 20:45:19] 
[2026-09-11 20:45:19] [20:45:19] "GET /api/stats HTTP/1.1" 200 -
[2026-09-11 20:45:19] 
[2026-09-11 20:45:54] [GET] /api/stats cookie=***
[2026-09-11 20:45:54] 
[2026-09-11 20:45:55] [20:45:55] "GET /api/stats HTTP/1.1" 200 -
[2026-09-11 20:45:55] 
[2026-09-11 20:46:20] [GET] /api/stats cookie=***
[2026-09-11 20:46:20] 
[2026-09-11 20:46:20] [20:46:20] "GET /api/stats HTTP/1.1" 200 -
[2026-09-11 20:46:20] 
[2026-09-11 20:46:58] [GET] /api/stats cookie=***
[2026-09-11 20:46:58] 
[2026-09-11 20:46:58] [20:46:58] "GET /api/stats HTTP/1.1" 200 -
[2026-09-11 20:46:58] 
[2026-09-11 20:47:58] [GET] /api/stats cookie=***
[2026-09-11 20:47:58] 
[2026-09-11 20:47:58] [20:47:58] "GET /api/stats HTTP/1.1" 200 -
[2026-09-11 20:47:58] 
[2026-09-11 20:48:58] [GET] /api/stats cookie=***
[2026-09-11 20:48:58] 
[2026-09-11 20:48:58] [20:48:58] "GET /api/stats HTTP/1.1" 200 -
[2026-09-11 20:48:58] 
[2026-09-11 20:49:58] [GET] /api/stats cookie=***
[2026-09-11 20:49:58] 
[2026-09-11 20:49:58] [20:49:58] "GET /api/stats HTTP/1.1" 200 -
[2026-09-11 20:49:58] 
[2026-09-11 20:50:58] [GET] /api/stats cookie=***
[2026-09-11 20:50:58] 
[2026-09-11 20:50:58] [20:50:58] "GET /api/stats HTTP/1.1" 200 -
[2026-09-11 20:50:58] 
[2026-09-11 20:51:58] [GET] /api/stats cookie=***
[2026-09-11 20:51:58] 
[2026-09-11 20:51:58] [20:51:58] "GET /api/stats HTTP/1.1" 200 -
[2026-09-11 20:51:58] 
[2026-09-11 20:52:58] [GET] /api/stats cookie=***
[2026-09-11 20:52:58] 
[2026-09-11 20:52:58] [20:52:58] "GET /api/stats HTTP/1.1" 200 -
[2026-09-11 20:52:58] 
[2026-09-11 20:53:58] [GET] /api/stats cookie=***
[2026-09-11 20:53:58] 
[2026-09-11 20:53:58] [20:53:58] "GET /api/stats HTTP/1.1" 200 -
[2026-09-11 20:53:58] 
[2026-09-11 20:54:19] [GET] /api/stats cookie=***
[2026-09-11 20:54:19] 
[2026-09-11 20:54:19] [20:54:19] "GET /api/stats HTTP/1.1" 200 -
[2026-09-11 20:54:19] 
[2026-09-11 20:54:49] [GET] /api/stats cookie=***
[2026-09-11 20:54:49] 
[2026-09-11 20:54:49] [20:54:49] "GET /api/stats HTTP/1.1" 200 -
[2026-09-11 20:54:49] 
[2026-09-11 20:55:19] [GET] /api/stats cookie=***
[2026-09-11 20:55:19] 
[2026-09-11 20:55:19] [20:55:19] "GET /api/stats HTTP/1.1" 200 -
[2026-09-11 20:55:19] 
[2026-09-11 20:55:49] [GET] /api/stats cookie=***
[2026-09-11 20:55:49] 
[2026-09-11 20:55:49] [20:55:49] "GET /api/stats HTTP/1.1" 200 -
[2026-09-11 20:55:49] 
[2026-09-11 20:56:19] [GET] /api/stats cookie=***
[2026-09-11 20:56:19] 
[2026-09-11 20:56:19] [20:56:19] "GET /api/stats HTTP/1.1" 200 -
[2026-09-11 20:56:19] 
[2026-09-11 20:56:49] [GET] /api/stats cookie=***
[2026-09-11 20:56:49] 
[2026-09-11 20:56:49] [20:56:49] "GET /api/stats HTTP/1.1" 200 -
[2026-09-11 20:56:49] 
[2026-09-11 20:57:19] [GET] /api/stats cookie=***
[2026-09-11 20:57:19] 
[2026-09-11 20:57:19] [20:57:19] "GET /api/stats HTTP/1.1" 200 -
[2026-09-11 20:57:19] 
[2026-09-11 20:57:49] [GET] /api/stats cookie=***
[2026-09-11 20:57:49] 
[2026-09-11 20:57:49] [20:57:49] "GET /api/stats HTTP/1.1" 200 -
[2026-09-11 20:57:49] 
[2026-09-11 20:58:19] [GET] /api/stats cookie=***
[2026-09-11 20:58:19] 
[2026-09-11 20:58:19] [20:58:19] "GET /api/stats HTTP/1.1" 200 -
[2026-09-11 20:58:19] 
[2026-09-11 20:58:49] [GET] /api/stats cookie=***
[2026-09-11 20:58:49] 
[2026-09-11 20:58:49] [20:58:49] "GET /api/stats HTTP/1.1" 200 -
[2026-09-11 20:58:49] 
[2026-09-11 20:59:19] [GET] /api/stats cookie=***
[2026-09-11 20:59:19] 
[2026-09-11 20:59:19] [20:59:19] "GET /api/stats HTTP/1.1" 200 -
[2026-09-11 20:59:19] 
[2026-09-11 20:59:49] [GET] /api/stats cookie=***
[2026-09-11 20:59:49] 
[2026-09-11 20:59:49] [20:59:49] "GET /api/stats HTTP/1.1" 200 -
[2026-09-11 20:59:49] 
[2026-09-11 21:00:19] [GET] /api/stats cookie=***
[2026-09-11 21:00:19] 
[2026-09-11 21:00:19] [21:00:19] "GET /api/stats HTTP/1.1" 200 -
[2026-09-11 21:00:19] 
[2026-09-11 21:00:49] [GET] /api/stats cookie=***
[2026-09-11 21:00:49] 
[2026-09-11 21:00:49] [21:00:49] "GET /api/stats HTTP/1.1" 200 -
[2026-09-11 21:00:49] 
[2026-09-11 21:01:19] [GET] /api/stats cookie=***
[2026-09-11 21:01:19] 
[2026-09-11 21:01:19] [21:01:19] "GET /api/stats HTTP/1.1" 200 -
[2026-09-11 21:01:19] 
[2026-09-11 21:01:49] [GET] /api/stats cookie=***
[2026-09-11 21:01:49] 
[2026-09-11 21:01:49] [21:01:49] "GET /api/stats HTTP/1.1" 200 -
[2026-09-11 21:01:49] 
[2026-09-11 21:02:19] [GET] /api/stats cookie=***
[2026-09-11 21:02:19] 
[2026-09-11 21:02:19] [21:02:19] "GET /api/stats HTTP/1.1" 200 -
[2026-09-11 21:02:19] 
[2026-09-11 21:02:49] [GET] /api/stats cookie=***
[2026-09-11 21:02:49] 
[2026-09-11 21:02:49] [21:02:49] "GET /api/stats HTTP/1.1" 200 -
[2026-09-11 21:02:49] 
[2026-09-11 21:03:19] [GET] /api/stats cookie=***
[2026-09-11 21:03:19] 
[2026-09-11 21:03:19] [21:03:19] "GET /api/stats HTTP/1.1" 200 -
[2026-09-11 21:03:19] 
[2026-09-11 21:03:49] [GET] /api/stats cookie=***
[2026-09-11 21:03:49] 
[2026-09-11 21:03:49] [21:03:49] "GET /api/stats HTTP/1.1" 200 -
[2026-09-11 21:03:49] 
[2026-09-11 21:04:19] [GET] /api/stats cookie=***
[2026-09-11 21:04:19] 
[2026-09-11 21:04:19] [21:04:19] "GET /api/stats HTTP/1.1" 200 -
[2026-09-11 21:04:19] 
[2026-09-11 21:04:49] [GET] /api/stats cookie=***
[2026-09-11 21:04:49] 
[2026-09-11 21:04:49] [21:04:49] "GET /api/stats HTTP/1.1" 200 -
[2026-09-11 21:04:49] 
[2026-09-11 21:05:19] [GET] /api/stats cookie=***
[2026-09-11 21:05:19] 
[2026-09-11 21:05:19] [21:05:19] "GET /api/stats HTTP/1.1" 200 -
[2026-09-11 21:05:19] 
[2026-09-11 21:05:49] [GET] /api/stats cookie=***
[2026-09-11 21:05:49] 
[2026-09-11 21:05:49] [21:05:49] "GET /api/stats HTTP/1.1" 200 -
[2026-09-11 21:05:49] 
[2026-09-11 21:06:19] [GET] /api/stats cookie=***
[2026-09-11 21:06:19] 
[2026-09-11 21:06:19] [21:06:19] "GET /api/stats HTTP/1.1" 200 -
[2026-09-11 21:06:19] 
[2026-09-11 21:06:49] [GET] /api/stats cookie=***
[2026-09-11 21:06:49] 
[2026-09-11 21:06:49] [21:06:49] "GET /api/stats HTTP/1.1" 200 -
[2026-09-11 21:06:49] 
[2026-09-11 21:07:19] [GET] /api/stats cookie=***
[2026-09-11 21:07:19] 
[2026-09-11 21:07:19] [21:07:19] "GET /api/stats HTTP/1.1" 200 -
[2026-09-11 21:07:19] 
[2026-09-11 21:07:49] [GET] /api/stats cookie=***
[2026-09-11 21:07:49] 
[2026-09-11 21:07:49] [21:07:49] "GET /api/stats HTTP/1.1" 200 -
[2026-09-11 21:07:49] 
[2026-09-11 21:08:19] [GET] /api/stats cookie=***
[2026-09-11 21:08:19] 
[2026-09-11 21:08:19] [21:08:19] "GET /api/stats HTTP/1.1" 200 -
[2026-09-11 21:08:19] 
[2026-09-11 21:08:49] [GET] /api/stats cookie=***
[2026-09-11 21:08:49] 
[2026-09-11 21:08:49] [21:08:49] "GET /api/stats HTTP/1.1" 200 -
[2026-09-11 21:08:49] 
[2026-09-11 21:09:19] [GET] /api/stats cookie=***
[2026-09-11 21:09:19] 
[2026-09-11 21:09:19] [21:09:19] "GET /api/stats HTTP/1.1" 200 -
[2026-09-11 21:09:19] 
[2026-09-11 21:09:49] [GET] /api/stats cookie=***
[2026-09-11 21:09:49] 
[2026-09-11 21:09:49] [21:09:49] "GET /api/stats HTTP/1.1" 200 -
[2026-09-11 21:09:49] 
[2026-09-11 21:10:19] [GET] /api/stats cookie=***
[2026-09-11 21:10:19] 
[2026-09-11 21:10:19] [21:10:19] "GET /api/stats HTTP/1.1" 200 -
[2026-09-11 21:10:19] 
[2026-09-11 21:10:49] [GET] /api/stats cookie=***
[2026-09-11 21:10:49] 
[2026-09-11 21:10:49] [21:10:49] "GET /api/stats HTTP/1.1" 200 -
[2026-09-11 21:10:49] 
[2026-09-11 21:11:19] [GET] /api/stats cookie=***
[2026-09-11 21:11:19] 
[2026-09-11 21:11:19] [21:11:19] "GET /api/stats HTTP/1.1" 200 -
[2026-09-11 21:11:19] 
[2026-09-11 21:11:49] [GET] /api/stats cookie=***
[2026-09-11 21:11:49] 
[2026-09-11 21:11:49] [21:11:49] "GET /api/stats HTTP/1.1" 200 -
[2026-09-11 21:11:49] 
[2026-09-11 21:12:19] [GET] /api/stats cookie=***
[2026-09-11 21:12:19] 
[2026-09-11 21:12:19] [21:12:19] "GET /api/stats HTTP/1.1" 200 -
[2026-09-11 21:12:19] 
[2026-09-11 21:12:49] [GET] /api/stats cookie=***
[2026-09-11 21:12:49] 
[2026-09-11 21:12:49] [21:12:49] "GET /api/stats HTTP/1.1" 200 -
[2026-09-11 21:12:49] 
[2026-09-11 21:13:19] [GET] /api/stats cookie=***
[2026-09-11 21:13:19] 
[2026-09-11 21:13:19] [21:13:19] "GET /api/stats HTTP/1.1" 200 -
[2026-09-11 21:13:19] 
[2026-09-11 21:13:49] [GET] /api/stats cookie=***
[2026-09-11 21:13:49] 
[2026-09-11 21:13:49] [21:13:49] "GET /api/stats HTTP/1.1" 200 -
[2026-09-11 21:13:49] 
[2026-09-11 21:14:19] [GET] /api/stats cookie=***
[2026-09-11 21:14:19] 
[2026-09-11 21:14:19] [21:14:19] "GET /api/stats HTTP/1.1" 200 -
[2026-09-11 21:14:19] 
[2026-09-11 21:14:49] [GET] /api/stats cookie=***
[2026-09-11 21:14:49] 
[2026-09-11 21:14:49] [21:14:49] "GET /api/stats HTTP/1.1" 200 -
[2026-09-11 21:14:49] 
[2026-09-11 21:15:19] [GET] /api/stats cookie=***
[2026-09-11 21:15:19] 
[2026-09-11 21:15:19] [21:15:19] "GET /api/stats HTTP/1.1" 200 -
[2026-09-11 21:15:19] 
[2026-09-11 21:15:49] [GET] /api/stats cookie=***
[2026-09-11 21:15:49] 
[2026-09-11 21:15:50] [21:15:50] "GET /api/stats HTTP/1.1" 200 -
[2026-09-11 21:15:50] 
[2026-09-11 21:16:19] [GET] /api/stats cookie=***
[2026-09-11 21:16:19] 
[2026-09-11 21:16:19] [21:16:19] "GET /api/stats HTTP/1.1" 200 -
[2026-09-11 21:16:19] 
[2026-09-11 21:16:49] [GET] /api/stats cookie=***
[2026-09-11 21:16:49] 
[2026-09-11 21:16:49] [21:16:49] "GET /api/stats HTTP/1.1" 200 -
[2026-09-11 21:16:49] 
[2026-09-11 21:17:19] [GET] /api/stats cookie=***
[2026-09-11 21:17:19] 
[2026-09-11 21:17:19] [21:17:19] "GET /api/stats HTTP/1.1" 200 -
[2026-09-11 21:17:19] 
[2026-09-11 21:17:49] [GET] /api/stats cookie=***
[2026-09-11 21:17:49] 
[2026-09-11 21:17:50] [21:17:50] "GET /api/stats HTTP/1.1" 200 -
[2026-09-11 21:17:50] 
[2026-09-11 21:18:19] [GET] /api/stats cookie=***
[2026-09-11 21:18:19] 
[2026-09-11 21:18:19] [21:18:19] "GET /api/stats HTTP/1.1" 200 -
[2026-09-11 21:18:19] 
[2026-09-11 21:18:49] [GET] /api/stats cookie=***
[2026-09-11 21:18:49] 
[2026-09-11 21:18:49] [21:18:49] "GET /api/stats HTTP/1.1" 200 -
[2026-09-11 21:18:49] 
[2026-09-11 21:19:19] [GET] /api/stats cookie=***
[2026-09-11 21:19:19] 
[2026-09-11 21:19:19] [21:19:19] "GET /api/stats HTTP/1.1" 200 -
[2026-09-11 21:19:19] 
[2026-09-11 21:19:49] [GET] /api/stats cookie=***
[2026-09-11 21:19:49] 
[2026-09-11 21:19:49] [21:19:49] "GET /api/stats HTTP/1.1" 200 -
[2026-09-11 21:19:49] 
[2026-09-11 21:20:19] [GET] /api/stats cookie=***
[2026-09-11 21:20:19] 
[2026-09-11 21:20:19] [21:20:19] "GET /api/stats HTTP/1.1" 200 -
[2026-09-11 21:20:19] 
[2026-09-11 21:20:49] [GET] /api/stats cookie=***
[2026-09-11 21:20:49] 
[2026-09-11 21:20:49] [21:20:49] "GET /api/stats HTTP/1.1" 200 -
[2026-09-11 21:20:49] 
[2026-09-11 21:21:19] [GET] /api/stats cookie=***
[2026-09-11 21:21:19] 
[2026-09-11 21:21:19] [21:21:19] "GET /api/stats HTTP/1.1" 200 -
[2026-09-11 21:21:19] 
[2026-09-11 21:21:49] [GET] /api/stats cookie=***
[2026-09-11 21:21:49] 
[2026-09-11 21:21:49] [21:21:49] "GET /api/stats HTTP/1.1" 200 -
[2026-09-11 21:21:49] 
[2026-09-11 21:22:19] [GET] /api/stats cookie=***
[2026-09-11 21:22:19] 
[2026-09-11 21:22:19] [21:22:19] "GET /api/stats HTTP/1.1" 200 -
[2026-09-11 21:22:19] 
[2026-09-11 21:22:49] [GET] /api/stats cookie=***
[2026-09-11 21:22:49] 
[2026-09-11 21:22:49] [21:22:49] "GET /api/stats HTTP/1.1" 200 -
[2026-09-11 21:22:49] 
[2026-09-11 21:23:19] [GET] /api/stats cookie=***
[2026-09-11 21:23:19] 
[2026-09-11 21:23:19] [21:23:19] "GET /api/stats HTTP/1.1" 200 -
[2026-09-11 21:23:19] 
[2026-09-11 21:24:00] [GET] /api/stats cookie=***
[2026-09-11 21:24:00] 
[2026-09-11 21:24:00] [21:24:00] "GET /api/stats HTTP/1.1" 200 -
[2026-09-11 21:24:00] 
[2026-09-11 21:24:23] [GET] /api/stats cookie=***
[2026-09-11 21:24:23] 
[2026-09-11 21:24:24] [21:24:24] "GET /api/stats HTTP/1.1" 200 -
[2026-09-11 21:24:24] 
[2026-09-11 21:24:58] [GET] /api/stats cookie=***
[2026-09-11 21:24:58] 
[2026-09-11 21:24:58] [21:24:58] "GET /api/stats HTTP/1.1" 200 -
[2026-09-11 21:24:58] 
[2026-09-11 21:25:58] [GET] /api/stats cookie=***
[2026-09-11 21:25:58] 
[2026-09-11 21:25:58] [21:25:58] "GET /api/stats HTTP/1.1" 200 -
[2026-09-11 21:25:58] 
[2026-09-11 21:26:58] [GET] /api/stats cookie=***
[2026-09-11 21:26:58] 
[2026-09-11 21:26:58] [21:26:58] "GET /api/stats HTTP/1.1" 200 -
[2026-09-11 21:26:58] 
[2026-09-11 21:27:58] [GET] /api/stats cookie=***
[2026-09-11 21:27:58] 
[2026-09-11 21:27:58] [21:27:58] "GET /api/stats HTTP/1.1" 200 -
[2026-09-11 21:27:58] 
[2026-09-11 21:28:58] [GET] /api/stats cookie=***
[2026-09-11 21:28:58] 
[2026-09-11 21:28:58] [21:28:58] "GET /api/stats HTTP/1.1" 200 -
[2026-09-11 21:28:58] 
[2026-09-11 21:29:58] [GET] /api/stats cookie=***
[2026-09-11 21:29:58] 
[2026-09-11 21:29:58] [21:29:58] "GET /api/stats HTTP/1.1" 200 -
[2026-09-11 21:29:58] 
[2026-09-11 21:30:58] [GET] /api/stats cookie=***
[2026-09-11 21:30:58] 
[2026-09-11 21:30:58] [21:30:58] "GET /api/stats HTTP/1.1" 200 -
[2026-09-11 21:30:58] 
[2026-09-11 21:31:35] [GET] /api/stats cookie=***
[2026-09-11 21:31:35] 
[2026-09-11 21:31:35] [21:31:35] "GET /api/stats HTTP/1.1" 200 -
[2026-09-11 21:31:35] 
[2026-09-11 21:31:49] [GET] /api/stats cookie=***
[2026-09-11 21:31:49] 
[2026-09-11 21:31:49] [21:31:49] "GET /api/stats HTTP/1.1" 200 -
[2026-09-11 21:31:49] 
[2026-09-11 21:32:19] [GET] /api/stats cookie=***
[2026-09-11 21:32:19] 
[2026-09-11 21:32:19] [21:32:19] "GET /api/stats HTTP/1.1" 200 -
[2026-09-11 21:32:19] 
[2026-09-11 21:32:49] [GET] /api/stats cookie=***
[2026-09-11 21:32:49] 
[2026-09-11 21:32:49] [21:32:49] "GET /api/stats HTTP/1.1" 200 -
[2026-09-11 21:32:49] 
[2026-09-11 21:33:19] [GET] /api/stats cookie=***
[2026-09-11 21:33:19] 
[2026-09-11 21:33:19] [21:33:19] "GET /api/stats HTTP/1.1" 200 -
[2026-09-11 21:33:19] 
[2026-09-11 21:33:49] [GET] /api/stats cookie=***
[2026-09-11 21:33:49] 
[2026-09-11 21:33:49] [21:33:49] "GET /api/stats HTTP/1.1" 200 -
[2026-09-11 21:33:49] 
[2026-09-11 21:33:54] [POST] /api/mapping cookie=***
[2026-09-11 21:33:54] 
[2026-09-11 21:33:55] [刷新匹配] 保留 10878 条, 更新了 0 条
[2026-09-11 21:33:55] 
[2026-09-11 21:33:55] [21:33:55] "POST /api/mapping HTTP/1.1" 200 -
[2026-09-11 21:33:55] 
[2026-09-11 21:33:55] [GET] /api/health cookie=***
[2026-09-11 21:33:55] 
[2026-09-11 21:33:55] [21:33:55] "GET /api/health HTTP/1.1" 200 -
[2026-09-11 21:33:55] 
[2026-09-11 21:33:55] [GET] /api/mapping cookie=***
[2026-09-11 21:33:55] [GET] /api/recharge cookie=***
[2026-09-11 21:33:55] 
[2026-09-11 21:33:55] [GET] /api/payment cookie=***
[2026-09-11 21:33:55] 
[2026-09-11 21:33:55] [GET] /api/refund cookie=***
[2026-09-11 21:33:55] 
[2026-09-11 21:33:55] 
[2026-09-11 21:33:55] [GET] /api/consume cookie=***
[2026-09-11 21:33:55] 
[2026-09-11 21:33:55] [GET] /api/client_status cookie=***
[2026-09-11 21:33:55] 
[2026-09-11 21:33:55] [21:33:55] "GET /api/refund HTTP/1.1" 200 -
[2026-09-11 21:33:55] 
[2026-09-11 21:33:55] [GET] /api/service-fee cookie=***
[2026-09-11 21:33:55] 
[2026-09-11 21:33:55] [21:33:55] "GET /api/payment HTTP/1.1" 200 -
[2026-09-11 21:33:55] 
[2026-09-11 21:33:55] [21:33:55] "GET /api/mapping HTTP/1.1" 200 -
[2026-09-11 21:33:55] 
[2026-09-11 21:33:55] [21:33:55] "GET /api/client_status HTTP/1.1" 200 -
[2026-09-11 21:33:55] 
[2026-09-11 21:33:55] [21:33:55] "GET /api/service-fee HTTP/1.1" 200 -
[2026-09-11 21:33:55] 
[2026-09-11 21:33:55] [21:33:55] "GET /api/consume HTTP/1.1" 200 -
[2026-09-11 21:33:55] 
[2026-09-11 21:33:55] [21:33:55] "GET /api/recharge HTTP/1.1" 200 -
[2026-09-11 21:33:55] 
[2026-09-11 21:33:57] [GET] /api/stats cookie=***
[2026-09-11 21:33:57] 
[2026-09-11 21:33:57] [GET] /api/consume/stats cookie=***
[2026-09-11 21:33:57] 
[2026-09-11 21:33:57] [21:33:57] "GET /api/stats HTTP/1.1" 200 -
[2026-09-11 21:33:57] 
[2026-09-11 21:33:58] [刷新匹配] 保留 10878 条, 更新了 0 条
[2026-09-11 21:33:58] 
[2026-09-11 21:33:59] [21:33:59] "GET /api/consume/stats?from=&to=2026-09-10 HTTP/1.1" 200 -
[2026-09-11 21:33:59] 
[2026-09-11 21:34:19] [GET] /api/stats cookie=***
[2026-09-11 21:34:19] 
[2026-09-11 21:34:19] [21:34:19] "GET /api/stats HTTP/1.1" 200 -
[2026-09-11 21:34:19] 
[2026-09-11 21:34:35] [POST] /api/mapping cookie=***
[2026-09-11 21:34:35] 
[2026-09-11 21:34:35] [刷新匹配] 保留 10878 条, 更新了 0 条
[2026-09-11 21:34:35] 
[2026-09-11 21:34:35] [21:34:35] "POST /api/mapping HTTP/1.1" 200 -
[2026-09-11 21:34:35] 
[2026-09-11 21:34:35] [GET] /api/health cookie=***
[2026-09-11 21:34:35] 
[2026-09-11 21:34:35] [21:34:35] "GET /api/health HTTP/1.1" 200 -
[2026-09-11 21:34:35] 
[2026-09-11 21:34:35] [GET] /api/mapping cookie=***
[2026-09-11 21:34:35] [GET] /api/payment cookie=***
[2026-09-11 21:34:35] [GET] /api/recharge cookie=***
[2026-09-11 21:34:35] [GET] /api/refund cookie=***
[2026-09-11 21:34:35] 
[2026-09-11 21:34:35] [GET] /api/consume cookie=***
[2026-09-11 21:34:35] [GET] /api/client_status cookie=***
[2026-09-11 21:34:35] 
[2026-09-11 21:34:35] 
[2026-09-11 21:34:35] 
[2026-09-11 21:34:35] 
[2026-09-11 21:34:35] 
[2026-09-11 21:34:36] [21:34:36] "GET /api/refund HTTP/1.1" 200 -
[2026-09-11 21:34:36] 
[2026-09-11 21:34:36] [GET] /api/service-fee cookie=***
[2026-09-11 21:34:36] 
[2026-09-11 21:34:36] [21:34:36] "GET /api/payment HTTP/1.1" 200 -
[2026-09-11 21:34:36] [21:34:36] "GET /api/consume HTTP/1.1" 200 -
[2026-09-11 21:34:36] [21:34:36] "GET /api/mapping HTTP/1.1" 200 -
[2026-09-11 21:34:36] [21:34:36] "GET /api/client_status HTTP/1.1" 200 -
[2026-09-11 21:34:36] 
[2026-09-11 21:34:36] 
[2026-09-11 21:34:36] 
[2026-09-11 21:34:36] 
[2026-09-11 21:34:36] [21:34:36] "GET /api/service-fee HTTP/1.1" 200 -
[2026-09-11 21:34:36] 
[2026-09-11 21:34:36] [21:34:36] "GET /api/recharge HTTP/1.1" 200 -
[2026-09-11 21:34:36] 
[2026-09-11 21:34:38] [GET] /api/stats cookie=***
[2026-09-11 21:34:38] 
[2026-09-11 21:34:38] [GET] /api/consume/stats cookie=***
[2026-09-11 21:34:38] 
[2026-09-11 21:34:38] [21:34:38] "GET /api/stats HTTP/1.1" 200 -
[2026-09-11 21:34:38] 
[2026-09-11 21:34:39] [刷新匹配] 保留 10878 条, 更新了 0 条
[2026-09-11 21:34:39] 
[2026-09-11 21:34:40] [21:34:40] "GET /api/consume/stats?from=&to=2026-09-10 HTTP/1.1" 200 -
[2026-09-11 21:34:40] 
[2026-09-11 21:34:49] [GET] /api/stats cookie=***
[2026-09-11 21:34:49] 
[2026-09-11 21:34:49] [21:34:49] "GET /api/stats HTTP/1.1" 200 -
[2026-09-11 21:34:49] 
[2026-09-11 21:35:07] [POST] /api/mapping cookie=***
[2026-09-11 21:35:07] 
[2026-09-11 21:35:08] [刷新匹配] 保留 10878 条, 更新了 0 条
[2026-09-11 21:35:08] 
[2026-09-11 21:35:08] [21:35:08] "POST /api/mapping HTTP/1.1" 200 -
[2026-09-11 21:35:08] 
[2026-09-11 21:35:08] [GET] /api/health cookie=***
[2026-09-11 21:35:08] 
[2026-09-11 21:35:08] [21:35:08] "GET /api/health HTTP/1.1" 200 -
[2026-09-11 21:35:08] 
[2026-09-11 21:35:08] [GET] /api/mapping cookie=***
[2026-09-11 21:35:08] [GET] /api/recharge cookie=***
[2026-09-11 21:35:08] 
[2026-09-11 21:35:08] 
[2026-09-11 21:35:08] [GET] /api/payment cookie=***
[2026-09-11 21:35:08] [GET] /api/refund cookie=***
[2026-09-11 21:35:08] 
[2026-09-11 21:35:08] [GET] /api/consume cookie=***
[2026-09-11 21:35:08] [GET] /api/client_status cookie=***
[2026-09-11 21:35:08] 
[2026-09-11 21:35:08] 
[2026-09-11 21:35:08] 
[2026-09-11 21:35:08] [21:35:08] "GET /api/payment HTTP/1.1" 200 -
[2026-09-11 21:35:08] 
[2026-09-11 21:35:08] [GET] /api/service-fee cookie=***
[2026-09-11 21:35:08] 
[2026-09-11 21:35:08] [21:35:08] "GET /api/mapping HTTP/1.1" 200 -
[2026-09-11 21:35:08] 
[2026-09-11 21:35:08] [21:35:08] "GET /api/refund HTTP/1.1" 200 -
[2026-09-11 21:35:08] 
[2026-09-11 21:35:08] [21:35:08] "GET /api/client_status HTTP/1.1" 200 -
[2026-09-11 21:35:08] 
[2026-09-11 21:35:08] [21:35:08] "GET /api/service-fee HTTP/1.1" 200 -
[2026-09-11 21:35:08] 
[2026-09-11 21:35:08] [21:35:08] "GET /api/consume HTTP/1.1" 200 -
[2026-09-11 21:35:08] 
[2026-09-11 21:35:08] [21:35:08] "GET /api/recharge HTTP/1.1" 200 -
[2026-09-11 21:35:08] 
[2026-09-11 21:35:10] [GET] /api/stats cookie=***
[2026-09-11 21:35:10] [GET] /api/consume/stats cookie=***
[2026-09-11 21:35:10] 
[2026-09-11 21:35:10] 
[2026-09-11 21:35:10] [21:35:10] "GET /api/stats HTTP/1.1" 200 -
[2026-09-11 21:35:10] 
[2026-09-11 21:35:11] [刷新匹配] 保留 10878 条, 更新了 0 条
[2026-09-11 21:35:11] 
[2026-09-11 21:35:12] [21:35:12] "GET /api/consume/stats?from=&to=2026-09-10 HTTP/1.1" 200 -
[2026-09-11 21:35:12] 
[2026-09-11 21:35:19] [GET] /api/stats cookie=***
[2026-09-11 21:35:19] 
[2026-09-11 21:35:19] [21:35:19] "GET /api/stats HTTP/1.1" 200 -
[2026-09-11 21:35:19] 
[2026-09-11 21:35:36] [POST] /api/mapping cookie=***
[2026-09-11 21:35:36] 
[2026-09-11 21:35:37] [刷新匹配] 保留 10878 条, 更新了 0 条
[2026-09-11 21:35:37] 
[2026-09-11 21:35:37] [21:35:37] "POST /api/mapping HTTP/1.1" 200 -
[2026-09-11 21:35:37] 
[2026-09-11 21:35:37] [GET] /api/health cookie=***
[2026-09-11 21:35:37] 
[2026-09-11 21:35:37] [21:35:37] "GET /api/health HTTP/1.1" 200 -
[2026-09-11 21:35:37] 
[2026-09-11 21:35:37] [GET] /api/mapping cookie=***
[2026-09-11 21:35:37] 
[2026-09-11 21:35:37] [GET] /api/recharge cookie=***
[2026-09-11 21:35:37] 
[2026-09-11 21:35:37] [GET] /api/refund cookie=***
[2026-09-11 21:35:37] [GET] /api/payment cookie=***
[2026-09-11 21:35:37] 
[2026-09-11 21:35:37] 
[2026-09-11 21:35:37] [GET] /api/client_status cookie=***
[2026-09-11 21:35:37] [GET] /api/consume cookie=***
[2026-09-11 21:35:37] 
[2026-09-11 21:35:37] 
[2026-09-11 21:35:37] [21:35:37] "GET /api/mapping HTTP/1.1" 200 -
[2026-09-11 21:35:37] 
[2026-09-11 21:35:37] [GET] /api/service-fee cookie=***
[2026-09-11 21:35:37] [21:35:37] "GET /api/refund HTTP/1.1" 200 -
[2026-09-11 21:35:37] 
[2026-09-11 21:35:37] 
[2026-09-11 21:35:37] [21:35:37] "GET /api/payment HTTP/1.1" 200 -
[2026-09-11 21:35:37] 
[2026-09-11 21:35:37] [21:35:37] "GET /api/client_status HTTP/1.1" 200 -
[2026-09-11 21:35:37] 
[2026-09-11 21:35:38] [21:35:38] "GET /api/consume HTTP/1.1" 200 -
[2026-09-11 21:35:38] 
[2026-09-11 21:35:38] [21:35:38] "GET /api/service-fee HTTP/1.1" 200 -
[2026-09-11 21:35:38] 
[2026-09-11 21:35:38] [21:35:38] "GET /api/recharge HTTP/1.1" 200 -
[2026-09-11 21:35:38] 
[2026-09-11 21:35:39] [GET] /api/stats cookie=***
[2026-09-11 21:35:39] 
[2026-09-11 21:35:39] [GET] /api/consume/stats cookie=***
[2026-09-11 21:35:39] 
[2026-09-11 21:35:39] [21:35:39] "GET /api/stats HTTP/1.1" 200 -
[2026-09-11 21:35:40] 
[2026-09-11 21:35:40] [刷新匹配] 保留 10878 条, 更新了 0 条
[2026-09-11 21:35:40] 
[2026-09-11 21:35:41] [21:35:41] "GET /api/consume/stats?from=&to=2026-09-10 HTTP/1.1" 200 -
[2026-09-11 21:35:41] 
[2026-09-11 21:35:49] [GET] /api/stats cookie=***
[2026-09-11 21:35:49] 
[2026-09-11 21:35:49] [21:35:49] "GET /api/stats HTTP/1.1" 200 -
[2026-09-11 21:35:49] 
[2026-09-11 21:35:57] [POST] /api/mapping cookie=***
[2026-09-11 21:35:57] 
[2026-09-11 21:35:58] [刷新匹配] 保留 10878 条, 更新了 0 条
[2026-09-11 21:35:58] 
[2026-09-11 21:35:58] [21:35:58] "POST /api/mapping HTTP/1.1" 200 -
[2026-09-11 21:35:58] 
[2026-09-11 21:35:58] [GET] /api/health cookie=***
[2026-09-11 21:35:58] 
[2026-09-11 21:35:58] [21:35:58] "GET /api/health HTTP/1.1" 200 -
[2026-09-11 21:35:58] 
[2026-09-11 21:35:58] [GET] /api/mapping cookie=***
[2026-09-11 21:35:58] 
[2026-09-11 21:35:58] [GET] /api/payment cookie=***
[2026-09-11 21:35:58] [GET] /api/recharge cookie=***
[2026-09-11 21:35:58] 
[2026-09-11 21:35:58] 
[2026-09-11 21:35:58] [GET] /api/client_status cookie=***
[2026-09-11 21:35:58] [GET] /api/refund cookie=***
[2026-09-11 21:35:58] 
[2026-09-11 21:35:58] [GET] /api/consume cookie=***
[2026-09-11 21:35:58] 
[2026-09-11 21:35:58] 
[2026-09-11 21:35:58] [21:35:58] "GET /api/payment HTTP/1.1" 200 -
[2026-09-11 21:35:58] 
[2026-09-11 21:35:58] [GET] /api/service-fee cookie=***
[2026-09-11 21:35:58] 
[2026-09-11 21:35:58] [21:35:58] "GET /api/mapping HTTP/1.1" 200 -
[2026-09-11 21:35:58] 
[2026-09-11 21:35:58] [21:35:58] "GET /api/refund HTTP/1.1" 200 -
[2026-09-11 21:35:58] 
[2026-09-11 21:35:58] [21:35:58] "GET /api/client_status HTTP/1.1" 200 -
[2026-09-11 21:35:58] 
[2026-09-11 21:35:58] [21:35:58] "GET /api/service-fee HTTP/1.1" 200 -
[2026-09-11 21:35:58] 
[2026-09-11 21:35:58] [21:35:58] "GET /api/consume HTTP/1.1" 200 -
[2026-09-11 21:35:58] 
[2026-09-11 21:35:58] [21:35:58] "GET /api/recharge HTTP/1.1" 200 -
[2026-09-11 21:35:58] 
[2026-09-11 21:36:00] [GET] /api/stats cookie=***
[2026-09-11 21:36:00] 
[2026-09-11 21:36:00] [GET] /api/consume/stats cookie=***
[2026-09-11 21:36:00] 
[2026-09-11 21:36:00] [21:36:00] "GET /api/stats HTTP/1.1" 200 -
[2026-09-11 21:36:00] 
[2026-09-11 21:36:01] [刷新匹配] 保留 10878 条, 更新了 0 条
[2026-09-11 21:36:01] 
[2026-09-11 21:36:02] [21:36:02] "GET /api/consume/stats?from=&to=2026-09-10 HTTP/1.1" 200 -
[2026-09-11 21:36:02] 
[2026-09-11 21:36:19] [GET] /api/stats cookie=***
[2026-09-11 21:36:19] 
[2026-09-11 21:36:19] [21:36:19] "GET /api/stats HTTP/1.1" 200 -
[2026-09-11 21:36:19] 
[2026-09-11 21:36:49] [GET] /api/stats cookie=***
[2026-09-11 21:36:49] 
[2026-09-11 21:36:49] [21:36:49] "GET /api/stats HTTP/1.1" 200 -
[2026-09-11 21:36:49] 
[2026-09-11 21:37:19] [GET] /api/stats cookie=***
[2026-09-11 21:37:19] 
[2026-09-11 21:37:19] [21:37:19] "GET /api/stats HTTP/1.1" 200 -
[2026-09-11 21:37:19] 
[2026-09-11 21:37:50] [GET] /api/stats cookie=***
[2026-09-11 21:37:50] 
[2026-09-11 21:37:50] [21:37:50] "GET /api/stats HTTP/1.1" 200 -
[2026-09-11 21:37:50] 
[2026-09-11 21:38:30] [GET] /api/stats cookie=***
[2026-09-11 21:38:30] 
[2026-09-11 21:38:30] [21:38:30] "GET /api/stats HTTP/1.1" 200 -
[2026-09-11 21:38:30] 
[2026-09-11 21:38:58] [GET] /api/stats cookie=***
[2026-09-11 21:38:58] 
[2026-09-11 21:38:58] [21:38:58] "GET /api/stats HTTP/1.1" 200 -
[2026-09-11 21:38:58] 
[2026-09-11 21:39:58] [GET] /api/stats cookie=***
[2026-09-11 21:39:58] 
[2026-09-11 21:39:58] [21:39:58] "GET /api/stats HTTP/1.1" 200 -
[2026-09-11 21:39:58] 
[2026-09-11 21:41:01] [GET] /api/stats cookie=***
[2026-09-11 21:41:01] 
[2026-09-11 21:41:01] [21:41:01] "GET /api/stats HTTP/1.1" 200 -
[2026-09-11 21:41:01] 
[2026-09-11 21:42:06] [GET] /api/stats cookie=***
[2026-09-11 21:42:06] 
[2026-09-11 21:42:07] [21:42:07] "GET /api/stats HTTP/1.1" 200 -
[2026-09-11 21:42:07] 
[2026-09-11 21:42:58] [GET] /api/stats cookie=***
[2026-09-11 21:42:58] 
[2026-09-11 21:42:58] [21:42:58] "GET /api/stats HTTP/1.1" 200 -
[2026-09-11 21:42:58] 
[2026-09-11 21:43:58] [GET] /api/stats cookie=***
[2026-09-11 21:43:58] 
[2026-09-11 21:43:58] [21:43:58] "GET /api/stats HTTP/1.1" 200 -
[2026-09-11 21:43:58] 
[2026-09-11 21:44:58] [GET] /api/stats cookie=***
[2026-09-11 21:44:58] 
[2026-09-11 21:44:58] [21:44:58] "GET /api/stats HTTP/1.1" 200 -
[2026-09-11 21:44:58] 
[2026-09-11 21:46:04] [GET] /api/stats cookie=***
[2026-09-11 21:46:04] 
[2026-09-11 21:46:04] [21:46:04] "GET /api/stats HTTP/1.1" 200 -
[2026-09-11 21:46:04] 
[2026-09-11 21:47:06] [GET] /api/stats cookie=***
[2026-09-11 21:47:06] 
[2026-09-11 21:47:06] [21:47:06] "GET /api/stats HTTP/1.1" 200 -
[2026-09-11 21:47:06] 
[2026-09-11 21:48:03] [GET] /api/stats cookie=***
[2026-09-11 21:48:03] 
[2026-09-11 21:48:04] [21:48:04] "GET /api/stats HTTP/1.1" 200 -
[2026-09-11 21:48:04] 
[2026-09-11 21:49:00] [GET] /api/stats cookie=***
[2026-09-11 21:49:00] 
[2026-09-11 21:49:00] [21:49:00] "GET /api/stats HTTP/1.1" 200 -
[2026-09-11 21:49:00] 
[2026-09-11 21:50:06] [GET] /api/stats cookie=***
[2026-09-11 21:50:06] 
[2026-09-11 21:50:07] [21:50:07] "GET /api/stats HTTP/1.1" 200 -
[2026-09-11 21:50:07] 
[2026-09-11 21:50:26] [GET] /api/stats cookie=***
[2026-09-11 21:50:26] 
[2026-09-11 21:50:26] [21:50:26] "GET /api/stats HTTP/1.1" 200 -
[2026-09-11 21:50:26] 
[2026-09-11 21:50:49] [GET] /api/stats cookie=***
[2026-09-11 21:50:49] 
[2026-09-11 21:50:49] [21:50:49] "GET /api/stats HTTP/1.1" 200 -
[2026-09-11 21:50:49] 
[2026-09-11 21:51:19] [GET] /api/stats cookie=***
[2026-09-11 21:51:19] 
[2026-09-11 21:51:19] [21:51:19] "GET /api/stats HTTP/1.1" 200 -
[2026-09-11 21:51:19] 
[2026-09-11 21:51:49] [GET] /api/stats cookie=***
[2026-09-11 21:51:49] 
[2026-09-11 21:51:49] [21:51:49] "GET /api/stats HTTP/1.1" 200 -
[2026-09-11 21:51:49] 
[2026-09-11 21:52:19] [GET] /api/stats cookie=***
[2026-09-11 21:52:19] 
[2026-09-11 21:52:19] [21:52:19] "GET /api/stats HTTP/1.1" 200 -
[2026-09-11 21:52:19] 
[2026-09-11 21:52:49] [GET] /api/stats cookie=***
[2026-09-11 21:52:49] 
[2026-09-11 21:52:50] [21:52:50] "GET /api/stats HTTP/1.1" 200 -
[2026-09-11 21:52:50] 
[2026-09-11 21:53:20] [GET] /api/stats cookie=***
[2026-09-11 21:53:20] 
[2026-09-11 21:53:20] [21:53:20] "GET /api/stats HTTP/1.1" 200 -
[2026-09-11 21:53:20] 
[2026-09-11 21:53:50] [GET] /api/stats cookie=***
[2026-09-11 21:53:50] 
[2026-09-11 21:53:50] [21:53:50] "GET /api/stats HTTP/1.1" 200 -
[2026-09-11 21:53:50] 
[2026-09-11 21:54:52] [GET] /api/stats cookie=***
[2026-09-11 21:54:52] 
[2026-09-11 21:54:52] [21:54:52] "GET /api/stats HTTP/1.1" 200 -
[2026-09-11 21:54:52] 
[2026-09-11 21:56:03] [GET] /api/stats cookie=***
[2026-09-11 21:56:03] 
[2026-09-11 21:56:03] [21:56:03] "GET /api/stats HTTP/1.1" 200 -
[2026-09-11 21:56:03] 
[2026-09-11 21:57:06] [GET] /api/stats cookie=***
[2026-09-11 21:57:06] 
[2026-09-11 21:57:06] [21:57:06] "GET /api/stats HTTP/1.1" 200 -
[2026-09-11 21:57:06] 
[2026-09-11 21:58:06] [GET] /api/stats cookie=***
[2026-09-11 21:58:06] 
[2026-09-11 21:58:07] [21:58:07] "GET /api/stats HTTP/1.1" 200 -
[2026-09-11 21:58:07] 
[2026-09-11 21:59:06] [GET] /api/stats cookie=***
[2026-09-11 21:59:06] 
[2026-09-11 21:59:07] [21:59:07] "GET /api/stats HTTP/1.1" 200 -
[2026-09-11 21:59:07] 
[2026-09-11 22:00:01] [GET] /api/stats cookie=***
[2026-09-11 22:00:01] 
[2026-09-11 22:00:01] [22:00:01] "GET /api/stats HTTP/1.1" 200 -
[2026-09-11 22:00:01] 
[2026-09-11 22:00:58] [GET] /api/stats cookie=***
[2026-09-11 22:00:58] 
[2026-09-11 22:00:58] [22:00:58] "GET /api/stats HTTP/1.1" 200 -
[2026-09-11 22:00:58] 
[2026-09-11 22:01:45] [GET] /api/stats cookie=***
[2026-09-11 22:01:45] 
[2026-09-11 22:01:45] [22:01:45] "GET /api/stats HTTP/1.1" 200 -
[2026-09-11 22:01:45] 
[2026-09-11 22:01:49] [GET] /api/stats cookie=***
[2026-09-11 22:01:49] 
[2026-09-11 22:01:49] [22:01:49] "GET /api/stats HTTP/1.1" 200 -
[2026-09-11 22:01:49] 
[2026-09-11 22:02:02] [GET] /api/stats cookie=***
[2026-09-11 22:02:02] 
[2026-09-11 22:02:02] [GET] /api/consume/stats cookie=***
[2026-09-11 22:02:02] 
[2026-09-11 22:02:02] [22:02:02] "GET /api/stats HTTP/1.1" 200 -
[2026-09-11 22:02:02] [22:02:02] "GET /api/consume/stats?from=&to=2026-09-10 HTTP/1.1" 200 -
[2026-09-11 22:02:02] 
[2026-09-11 22:02:02] 
[2026-09-11 22:02:03] [GET] /api/stats cookie=***
[2026-09-11 22:02:03] 
[2026-09-11 22:02:03] [GET] /api/consume/stats cookie=***
[2026-09-11 22:02:03] 
[2026-09-11 22:02:04] [22:02:04] "GET /api/consume/stats?from=&to=2026-09-10 HTTP/1.1" 200 -
[2026-09-11 22:02:04] 
[2026-09-11 22:02:04] [22:02:04] "GET /api/stats HTTP/1.1" 200 -
[2026-09-11 22:02:04] 
[2026-09-11 22:02:09] [GET] /api/consume/account/1042789901726264 cookie=***
[2026-09-11 22:02:09] 
[2026-09-11 22:02:10] [22:02:10] "GET /api/consume/account/1042789901726264 HTTP/1.1" 200 -
[2026-09-11 22:02:10] 
[2026-09-11 22:02:19] [GET] /api/stats cookie=***
[2026-09-11 22:02:19] 
[2026-09-11 22:02:19] [22:02:19] "GET /api/stats HTTP/1.1" 200 -
[2026-09-11 22:02:19] 
[2026-09-11 22:02:49] [GET] /api/stats cookie=***
[2026-09-11 22:02:49] 
[2026-09-11 22:02:49] [22:02:49] "GET /api/stats HTTP/1.1" 200 -
[2026-09-11 22:02:49] 
[2026-09-11 22:03:19] [GET] /api/stats cookie=***
[2026-09-11 22:03:19] 
[2026-09-11 22:03:19] [22:03:19] "GET /api/stats HTTP/1.1" 200 -
[2026-09-11 22:03:19] 
[2026-09-11 22:03:49] [GET] /api/stats cookie=***
[2026-09-11 22:03:49] 
[2026-09-11 22:03:49] [22:03:49] "GET /api/stats HTTP/1.1" 200 -
[2026-09-11 22:03:49] 
[2026-09-11 22:03:52] [POST] /api/consume/import cookie=***
[2026-09-11 22:03:52] 
[2026-09-11 22:03:53] [22:03:53] "POST /api/consume/import HTTP/1.1" 200 -
[2026-09-11 22:03:53] 
[2026-09-11 22:03:53] [GET] /api/consume/import-log cookie=***
[2026-09-11 22:03:53] 
[2026-09-11 22:03:53] [22:03:53] "GET /api/consume/import-log HTTP/1.1" 200 -
[2026-09-11 22:03:53] 
[2026-09-11 22:03:53] [GET] /api/health cookie=***
[2026-09-11 22:03:53] 
[2026-09-11 22:03:53] [22:03:53] "GET /api/health HTTP/1.1" 200 -
[2026-09-11 22:03:53] 
[2026-09-11 22:03:53] [GET] /api/mapping cookie=***
[2026-09-11 22:03:53] [GET] /api/recharge cookie=***
[2026-09-11 22:03:53] 
[2026-09-11 22:03:53] [GET] /api/payment cookie=***
[2026-09-11 22:03:53] [GET] /api/refund cookie=***
[2026-09-11 22:03:53] 
[2026-09-11 22:03:53] [GET] /api/client_status cookie=***
[2026-09-11 22:03:53] [GET] /api/consume cookie=***
[2026-09-11 22:03:53] 
[2026-09-11 22:03:53] 
[2026-09-11 22:03:53] 
[2026-09-11 22:03:53] 
[2026-09-11 22:03:53] [22:03:53] "GET /api/mapping HTTP/1.1" 200 -
[2026-09-11 22:03:53] 
[2026-09-11 22:03:53] [GET] /api/service-fee cookie=***
[2026-09-11 22:03:53] 
[2026-09-11 22:03:53] [22:03:53] "GET /api/client_status HTTP/1.1" 200 -
[2026-09-11 22:03:53] 
[2026-09-11 22:03:53] [22:03:53] "GET /api/payment HTTP/1.1" 200 -
[2026-09-11 22:03:53] 
[2026-09-11 22:03:53] [22:03:53] "GET /api/refund HTTP/1.1" 200 -
[2026-09-11 22:03:53] 
[2026-09-11 22:03:53] [22:03:53] "GET /api/consume HTTP/1.1" 200 -
[2026-09-11 22:03:53] 
[2026-09-11 22:03:53] [22:03:53] "GET /api/service-fee HTTP/1.1" 200 -
[2026-09-11 22:03:53] 
[2026-09-11 22:03:53] [22:03:53] "GET /api/recharge HTTP/1.1" 200 -
[2026-09-11 22:03:53] 
[2026-09-11 22:03:54] [GET] /api/stats cookie=***
[2026-09-11 22:03:54] 
[2026-09-11 22:03:54] [GET] /api/consume/stats cookie=***
[2026-09-11 22:03:54] 
[2026-09-11 22:03:55] [22:03:55] "GET /api/stats HTTP/1.1" 200 -
[2026-09-11 22:03:55] 
[2026-09-11 22:03:55] [刷新匹配] 保留 10878 条, 更新了 0 条
[2026-09-11 22:03:55] 
[2026-09-11 22:03:56] [22:03:56] "GET /api/consume/stats?from=&to=2026-09-10 HTTP/1.1" 200 -
[2026-09-11 22:03:56] 
[2026-09-11 22:03:57] [GET] /api/health cookie=***
[2026-09-11 22:03:57] 
[2026-09-11 22:03:57] [22:03:57] "GET /api/health HTTP/1.1" 200 -
[2026-09-11 22:03:57] 
[2026-09-11 22:03:57] [GET] /api/mapping cookie=***
[2026-09-11 22:03:57] [GET] /api/recharge cookie=***
[2026-09-11 22:03:57] 
[2026-09-11 22:03:57] 
[2026-09-11 22:03:57] [GET] /api/payment cookie=***
[2026-09-11 22:03:57] [GET] /api/refund cookie=***
[2026-09-11 22:03:57] 
[2026-09-11 22:03:57] 
[2026-09-11 22:03:57] [GET] /api/client_status cookie=***
[2026-09-11 22:03:57] 
[2026-09-11 22:03:57] [GET] /api/consume cookie=***
[2026-09-11 22:03:57] 
[2026-09-11 22:03:57] [22:03:57] "GET /api/refund HTTP/1.1" 200 -
[2026-09-11 22:03:57] 
[2026-09-11 22:03:57] [22:03:57] "GET /api/mapping HTTP/1.1" 200 -
[2026-09-11 22:03:57] 
[2026-09-11 22:03:57] [GET] /api/service-fee cookie=***
[2026-09-11 22:03:57] 
[2026-09-11 22:03:57] [22:03:57] "GET /api/payment HTTP/1.1" 200 -
[2026-09-11 22:03:57] 
[2026-09-11 22:03:57] [22:03:57] "GET /api/client_status HTTP/1.1" 200 -
[2026-09-11 22:03:57] 
[2026-09-11 22:03:57] [22:03:57] "GET /api/service-fee HTTP/1.1" 200 -
[2026-09-11 22:03:57] 
[2026-09-11 22:03:57] [22:03:57] "GET /api/recharge HTTP/1.1" 200 -
[2026-09-11 22:03:57] 
[2026-09-11 22:03:57] [22:03:57] "GET /api/consume HTTP/1.1" 200 -
[2026-09-11 22:03:57] 
[2026-09-11 22:03:59] [GET] /api/stats cookie=***
[2026-09-11 22:03:59] 
[2026-09-11 22:03:59] [GET] /api/consume/stats cookie=***
[2026-09-11 22:03:59] 
[2026-09-11 22:03:59] [22:03:59] "GET /api/consume/stats?from=&to=2026-09-10 HTTP/1.1" 200 -
[2026-09-11 22:03:59] 
[2026-09-11 22:03:59] [22:03:59] "GET /api/stats HTTP/1.1" 200 -
[2026-09-11 22:03:59] 
[2026-09-11 22:04:19] [GET] /api/stats cookie=***
[2026-09-11 22:04:19] 
[2026-09-11 22:04:19] [22:04:19] "GET /api/stats HTTP/1.1" 200 -
[2026-09-11 22:04:19] 
[2026-09-11 22:04:24] [POST] /api/consume/import cookie=***
[2026-09-11 22:04:24] 
[2026-09-11 22:04:25] [22:04:25] "POST /api/consume/import HTTP/1.1" 200 -
[2026-09-11 22:04:25] 
[2026-09-11 22:04:25] [GET] /api/consume/import-log cookie=***
[2026-09-11 22:04:25] 
[2026-09-11 22:04:25] [22:04:25] "GET /api/consume/import-log HTTP/1.1" 200 -
[2026-09-11 22:04:25] 
[2026-09-11 22:04:25] [GET] /api/health cookie=***
[2026-09-11 22:04:25] 
[2026-09-11 22:04:25] [22:04:25] "GET /api/health HTTP/1.1" 200 -
[2026-09-11 22:04:25] 
[2026-09-11 22:04:25] [GET] /api/mapping cookie=***
[2026-09-11 22:04:25] [GET] /api/payment cookie=***
[2026-09-11 22:04:25] [GET] /api/recharge cookie=***
[2026-09-11 22:04:25] 
[2026-09-11 22:04:25] [GET] /api/refund cookie=***
[2026-09-11 22:04:25] [GET] /api/client_status cookie=***
[2026-09-11 22:04:25] 
[2026-09-11 22:04:25] 
[2026-09-11 22:04:25] [GET] /api/consume cookie=***
[2026-09-11 22:04:25] 
[2026-09-11 22:04:25] 
[2026-09-11 22:04:25] 
[2026-09-11 22:04:25] [22:04:25] "GET /api/payment HTTP/1.1" 200 -
[2026-09-11 22:04:25] 
[2026-09-11 22:04:25] [22:04:25] "GET /api/refund HTTP/1.1" 200 -
[2026-09-11 22:04:25] 
[2026-09-11 22:04:25] [GET] /api/service-fee cookie=***
[2026-09-11 22:04:25] 
[2026-09-11 22:04:25] [22:04:25] "GET /api/client_status HTTP/1.1" 200 -
[2026-09-11 22:04:25] 
[2026-09-11 22:04:25] [22:04:25] "GET /api/mapping HTTP/1.1" 200 -
[2026-09-11 22:04:25] 
[2026-09-11 22:04:25] [22:04:25] "GET /api/service-fee HTTP/1.1" 200 -
[2026-09-11 22:04:25] 
[2026-09-11 22:04:25] [22:04:25] "GET /api/consume HTTP/1.1" 200 -
[2026-09-11 22:04:25] 
[2026-09-11 22:04:25] [22:04:25] "GET /api/recharge HTTP/1.1" 200 -
[2026-09-11 22:04:25] 
[2026-09-11 22:04:26] [GET] /api/stats cookie=***
[2026-09-11 22:04:26] 
[2026-09-11 22:04:26] [GET] /api/consume/stats cookie=***
[2026-09-11 22:04:26] 
[2026-09-11 22:04:27] [22:04:27] "GET /api/stats HTTP/1.1" 200 -
[2026-09-11 22:04:27] 
[2026-09-11 22:04:27] [刷新匹配] 保留 10878 条, 更新了 0 条
[2026-09-11 22:04:27] 
[2026-09-11 22:04:28] [22:04:28] "GET /api/consume/stats?from=&to=2026-09-10 HTTP/1.1" 200 -
[2026-09-11 22:04:28] 
[2026-09-11 22:04:29] [GET] /api/health cookie=***
[2026-09-11 22:04:29] 
[2026-09-11 22:04:29] [22:04:29] "GET /api/health HTTP/1.1" 200 -
[2026-09-11 22:04:29] 
[2026-09-11 22:04:29] [GET] /api/mapping cookie=***
[2026-09-11 22:04:29] [GET] /api/recharge cookie=***
[2026-09-11 22:04:29] 
[2026-09-11 22:04:29] [GET] /api/payment cookie=***
[2026-09-11 22:04:29] [GET] /api/refund cookie=***
[2026-09-11 22:04:29] [GET] /api/client_status cookie=***
[2026-09-11 22:04:29] [GET] /api/consume cookie=***
[2026-09-11 22:04:29] 
[2026-09-11 22:04:29] 
[2026-09-11 22:04:29] 
[2026-09-11 22:04:29] 
[2026-09-11 22:04:29] 
[2026-09-11 22:04:29] [22:04:29] "GET /api/mapping HTTP/1.1" 200 -
[2026-09-11 22:04:29] 
[2026-09-11 22:04:29] [GET] /api/service-fee cookie=***
[2026-09-11 22:04:29] 
[2026-09-11 22:04:29] [22:04:29] "GET /api/refund HTTP/1.1" 200 -
[2026-09-11 22:04:29] 
[2026-09-11 22:04:29] [22:04:29] "GET /api/client_status HTTP/1.1" 200 -
[2026-09-11 22:04:29] 
[2026-09-11 22:04:29] [22:04:29] "GET /api/consume HTTP/1.1" 200 -
[2026-09-11 22:04:29] 
[2026-09-11 22:04:29] [22:04:29] "GET /api/payment HTTP/1.1" 200 -
[2026-09-11 22:04:29] 
[2026-09-11 22:04:29] [22:04:29] "GET /api/service-fee HTTP/1.1" 200 -
[2026-09-11 22:04:29] 
[2026-09-11 22:04:29] [22:04:29] "GET /api/recharge HTTP/1.1" 200 -
[2026-09-11 22:04:29] 
[2026-09-11 22:04:30] [GET] /api/stats cookie=***
[2026-09-11 22:04:30] 
[2026-09-11 22:04:30] [GET] /api/consume/stats cookie=***
[2026-09-11 22:04:30] 
[2026-09-11 22:04:31] [22:04:31] "GET /api/consume/stats?from=&to=2026-09-10 HTTP/1.1" 200 -
[2026-09-11 22:04:31] 
[2026-09-11 22:04:31] [22:04:31] "GET /api/stats HTTP/1.1" 200 -
[2026-09-11 22:04:31] 
[2026-09-11 22:04:49] [GET] /api/stats cookie=***
[2026-09-11 22:04:49] 
[2026-09-11 22:04:49] [22:04:49] "GET /api/stats HTTP/1.1" 200 -
[2026-09-11 22:04:49] 
[2026-09-11 22:05:19] [GET] /api/stats cookie=***
[2026-09-11 22:05:19] 
[2026-09-11 22:05:19] [22:05:19] "GET /api/stats HTTP/1.1" 200 -
[2026-09-11 22:05:19] 
[2026-09-11 22:05:22] [GET] /api/meta/sync cookie=***
[2026-09-11 22:05:22] 
[2026-09-11 22:05:27] [Meta] 绿通：落库 新增 1 / 更新 22 / 未下户拒绝 0
[2026-09-11 22:05:27] 
[2026-09-11 22:05:27] [22:05:27] "GET /api/meta/sync?mode=manual&since=2026-08-12&until=2026-09-11 HTTP/1.1" 200 -
[2026-09-11 22:05:27] 
[2026-09-11 22:05:49] [GET] /api/stats cookie=***
[2026-09-11 22:05:49] 
[2026-09-11 22:05:49] [22:05:49] "GET /api/stats HTTP/1.1" 200 -
[2026-09-11 22:05:49] 
[2026-09-11 22:06:20] [GET] /api/stats cookie=***
[2026-09-11 22:06:20] 
[2026-09-11 22:06:20] [22:06:20] "GET /api/stats HTTP/1.1" 200 -
[2026-09-11 22:06:20] 
[2026-09-11 22:06:50] [GET] /api/stats cookie=***
[2026-09-11 22:06:50] 
[2026-09-11 22:06:50] [22:06:50] "GET /api/stats HTTP/1.1" 200 -
[2026-09-11 22:06:50] 
[2026-09-11 22:07:19] [GET] /api/stats cookie=***
[2026-09-11 22:07:19] 
[2026-09-11 22:07:19] [22:07:19] "GET /api/stats HTTP/1.1" 200 -
[2026-09-11 22:07:19] 
[2026-09-11 22:07:20] [GET] /api/consume/account/1587849069526024 cookie=***
[2026-09-11 22:07:20] 
[2026-09-11 22:07:20] [22:07:20] "GET /api/consume/account/1587849069526024 HTTP/1.1" 200 -
[2026-09-11 22:07:20] 
[2026-09-11 22:07:44] [GET] /api/consume/account/893081616730560 cookie=***
[2026-09-11 22:07:44] 
[2026-09-11 22:07:44] [22:07:44] "GET /api/consume/account/893081616730560 HTTP/1.1" 200 -
[2026-09-11 22:07:44] 
[2026-09-11 22:07:49] [GET] /api/stats cookie=***
[2026-09-11 22:07:49] 
[2026-09-11 22:07:49] [22:07:49] "GET /api/stats HTTP/1.1" 200 -
[2026-09-11 22:07:49] 
[2026-09-11 22:08:19] [GET] /api/stats cookie=***
[2026-09-11 22:08:19] 
[2026-09-11 22:08:19] [22:08:19] "GET /api/stats HTTP/1.1" 200 -
[2026-09-11 22:08:19] 
[2026-09-11 22:08:49] [GET] /api/stats cookie=***
[2026-09-11 22:08:49] 
[2026-09-11 22:08:49] [22:08:49] "GET /api/stats HTTP/1.1" 200 -
[2026-09-11 22:08:49] 
[2026-09-11 22:09:19] [GET] /api/stats cookie=***
[2026-09-11 22:09:19] 
[2026-09-11 22:09:19] [22:09:19] "GET /api/stats HTTP/1.1" 200 -
[2026-09-11 22:09:19] 
[2026-09-11 22:09:49] [GET] /api/stats cookie=***
[2026-09-11 22:09:49] 
[2026-09-11 22:09:49] [22:09:49] "GET /api/stats HTTP/1.1" 200 -
[2026-09-11 22:09:49] 
[2026-09-11 22:10:17] [GET] /api/users cookie=***
[2026-09-11 22:10:17] 
[2026-09-11 22:10:17] [22:10:17] "GET /api/users HTTP/1.1" 200 -
[2026-09-11 22:10:17] 
[2026-09-11 22:10:19] [GET] /api/stats cookie=***
[2026-09-11 22:10:19] 
[2026-09-11 22:10:19] [22:10:19] "GET /api/stats HTTP/1.1" 200 -
[2026-09-11 22:10:19] 
[2026-09-11 22:10:49] [GET] /api/stats cookie=***
[2026-09-11 22:10:49] 
[2026-09-11 22:10:49] [22:10:49] "GET /api/stats HTTP/1.1" 200 -
[2026-09-11 22:10:49] 
[2026-09-12 10:43:01] [boot] 日志重定向已启用 -> /Users/mac/Library/Application Support/TRAE SOLO CN/ModularData/ai-agent/work-mode-projects/6aa2769ead555511aa7a9041/fb_project/FB广告账户管理系统 v3.911/data/server.log
[2026-09-12 10:43:01] 
[2026-09-12 10:43:01] =======================================================
[2026-09-12 10:43:01] 
[2026-09-12 10:43:01]   FB 广告账户管理系统 v4 · 单机完整版
[2026-09-12 10:43:01] 
[2026-09-12 10:43:01]   地址: http://localhost:8765
[2026-09-12 10:43:01] 
[2026-09-12 10:43:01]   数据目录: /Users/mac/Library/Application Support/TRAE SOLO CN/ModularData/ai-agent/work-mode-projects/6aa2769ead555511aa7a9041/fb_project/FB广告账户管理系统 v3.911/data
[2026-09-12 10:43:01] 
[2026-09-12 10:43:01]   默认账号: admin / admin123456
[2026-09-12 10:43:01] 
[2026-09-12 10:43:01]   按 Ctrl+C 停止
[2026-09-12 10:43:01] 
[2026-09-12 10:43:01] =======================================================
[2026-09-12 10:43:01] 
[2026-09-12 10:43:08] [GET]  no-cookie
[2026-09-12 10:43:08] 
[2026-09-12 10:43:08] [10:43:08] "GET / HTTP/1.1" 200 -
[2026-09-12 10:43:08] 
[2026-09-12 10:43:08] [10:43:08] "GET /api/mapping HTTP/1.1" 403 -
[2026-09-12 10:43:08] 
[2026-09-12 10:43:08] [10:43:08] "GET /api/consume HTTP/1.1" 403 -
[2026-09-12 10:43:08] 
[2026-09-12 10:43:08] [10:43:08] "GET /api/recharge HTTP/1.1" 403 -
[2026-09-12 10:43:08] 
[2026-09-12 10:43:19] [10:43:19] "POST /api/login HTTP/1.1" 403 -
[2026-09-12 10:43:19] 
[2026-09-12 10:43:28] [10:43:28] "POST /api/login HTTP/1.1" 403 -
[2026-09-12 10:43:28] 
[2026-09-12 10:43:36] [10:43:36] "POST /api/login HTTP/1.1" 403 -
[2026-09-12 10:43:36] 
[2026-09-12 10:43:53] [POST] /api/login no-cookie
[2026-09-12 10:43:53] 
[2026-09-12 10:43:53] [10:43:53] "POST /api/login HTTP/1.1" 404 -
[2026-09-12 10:43:53] 
[2026-09-12 10:44:03] [POST] /api/login no-cookie
[2026-09-12 10:44:03] 
[2026-09-12 10:44:03] [10:44:03] "POST /api/login HTTP/1.1" 404 -
[2026-09-12 10:44:03] 
[2026-09-12 10:44:17] [POST] /api/auth/login no-cookie
[2026-09-12 10:44:17] 
[2026-09-12 10:44:17] [10:44:17] "POST /api/auth/login HTTP/1.1" 401 -
[2026-09-12 10:44:17] 
[2026-09-12 10:44:23] [POST] /api/auth/login no-cookie
[2026-09-12 10:44:23] 
[2026-09-12 10:44:23] [10:44:23] "POST /api/auth/login HTTP/1.1" 401 -
[2026-09-12 10:44:23] 
[2026-09-12 12:05:17] [boot] 日志重定向已启用 -> /Users/mac/Library/Application Support/TRAE SOLO CN/ModularData/ai-agent/work-mode-projects/6aa2769ead555511aa7a9041/fb_project/FB广告账户管理系统 v3.911/data/server.log
[2026-09-12 12:05:17] 
[2026-09-12 12:05:17] [preload] ✅ 预加载 2 个静态文件 (1370KB → 442KB gzip, 节省 68%)
[2026-09-12 12:05:17] 
[2026-09-12 12:05:17] =======================================================
[2026-09-12 12:05:17] 
[2026-09-12 12:05:17]   FB 广告账户管理系统 v4 · 单机完整版
[2026-09-12 12:05:17] 
[2026-09-12 12:05:17]   地址: http://localhost:8765
[2026-09-12 12:05:17] 
[2026-09-12 12:05:17]   数据目录: /Users/mac/Library/Application Support/TRAE SOLO CN/ModularData/ai-agent/work-mode-projects/6aa2769ead555511aa7a9041/fb_project/FB广告账户管理系统 v3.911/data
[2026-09-12 12:05:17] 
[2026-09-12 12:05:17]   默认账号: admin / admin123456
[2026-09-12 12:05:17] 
[2026-09-12 12:05:17]   按 Ctrl+C 停止
[2026-09-12 12:05:17] 
[2026-09-12 12:05:17] =======================================================
[2026-09-12 12:05:17] 
[2026-09-12 12:05:27] [GET]  no-cookie
[2026-09-12 12:05:27] 
[2026-09-12 12:05:27] [12:05:27] "GET / HTTP/1.1" 200 -
[2026-09-12 12:05:27] 
[2026-09-12 12:05:27] [GET]  no-cookie
[2026-09-12 12:05:27] 
[2026-09-12 12:05:27] [12:05:27] "GET / HTTP/1.1" 200 -
[2026-09-12 12:05:27] 
[2026-09-12 12:05:27] [GET]  no-cookie
[2026-09-12 12:05:27] 
[2026-09-12 12:05:27] [12:05:27] "GET / HTTP/1.1" 200 -
[2026-09-12 12:05:27] 
[2026-09-12 12:05:27] [GET]  no-cookie
[2026-09-12 12:05:27] 
[2026-09-12 12:05:27] [12:05:27] "GET / HTTP/1.1" 200 -
[2026-09-12 12:05:27] 
[2026-09-12 12:05:27] [GET]  no-cookie
[2026-09-12 12:05:27] 
[2026-09-12 12:05:27] [12:05:27] "GET / HTTP/1.1" 200 -
[2026-09-12 12:05:27] 
[2026-09-12 12:05:27] [GET]  no-cookie
[2026-09-12 12:05:27] 
[2026-09-12 12:05:27] [12:05:27] "GET / HTTP/1.1" 200 -
[2026-09-12 12:05:27] 
[2026-09-12 12:05:27] [GET]  no-cookie
[2026-09-12 12:05:27] 
[2026-09-12 12:05:27] [12:05:27] "GET / HTTP/1.1" 200 -
[2026-09-12 12:05:27] 
[2026-09-12 12:05:40] [POST] /api/auth/login no-cookie
[2026-09-12 12:05:40] 
[2026-09-12 12:05:40] [12:05:40] "POST /api/auth/login HTTP/1.1" 401 -
[2026-09-12 12:05:40] 
[2026-09-12 12:05:47] [POST] /api/auth/login no-cookie
[2026-09-12 12:05:47] 
[2026-09-12 12:05:47] [12:05:47] "POST /api/auth/login HTTP/1.1" 401 -
[2026-09-12 12:05:47] 
[2026-09-12 12:06:05] [GET]  no-cookie
[2026-09-12 12:06:05] 
[2026-09-12 12:06:05] [12:06:05] "GET / HTTP/1.1" 200 -
[2026-09-12 12:06:05] 
[2026-09-12 12:06:05] [GET] /xlsx.full.min.js no-cookie
[2026-09-12 12:06:05] 
[2026-09-12 12:06:05] [12:06:05] "GET /xlsx.full.min.js HTTP/1.1" 200 -
[2026-09-12 12:06:05] 
[2026-09-12 12:06:05] [12:06:05] "GET /api/mapping HTTP/1.1" 403 -
[2026-09-12 12:06:05] 
[2026-09-12 12:06:05] [GET]  no-cookie
[2026-09-12 12:06:05] 
[2026-09-12 12:06:05] [12:06:05] "GET / HTTP/1.1" 200 -
[2026-09-12 12:06:05] 
[2026-09-12 12:06:05] [GET]  no-cookie
[2026-09-12 12:06:05] 
[2026-09-12 12:06:05] [12:06:05] "GET / HTTP/1.1" 200 -
[2026-09-12 12:06:05] 
[2026-09-12 12:06:05] [GET]  no-cookie
[2026-09-12 12:06:05] 
[2026-09-12 12:06:05] [12:06:05] "GET / HTTP/1.1" 200 -
[2026-09-12 12:06:05] 
[2026-09-12 12:06:05] [GET]  no-cookie
[2026-09-12 12:06:05] 
[2026-09-12 12:06:05] [12:06:05] "GET / HTTP/1.1" 200 -
[2026-09-12 12:06:05] 
[2026-09-12 12:06:05] [GET]  no-cookie
[2026-09-12 12:06:05] 
[2026-09-12 12:06:05] [12:06:05] "GET / HTTP/1.1" 200 -
[2026-09-12 12:06:05] 
[2026-09-12 12:06:05] [GET]  no-cookie
[2026-09-12 12:06:05] 
[2026-09-12 12:06:05] [12:06:05] "GET / HTTP/1.1" 200 -
[2026-09-12 12:06:05] 
[2026-09-12 12:06:05] [GET]  no-cookie
[2026-09-12 12:06:05] 
[2026-09-12 12:06:05] [12:06:05] "GET / HTTP/1.1" 200 -
[2026-09-12 12:06:05] 
[2026-09-12 12:06:05] [GET]  no-cookie
[2026-09-12 12:06:05] 
[2026-09-12 12:06:05] [12:06:05] "GET / HTTP/1.1" 200 -
[2026-09-12 12:06:05] 
[2026-09-12 12:06:05] [GET]  no-cookie
[2026-09-12 12:06:05] 
[2026-09-12 12:06:05] [12:06:05] "GET / HTTP/1.1" 200 -
[2026-09-12 12:06:05] 
[2026-09-12 12:06:05] [GET]  no-cookie
[2026-09-12 12:06:05] 
[2026-09-12 12:06:05] [12:06:05] "GET / HTTP/1.1" 200 -
[2026-09-12 12:06:05] 
[2026-09-12 12:09:04] [12:09:04] "GET /api/overview HTTP/1.1" 403 -
[2026-09-12 12:09:04] 
[2026-09-12 12:09:17] [POST] /api/auth/login no-cookie
[2026-09-12 12:09:17] 
[2026-09-12 12:09:17] [12:09:17] "POST /api/auth/login HTTP/1.1" 401 -
[2026-09-12 12:09:17] 
[2026-09-12 12:09:17] [GET] /api/overview no-cookie
[2026-09-12 12:09:17] 
[2026-09-12 12:09:17] [12:09:17] "GET /api/overview HTTP/1.1" 404 -
[2026-09-12 12:09:17] 
[2026-09-12 12:15:19] [boot] 日志重定向已启用 -> /Users/mac/Library/Application Support/TRAE SOLO CN/ModularData/ai-agent/work-mode-projects/6aa2769ead555511aa7a9041/fb_project/FB广告账户管理系统 v3.911/data/server.log
[2026-09-12 12:15:19] 
[2026-09-12 12:15:19] [preload] ✅ 预加载 2 个静态文件 (1371KB → 442KB gzip, 节省 68%)
[2026-09-12 12:15:19] 
[2026-09-12 12:15:19] =======================================================
[2026-09-12 12:15:19] 
[2026-09-12 12:15:19]   FB 广告账户管理系统 v4 · 单机完整版
[2026-09-12 12:15:19] 
[2026-09-12 12:15:19]   地址: http://localhost:8765
[2026-09-12 12:15:19] 
[2026-09-12 12:15:19]   数据目录: /Users/mac/Library/Application Support/TRAE SOLO CN/ModularData/ai-agent/work-mode-projects/6aa2769ead555511aa7a9041/fb_project/FB广告账户管理系统 v3.911/data
[2026-09-12 12:15:19] 
[2026-09-12 12:15:19]   默认账号: admin / admin123456
[2026-09-12 12:15:19] 
[2026-09-12 12:15:19]   按 Ctrl+C 停止
[2026-09-12 12:15:19] 
[2026-09-12 12:15:19] =======================================================
[2026-09-12 12:15:19] 
[2026-09-12 12:15:21] [GET]  no-cookie
[2026-09-12 12:15:21] 
[2026-09-12 12:15:21] [12:15:21] "GET / HTTP/1.1" 200 -
[2026-09-12 12:15:21] 
[2026-09-12 12:17:20] [boot] 日志重定向已启用 -> /Users/mac/Library/Application Support/TRAE SOLO CN/ModularData/ai-agent/work-mode-projects/6aa2769ead555511aa7a9041/fb_project/FB广告账户管理系统 v3.911/data/server.log
[2026-09-12 12:17:20] 
[2026-09-12 12:17:20] [preload] ✅ 预加载 2 个静态文件 (1371KB → 442KB gzip, 节省 68%)
[2026-09-12 12:17:20] 
[2026-09-12 12:17:20] =======================================================
[2026-09-12 12:17:20] 
[2026-09-12 12:17:20]   FB 广告账户管理系统 v4 · 单机完整版
[2026-09-12 12:17:20] 
[2026-09-12 12:17:20]   地址: http://localhost:8765
[2026-09-12 12:17:20] 
[2026-09-12 12:17:20]   数据目录: /Users/mac/Library/Application Support/TRAE SOLO CN/ModularData/ai-agent/work-mode-projects/6aa2769ead555511aa7a9041/fb_project/FB广告账户管理系统 v3.911/data
[2026-09-12 12:17:20] 
[2026-09-12 12:17:20]   默认账号: admin / admin123456
[2026-09-12 12:17:20] 
[2026-09-12 12:17:20]   按 Ctrl+C 停止
[2026-09-12 12:17:20] 
[2026-09-12 12:17:20] =======================================================
[2026-09-12 12:17:20] 
[2026-09-12 12:17:22] [GET]  no-cookie
[2026-09-12 12:17:22] 
[2026-09-12 12:17:22] [12:17:22] "GET / HTTP/1.1" 200 -
[2026-09-12 12:17:22] 
[2026-09-12 12:19:15] [boot] 日志重定向已启用 -> /Users/mac/Library/Application Support/TRAE SOLO CN/ModularData/ai-agent/work-mode-projects/6aa2769ead555511aa7a9041/fb_project/FB广告账户管理系统 v3.911/data/server.log
[2026-09-12 12:19:15] 
[2026-09-12 12:19:15] [preload] ✅ 预加载 2 个静态文件 (1371KB → 442KB gzip, 节省 68%)
[2026-09-12 12:19:15] 
[2026-09-12 12:19:15] =======================================================
[2026-09-12 12:19:15] 
[2026-09-12 12:19:15]   FB 广告账户管理系统 v4 · 单机完整版
[2026-09-12 12:19:15] 
[2026-09-12 12:19:15]   地址: http://localhost:8765
[2026-09-12 12:19:15] 
[2026-09-12 12:19:15]   数据目录: /Users/mac/Library/Application Support/TRAE SOLO CN/ModularData/ai-agent/work-mode-projects/6aa2769ead555511aa7a9041/fb_project/FB广告账户管理系统 v3.911/data
[2026-09-12 12:19:15] 
[2026-09-12 12:19:15]   默认账号: admin / admin123456
[2026-09-12 12:19:15] 
[2026-09-12 12:19:15]   按 Ctrl+C 停止
[2026-09-12 12:19:15] 
[2026-09-12 12:19:15] =======================================================
[2026-09-12 12:19:15] 
[2026-09-12 12:19:33] [POST] /api/auth/login no-cookie
[2026-09-12 12:19:33] 
[2026-09-12 12:19:34] [12:19:34] "POST /api/auth/login HTTP/1.1" 401 -
[2026-09-12 12:19:34] 
[2026-09-12 12:19:34] [GET]  no-cookie
[2026-09-12 12:19:34] 
[2026-09-12 12:19:34] [12:19:34] "GET / HTTP/1.1" 200 -
[2026-09-12 12:19:34] 
[2026-09-12 12:19:34] [GET] /api/overview no-cookie
[2026-09-12 12:19:34] 
[2026-09-12 12:19:34] [12:19:34] "GET /api/overview HTTP/1.1" 404 -
[2026-09-12 12:19:34] 
[2026-09-12 12:19:34] [GET] /api/mapping no-cookie
[2026-09-12 12:19:34] 
[2026-09-12 12:19:34] [12:19:34] "GET /api/mapping HTTP/1.1" 401 -
[2026-09-12 12:19:34] 
[2026-09-12 12:19:34] [GET] /api/consume no-cookie
[2026-09-12 12:19:34] 
[2026-09-12 12:19:34] [12:19:34] "GET /api/consume?limit=10 HTTP/1.1" 401 -
[2026-09-12 12:19:34] 
[2026-09-12 12:19:34] [GET] /api/recharge no-cookie
[2026-09-12 12:19:34] 
[2026-09-12 12:19:34] [12:19:34] "GET /api/recharge?limit=10 HTTP/1.1" 401 -
[2026-09-12 12:19:34] 
[2026-09-12 12:19:34] [GET] /api/users no-cookie
[2026-09-12 12:19:34] 
[2026-09-12 12:19:34] [12:19:34] "GET /api/users HTTP/1.1" 401 -
[2026-09-12 12:19:34] 
[2026-09-12 12:19:34] [GET] /api/settings no-cookie
[2026-09-12 12:19:34] 
[2026-09-12 12:19:34] [12:19:34] "GET /api/settings HTTP/1.1" 401 -
[2026-09-12 12:19:34] 
[2026-09-12 12:19:34] [GET] /api/clients no-cookie
[2026-09-12 12:19:34] 
[2026-09-12 12:19:34] [12:19:34] "GET /api/clients HTTP/1.1" 404 -
[2026-09-12 12:19:34] 
[2026-09-12 12:19:34] [GET] /api/channels no-cookie
[2026-09-12 12:19:34] 
[2026-09-12 12:19:34] [12:19:34] "GET /api/channels HTTP/1.1" 404 -
[2026-09-12 12:19:34] 
[2026-09-12 12:19:34] [GET] /api/import/log no-cookie
[2026-09-12 12:19:34] 
[2026-09-12 12:19:34] [12:19:34] "GET /api/import/log?limit=5 HTTP/1.1" 404 -
[2026-09-12 12:19:34] 
[2026-09-12 12:19:34] [GET] /api/service-fees no-cookie
[2026-09-12 12:19:34] 
[2026-09-12 12:19:34] [12:19:34] "GET /api/service-fees HTTP/1.1" 404 -
[2026-09-12 12:19:34] 
[2026-09-12 12:19:34] [GET] /api/payment no-cookie
[2026-09-12 12:19:34] 
[2026-09-12 12:19:34] [12:19:34] "GET /api/payment HTTP/1.1" 401 -
[2026-09-12 12:19:34] 
[2026-09-12 12:19:34] [GET] /api/refund no-cookie
[2026-09-12 12:19:34] 
[2026-09-12 12:19:34] [12:19:34] "GET /api/refund HTTP/1.1" 401 -
[2026-09-12 12:19:34] 
[2026-09-12 12:19:34] [GET] /api/meta/tokens no-cookie
[2026-09-12 12:19:34] 
[2026-09-12 12:19:34] [12:19:34] "GET /api/meta/tokens HTTP/1.1" 401 -
[2026-09-12 12:19:34] 
[2026-09-12 12:19:34] [GET] /api/ops-log no-cookie
[2026-09-12 12:19:34] 
[2026-09-12 12:19:34] [12:19:34] "GET /api/ops-log?limit=5 HTTP/1.1" 401 -
[2026-09-12 12:19:34] 
[2026-09-12 12:20:22] [boot] 日志重定向已启用 -> /Users/mac/Library/Application Support/TRAE SOLO CN/ModularData/ai-agent/work-mode-projects/6aa2769ead555511aa7a9041/fb_project/FB广告账户管理系统 v3.911/data/server.log
[2026-09-12 12:20:22] 
[2026-09-12 12:20:22] [preload] ✅ 预加载 2 个静态文件 (1371KB → 442KB gzip, 节省 68%)
[2026-09-12 12:20:22] 
[2026-09-12 12:20:22] =======================================================
[2026-09-12 12:20:22] 
[2026-09-12 12:20:22]   FB 广告账户管理系统 v4 · 单机完整版
[2026-09-12 12:20:22] 
[2026-09-12 12:20:22]   地址: http://localhost:8765
[2026-09-12 12:20:22] 
[2026-09-12 12:20:22]   数据目录: /Users/mac/Library/Application Support/TRAE SOLO CN/ModularData/ai-agent/work-mode-projects/6aa2769ead555511aa7a9041/fb_project/FB广告账户管理系统 v3.911/data
[2026-09-12 12:20:22] 
[2026-09-12 12:20:22]   默认账号: admin / admin123456
[2026-09-12 12:20:22] 
[2026-09-12 12:20:22]   按 Ctrl+C 停止
[2026-09-12 12:20:22] 
[2026-09-12 12:20:22] =======================================================
[2026-09-12 12:20:22] 
[2026-09-12 12:20:24] [POST] /api/auth/login no-cookie
[2026-09-12 12:20:24] 
[2026-09-12 12:20:24] [12:20:24] "POST /api/auth/login HTTP/1.1" 401 -
[2026-09-12 12:20:24] 
[2026-09-12 12:20:24] [GET]  no-cookie
[2026-09-12 12:20:24] 
[2026-09-12 12:20:24] [12:20:24] "GET / HTTP/1.1" 200 -
[2026-09-12 12:20:24] 
[2026-09-12 12:20:24] [GET] /api/overview no-cookie
[2026-09-12 12:20:24] 
[2026-09-12 12:20:24] [12:20:24] "GET /api/overview HTTP/1.1" 404 -
[2026-09-12 12:20:24] 
[2026-09-12 12:20:24] [GET] /api/mapping no-cookie
[2026-09-12 12:20:24] 
[2026-09-12 12:20:24] [12:20:24] "GET /api/mapping HTTP/1.1" 401 -
[2026-09-12 12:20:24] 
[2026-09-12 12:20:24] [GET] /api/consume no-cookie
[2026-09-12 12:20:24] 
[2026-09-12 12:20:24] [12:20:24] "GET /api/consume?limit=10 HTTP/1.1" 401 -
[2026-09-12 12:20:24] 
[2026-09-12 12:20:24] [GET] /api/recharge no-cookie
[2026-09-12 12:20:24] 
[2026-09-12 12:20:24] [12:20:24] "GET /api/recharge?limit=10 HTTP/1.1" 401 -
[2026-09-12 12:20:24] 
[2026-09-12 12:20:24] [GET] /api/users no-cookie
[2026-09-12 12:20:24] 
[2026-09-12 12:20:24] [12:20:24] "GET /api/users HTTP/1.1" 401 -
[2026-09-12 12:20:24] 
[2026-09-12 12:20:24] [GET] /api/settings no-cookie
[2026-09-12 12:20:24] 
[2026-09-12 12:20:24] [12:20:24] "GET /api/settings HTTP/1.1" 401 -
[2026-09-12 12:20:24] 
[2026-09-12 12:20:24] [GET] /api/clients no-cookie
[2026-09-12 12:20:24] 
[2026-09-12 12:20:24] [12:20:24] "GET /api/clients HTTP/1.1" 404 -
[2026-09-12 12:20:24] 
[2026-09-12 12:20:24] [GET] /api/channels no-cookie
[2026-09-12 12:20:24] 
[2026-09-12 12:20:24] [12:20:24] "GET /api/channels HTTP/1.1" 404 -
[2026-09-12 12:20:24] 
[2026-09-12 12:20:24] [GET] /api/import/log no-cookie
[2026-09-12 12:20:24] 
[2026-09-12 12:20:24] [12:20:24] "GET /api/import/log?limit=5 HTTP/1.1" 404 -
[2026-09-12 12:20:24] 
[2026-09-12 12:20:24] [GET] /api/service-fees no-cookie
[2026-09-12 12:20:24] 
[2026-09-12 12:20:24] [12:20:24] "GET /api/service-fees HTTP/1.1" 404 -
[2026-09-12 12:20:24] 
[2026-09-12 12:20:24] [GET] /api/payment no-cookie
[2026-09-12 12:20:24] 
[2026-09-12 12:20:24] [12:20:24] "GET /api/payment HTTP/1.1" 401 -
[2026-09-12 12:20:24] 
[2026-09-12 12:20:24] [GET] /api/refund no-cookie
[2026-09-12 12:20:24] 
[2026-09-12 12:20:24] [12:20:24] "GET /api/refund HTTP/1.1" 401 -
[2026-09-12 12:20:24] 
[2026-09-12 12:20:24] [GET] /api/meta/tokens no-cookie
[2026-09-12 12:20:24] 
[2026-09-12 12:20:24] [12:20:24] "GET /api/meta/tokens HTTP/1.1" 401 -
[2026-09-12 12:20:24] 
[2026-09-12 12:20:24] [GET] /api/ops-log no-cookie
[2026-09-12 12:20:24] 
[2026-09-12 12:20:24] [12:20:24] "GET /api/ops-log?limit=5 HTTP/1.1" 401 -
[2026-09-12 12:20:24] 
[2026-09-12 12:20:24] [GET] /api/consume/columns no-cookie
[2026-09-12 12:20:24] 
[2026-09-12 12:20:24] [12:20:24] "GET /api/consume/columns HTTP/1.1" 404 -
[2026-09-12 12:20:24] 
[2026-09-12 12:21:15] [boot] 日志重定向已启用 -> /Users/mac/Library/Application Support/TRAE SOLO CN/ModularData/ai-agent/work-mode-projects/6aa2769ead555511aa7a9041/fb_project/FB广告账户管理系统 v3.911/data/server.log
[2026-09-12 12:21:15] 
[2026-09-12 12:21:15] [preload] ✅ 预加载 2 个静态文件 (1371KB → 442KB gzip, 节省 68%)
[2026-09-12 12:21:15] 
[2026-09-12 12:21:15] =======================================================
[2026-09-12 12:21:15] 
[2026-09-12 12:21:15]   FB 广告账户管理系统 v4 · 单机完整版
[2026-09-12 12:21:15] 
[2026-09-12 12:21:15]   地址: http://localhost:8765
[2026-09-12 12:21:15] 
[2026-09-12 12:21:15]   数据目录: /Users/mac/Library/Application Support/TRAE SOLO CN/ModularData/ai-agent/work-mode-projects/6aa2769ead555511aa7a9041/fb_project/FB广告账户管理系统 v3.911/data
[2026-09-12 12:21:15] 
[2026-09-12 12:21:15]   默认账号: admin / admin123456
[2026-09-12 12:21:15] 
[2026-09-12 12:21:15]   按 Ctrl+C 停止
[2026-09-12 12:21:15] 
[2026-09-12 12:21:15] =======================================================
[2026-09-12 12:21:15] 
[2026-09-12 12:21:17] [POST] /api/auth/login no-cookie
[2026-09-12 12:21:17] 
[2026-09-12 12:21:17] [12:21:17] "POST /api/auth/login HTTP/1.1" 401 -
[2026-09-12 12:21:17] 
[2026-09-12 12:22:06] [boot] 日志重定向已启用 -> /Users/mac/Library/Application Support/TRAE SOLO CN/ModularData/ai-agent/work-mode-projects/6aa2769ead555511aa7a9041/fb_project/FB广告账户管理系统 v3.911/data/server.log
[2026-09-12 12:22:06] 
[2026-09-12 12:22:06] [preload] ✅ 预加载 2 个静态文件 (1371KB → 442KB gzip, 节省 68%)
[2026-09-12 12:22:06] 
[2026-09-12 12:22:06] =======================================================
[2026-09-12 12:22:06] 
[2026-09-12 12:22:06]   FB 广告账户管理系统 v4 · 单机完整版
[2026-09-12 12:22:06] 
[2026-09-12 12:22:06]   地址: http://localhost:8765
[2026-09-12 12:22:06] 
[2026-09-12 12:22:06]   数据目录: /Users/mac/Library/Application Support/TRAE SOLO CN/ModularData/ai-agent/work-mode-projects/6aa2769ead555511aa7a9041/fb_project/FB广告账户管理系统 v3.911/data
[2026-09-12 12:22:06] 
[2026-09-12 12:22:06]   默认账号: admin / admin123456
[2026-09-12 12:22:06] 
[2026-09-12 12:22:06]   按 Ctrl+C 停止
[2026-09-12 12:22:06] 
[2026-09-12 12:22:06] =======================================================
[2026-09-12 12:22:06] 
[2026-09-12 12:22:07] [POST] /api/auth/login no-cookie
[2026-09-12 12:22:07] 
[2026-09-12 12:22:07] [12:22:07] "POST /api/auth/login HTTP/1.1" 200 -
[2026-09-12 12:22:07] 
[2026-09-12 12:22:07] [GET] /api/auth/me cookie=***
[2026-09-12 12:22:07] 
[2026-09-12 12:22:07] [12:22:07] "GET /api/auth/me HTTP/1.1" 200 -
[2026-09-12 12:22:07] 
[2026-09-12 12:22:08] [GET] /api/mapping cookie=***
[2026-09-12 12:22:08] 
[2026-09-12 12:22:08] [12:22:08] "GET /api/mapping HTTP/1.1" 200 -
[2026-09-12 12:22:08] 
[2026-09-12 12:22:08] [GET] /api/consume cookie=***
[2026-09-12 12:22:08] 
[2026-09-12 12:22:08] [12:22:08] "GET /api/consume?limit=5 HTTP/1.1" 200 -
[2026-09-12 12:22:08] 
[2026-09-12 12:22:08] [GET] /api/stats cookie=***
[2026-09-12 12:22:08] 
[2026-09-12 12:22:08] [12:22:08] "GET /api/stats HTTP/1.1" 200 -
[2026-09-12 12:22:08] 
[2026-09-12 12:22:08] [GET] /api/users cookie=***
[2026-09-12 12:22:08] 
[2026-09-12 12:22:08] [12:22:08] "GET /api/users HTTP/1.1" 200 -
[2026-09-12 12:22:08] 
[2026-09-12 12:22:08] [GET] /api/recharge cookie=***
[2026-09-12 12:22:08] 
[2026-09-12 12:22:08] [12:22:08] "GET /api/recharge?limit=5 HTTP/1.1" 200 -
[2026-09-12 12:22:08] 
[2026-09-12 12:22:08] [GET] /api/payment cookie=***
[2026-09-12 12:22:08] 
[2026-09-12 12:22:08] [12:22:08] "GET /api/payment HTTP/1.1" 200 -
[2026-09-12 12:22:08] 
[2026-09-12 12:22:08] [GET] /api/service-fee cookie=***
[2026-09-12 12:22:08] 
[2026-09-12 12:22:08] [12:22:08] "GET /api/service-fee HTTP/1.1" 200 -
[2026-09-12 12:22:08] 
[2026-09-12 12:22:08] [GET] /api/import/errors cookie=***
[2026-09-12 12:22:08] 
[2026-09-12 12:22:08] [12:22:08] "GET /api/import/errors HTTP/1.1" 400 -
[2026-09-12 12:22:08] 
[2026-09-12 12:22:08] [GET] /api/meta/tokens cookie=***
[2026-09-12 12:22:08] 
[2026-09-12 12:22:08] [12:22:08] "GET /api/meta/tokens HTTP/1.1" 200 -
[2026-09-12 12:22:08] 
[2026-09-12 12:22:08] [GET] /api/health cookie=***
[2026-09-12 12:22:08] 
[2026-09-12 12:22:08] [12:22:08] "GET /api/health HTTP/1.1" 200 -
[2026-09-12 12:22:08] 
[2026-09-12 12:22:24] [POST] /api/auth/login no-cookie
[2026-09-12 12:22:24] 
[2026-09-12 12:22:24] [12:22:24] "POST /api/auth/login HTTP/1.1" 200 -
[2026-09-12 12:22:24] 
[2026-09-12 12:22:24] [GET] /api/stats cookie=***
[2026-09-12 12:22:24] 
[2026-09-12 12:22:24] [12:22:24] "GET /api/stats HTTP/1.1" 200 -
[2026-09-12 12:22:24] 
[2026-09-12 12:22:24] [GET] /api/mapping cookie=***
[2026-09-12 12:22:24] 
[2026-09-12 12:22:24] [12:22:24] "GET /api/mapping HTTP/1.1" 200 -
[2026-09-12 12:22:24] 
[2026-09-12 12:23:18] [GET] /api/stats cookie=***
[2026-09-12 12:23:18] 
[2026-09-12 12:23:18] [12:23:18] "GET /api/stats HTTP/1.1" 200 -
[2026-09-12 12:23:18] 
[2026-09-12 12:23:49] [GET] /api/consume/stats cookie=***
[2026-09-12 12:23:49] 
[2026-09-12 12:23:49] [刷新匹配] 保留 10879 条, 更新了 0 条
[2026-09-12 12:23:49] 
[2026-09-12 12:23:51] [12:23:51] "GET /api/consume/stats HTTP/1.1" 200 -
[2026-09-12 12:23:51] 
[2026-09-12 12:25:03] [GET]  cookie=***
[2026-09-12 12:25:03] 
[2026-09-12 12:25:03] [12:25:03] "GET / HTTP/1.1" 200 -
[2026-09-12 12:25:03] 
[2026-09-12 12:25:03] [GET]  cookie=***
[2026-09-12 12:25:03] 
[2026-09-12 12:25:03] [12:25:03] "GET / HTTP/1.1" 200 -
[2026-09-12 12:25:03] 
[2026-09-12 12:25:03] [GET] /xlsx.full.min.js cookie=***
[2026-09-12 12:25:03] 
[2026-09-12 12:25:03] [12:25:03] "GET /xlsx.full.min.js HTTP/1.1" 200 -
[2026-09-12 12:25:03] 
[2026-09-12 12:25:04] [GET] /xlsx.full.min.js cookie=***
[2026-09-12 12:25:04] 
[2026-09-12 12:25:04] [12:25:04] "GET /xlsx.full.min.js HTTP/1.1" 200 -
[2026-09-12 12:25:04] 
[2026-09-12 12:25:04] [GET] /api/auth/me cookie=***
[2026-09-12 12:25:04] 
[2026-09-12 12:25:04] [12:25:04] "GET /api/auth/me?t=1789187104308 HTTP/1.1" 200 -
[2026-09-12 12:25:04] 
[2026-09-12 12:25:04] [GET] /api/consume/import-log cookie=***
[2026-09-12 12:25:04] 
[2026-09-12 12:25:04] [GET] /api/ops-log cookie=***
[2026-09-12 12:25:04] [GET] /api/users cookie=***
[2026-09-12 12:25:04] [GET] /api/settings cookie=***
[2026-09-12 12:25:04] 
[2026-09-12 12:25:04] [GET] /@vite/client cookie=***
[2026-09-12 12:25:04] 
[2026-09-12 12:25:04] 
[2026-09-12 12:25:04] [12:25:04] "GET /api/consume/import-log HTTP/1.1" 200 -
[2026-09-12 12:25:04] 
[2026-09-12 12:25:04] [GET] /api/stats cookie=***
[2026-09-12 12:25:04] 
[2026-09-12 12:25:04] 
[2026-09-12 12:25:04] [12:25:04] "GET /api/settings HTTP/1.1" 200 -
[2026-09-12 12:25:04] [12:25:04] "GET /@vite/client HTTP/1.1" 404 -
[2026-09-12 12:25:04] 
[2026-09-12 12:25:04] 
[2026-09-12 12:25:04] [12:25:04] "GET /api/users HTTP/1.1" 200 -
[2026-09-12 12:25:04] 
[2026-09-12 12:25:04] [12:25:04] "GET /api/ops-log HTTP/1.1" 200 -
[2026-09-12 12:25:04] 
[2026-09-12 12:25:04] [12:25:04] "GET /api/stats?_t=1789187104432 HTTP/1.1" 200 -
[2026-09-12 12:25:04] 
[2026-09-12 12:25:04] [GET] /api/health cookie=***
[2026-09-12 12:25:04] 
[2026-09-12 12:25:04] [12:25:04] "GET /api/health HTTP/1.1" 200 -
[2026-09-12 12:25:04] 
[2026-09-12 12:25:04] [GET] /api/mapping cookie=***
[2026-09-12 12:25:04] 
[2026-09-12 12:25:04] [GET] /api/recharge cookie=***
[2026-09-12 12:25:04] [GET] /api/consume cookie=***
[2026-09-12 12:25:04] [GET] /api/refund cookie=***
[2026-09-12 12:25:04] [GET] /api/client_status cookie=***
[2026-09-12 12:25:04] 
[2026-09-12 12:25:04] 
[2026-09-12 12:25:04] [GET] /api/payment cookie=***
[2026-09-12 12:25:04] 
[2026-09-12 12:25:04] 
[2026-09-12 12:25:04] 
[2026-09-12 12:25:04] [12:25:04] "GET /api/client_status HTTP/1.1" 200 -
[2026-09-12 12:25:04] 
[2026-09-12 12:25:04] [GET] /api/service-fee cookie=***
[2026-09-12 12:25:04] 
[2026-09-12 12:25:04] [12:25:04] "GET /api/refund HTTP/1.1" 200 -
[2026-09-12 12:25:04] [12:25:04] "GET /api/mapping HTTP/1.1" 200 -
[2026-09-12 12:25:04] 
[2026-09-12 12:25:04] 
[2026-09-12 12:25:04] [12:25:04] "GET /api/payment HTTP/1.1" 200 -
[2026-09-12 12:25:04] 
[2026-09-12 12:25:04] [GET] /api/meta/tokens cookie=***
[2026-09-12 12:25:04] 
[2026-09-12 12:25:05] [GET] /api/meta/auto-sync-cfg cookie=***
[2026-09-12 12:25:05] [12:25:05] "GET /api/service-fee HTTP/1.1" 200 -
[2026-09-12 12:25:05] 
[2026-09-12 12:25:05] 
[2026-09-12 12:25:05] [12:25:05] "GET /api/meta/tokens HTTP/1.1" 200 -
[2026-09-12 12:25:05] 
[2026-09-12 12:25:05] [12:25:05] "GET /api/meta/auto-sync-cfg HTTP/1.1" 200 -
[2026-09-12 12:25:05] 
[2026-09-12 12:25:05] [12:25:05] "GET /api/consume HTTP/1.1" 200 -
[2026-09-12 12:25:05] 
[2026-09-12 12:25:05] [12:25:05] "GET /api/recharge HTTP/1.1" 200 -
[2026-09-12 12:25:05] 
[2026-09-12 12:25:06] [GET] /api/consume/stats cookie=***
[2026-09-12 12:25:06] [GET] /api/stats cookie=***
[2026-09-12 12:25:06] 
[2026-09-12 12:25:06] 
[2026-09-12 12:25:06] [12:25:06] "GET /api/consume/stats HTTP/1.1" 200 -
[2026-09-12 12:25:06] 
[2026-09-12 12:25:07] [12:25:07] "GET /api/stats HTTP/1.1" 200 -
[2026-09-12 12:25:07] 
[2026-09-12 12:25:26] [GET]  cookie=***
[2026-09-12 12:25:26] 
[2026-09-12 12:25:26] [12:25:26] "GET / HTTP/1.1" 200 -
[2026-09-12 12:25:26] 
[2026-09-12 12:25:39] [GET] /api/stats cookie=***
[2026-09-12 12:25:39] 
[2026-09-12 12:25:39] [12:25:39] "GET /api/stats HTTP/1.1" 200 -
[2026-09-12 12:25:39] 
[2026-09-12 12:26:09] [GET] /api/stats cookie=***
[2026-09-12 12:26:09] 
[2026-09-12 12:26:09] [12:26:09] "GET /api/stats HTTP/1.1" 200 -
[2026-09-12 12:26:09] 
[2026-09-12 12:26:39] [GET] /api/stats cookie=***
[2026-09-12 12:26:39] 
[2026-09-12 12:26:39] [12:26:39] "GET /api/stats HTTP/1.1" 200 -
[2026-09-12 12:26:39] 
[2026-09-12 12:27:09] [GET] /api/stats cookie=***
[2026-09-12 12:27:09] 
[2026-09-12 12:27:09] [12:27:09] "GET /api/stats HTTP/1.1" 200 -
[2026-09-12 12:27:09] 
[2026-09-12 12:27:39] [GET] /api/stats cookie=***
[2026-09-12 12:27:39] 
[2026-09-12 12:27:39] [12:27:39] "GET /api/stats HTTP/1.1" 200 -
[2026-09-12 12:27:39] 
[2026-09-12 12:28:09] [GET] /api/stats cookie=***
[2026-09-12 12:28:09] 
[2026-09-12 12:28:09] [12:28:09] "GET /api/stats HTTP/1.1" 200 -
[2026-09-12 12:28:09] 
[2026-09-12 12:28:39] [GET] /api/stats cookie=***
[2026-09-12 12:28:39] 
[2026-09-12 12:28:39] [12:28:39] "GET /api/stats HTTP/1.1" 200 -
[2026-09-12 12:28:39] 
[2026-09-12 12:29:09] [GET] /api/stats cookie=***
[2026-09-12 12:29:09] 
[2026-09-12 12:29:09] [12:29:09] "GET /api/stats HTTP/1.1" 200 -
[2026-09-12 12:29:09] 
[2026-09-12 12:29:39] [GET] /api/stats cookie=***
[2026-09-12 12:29:39] 
[2026-09-12 12:29:39] [12:29:39] "GET /api/stats HTTP/1.1" 200 -
[2026-09-12 12:29:39] 
[2026-09-12 12:30:09] [GET] /api/stats cookie=***
[2026-09-12 12:30:09] 
[2026-09-12 12:30:09] [12:30:09] "GET /api/stats HTTP/1.1" 200 -
[2026-09-12 12:30:09] 
[2026-09-12 12:30:39] [GET] /api/stats cookie=***
[2026-09-12 12:30:39] 
[2026-09-12 12:30:39] [12:30:39] "GET /api/stats HTTP/1.1" 200 -
[2026-09-12 12:30:39] 
[2026-09-12 12:31:09] [GET] /api/stats cookie=***
[2026-09-12 12:31:09] 
[2026-09-12 12:31:09] [12:31:09] "GET /api/stats HTTP/1.1" 200 -
[2026-09-12 12:31:09] 
[2026-09-12 12:31:39] [GET] /api/stats cookie=***
[2026-09-12 12:31:39] 
[2026-09-12 12:31:39] [12:31:39] "GET /api/stats HTTP/1.1" 200 -
[2026-09-12 12:31:39] 
[2026-09-12 12:32:09] [GET] /api/stats cookie=***
[2026-09-12 12:32:09] 
[2026-09-12 12:32:09] [12:32:09] "GET /api/stats HTTP/1.1" 200 -
[2026-09-12 12:32:09] 
[2026-09-12 12:32:39] [GET] /api/stats cookie=***
[2026-09-12 12:32:39] 
[2026-09-12 12:32:39] [12:32:39] "GET /api/stats HTTP/1.1" 200 -
[2026-09-12 12:32:39] 
[2026-09-12 12:33:09] [GET] /api/stats cookie=***
[2026-09-12 12:33:09] 
[2026-09-12 12:33:09] [12:33:09] "GET /api/stats HTTP/1.1" 200 -
[2026-09-12 12:33:09] 
[2026-09-12 12:33:39] [GET] /api/stats cookie=***
[2026-09-12 12:33:39] 
[2026-09-12 12:33:39] [12:33:39] "GET /api/stats HTTP/1.1" 200 -
[2026-09-12 12:33:39] 
[2026-09-12 12:34:09] [GET] /api/stats cookie=***
[2026-09-12 12:34:09] 
[2026-09-12 12:34:09] [12:34:09] "GET /api/stats HTTP/1.1" 200 -
[2026-09-12 12:34:09] 
[2026-09-12 12:34:39] [GET] /api/stats cookie=***
[2026-09-12 12:34:39] 
[2026-09-12 12:34:39] [12:34:39] "GET /api/stats HTTP/1.1" 200 -
[2026-09-12 12:34:39] 
[2026-09-12 12:35:09] [GET] /api/stats cookie=***
[2026-09-12 12:35:09] 
[2026-09-12 12:35:09] [12:35:09] "GET /api/stats HTTP/1.1" 200 -
[2026-09-12 12:35:09] 
[2026-09-12 12:35:39] [GET] /api/stats cookie=***
[2026-09-12 12:35:39] 
[2026-09-12 12:35:39] [12:35:39] "GET /api/stats HTTP/1.1" 200 -
[2026-09-12 12:35:39] 
[2026-09-12 12:36:09] [GET] /api/stats cookie=***
[2026-09-12 12:36:09] 
[2026-09-12 12:36:09] [12:36:09] "GET /api/stats HTTP/1.1" 200 -
[2026-09-12 12:36:09] 
[2026-09-12 12:36:39] [GET] /api/stats cookie=***
[2026-09-12 12:36:39] 
[2026-09-12 12:36:39] [12:36:39] "GET /api/stats HTTP/1.1" 200 -
[2026-09-12 12:36:39] 
[2026-09-12 12:37:09] [GET] /api/stats cookie=***
[2026-09-12 12:37:09] 
[2026-09-12 12:37:09] [12:37:09] "GET /api/stats HTTP/1.1" 200 -
[2026-09-12 12:37:09] 
[2026-09-12 12:37:39] [GET] /api/stats cookie=***
[2026-09-12 12:37:39] 
[2026-09-12 12:37:39] [12:37:39] "GET /api/stats HTTP/1.1" 200 -
[2026-09-12 12:37:39] 
[2026-09-12 12:38:09] [GET] /api/stats cookie=***
[2026-09-12 12:38:09] 
[2026-09-12 12:38:09] [12:38:09] "GET /api/stats HTTP/1.1" 200 -
[2026-09-12 12:38:09] 
[2026-09-12 12:38:39] [GET] /api/stats cookie=***
[2026-09-12 12:38:39] 
[2026-09-12 12:38:39] [12:38:39] "GET /api/stats HTTP/1.1" 200 -
[2026-09-12 12:38:39] 
[2026-09-12 12:39:09] [GET] /api/stats cookie=***
[2026-09-12 12:39:09] 
[2026-09-12 12:39:09] [12:39:09] "GET /api/stats HTTP/1.1" 200 -
[2026-09-12 12:39:09] 
[2026-09-12 12:39:39] [GET] /api/stats cookie=***
[2026-09-12 12:39:39] 
[2026-09-12 12:39:39] [12:39:39] "GET /api/stats HTTP/1.1" 200 -
[2026-09-12 12:39:39] 
[2026-09-12 12:40:09] [GET] /api/stats cookie=***
[2026-09-12 12:40:09] 
[2026-09-12 12:40:09] [12:40:09] "GET /api/stats HTTP/1.1" 200 -
[2026-09-12 12:40:09] 
[2026-09-12 12:40:39] [GET] /api/stats cookie=***
[2026-09-12 12:40:39] 
[2026-09-12 12:40:39] [12:40:39] "GET /api/stats HTTP/1.1" 200 -
[2026-09-12 12:40:39] 
[2026-09-12 12:41:09] [GET] /api/stats cookie=***
[2026-09-12 12:41:09] 
[2026-09-12 12:41:09] [12:41:09] "GET /api/stats HTTP/1.1" 200 -
[2026-09-12 12:41:09] 
[2026-09-12 12:41:39] [GET] /api/stats cookie=***
[2026-09-12 12:41:39] 
[2026-09-12 12:41:39] [12:41:39] "GET /api/stats HTTP/1.1" 200 -
[2026-09-12 12:41:39] 
[2026-09-12 12:42:09] [GET] /api/stats cookie=***
[2026-09-12 12:42:09] 
[2026-09-12 12:42:09] [12:42:09] "GET /api/stats HTTP/1.1" 200 -
[2026-09-12 12:42:09] 
[2026-09-12 12:42:39] [GET] /api/stats cookie=***
[2026-09-12 12:42:39] 
[2026-09-12 12:42:39] [12:42:39] "GET /api/stats HTTP/1.1" 200 -
[2026-09-12 12:42:39] 
[2026-09-12 12:43:09] [GET] /api/stats cookie=***
[2026-09-12 12:43:09] 
[2026-09-12 12:43:09] [12:43:09] "GET /api/stats HTTP/1.1" 200 -
[2026-09-12 12:43:09] 
[2026-09-12 12:43:39] [GET] /api/stats cookie=***
[2026-09-12 12:43:39] 
[2026-09-12 12:43:39] [12:43:39] "GET /api/stats HTTP/1.1" 200 -
[2026-09-12 12:43:39] 
[2026-09-12 12:44:09] [GET] /api/stats cookie=***
[2026-09-12 12:44:09] 
[2026-09-12 12:44:09] [12:44:09] "GET /api/stats HTTP/1.1" 200 -
[2026-09-12 12:44:09] 
[2026-09-12 12:44:39] [GET] /api/stats cookie=***
[2026-09-12 12:44:39] 
[2026-09-12 12:44:39] [12:44:39] "GET /api/stats HTTP/1.1" 200 -
[2026-09-12 12:44:39] 
[2026-09-12 12:45:09] [GET] /api/stats cookie=***
[2026-09-12 12:45:09] 
[2026-09-12 12:45:09] [12:45:09] "GET /api/stats HTTP/1.1" 200 -
[2026-09-12 12:45:09] 
[2026-09-12 12:45:15] [boot] 日志重定向已启用 -> /Users/mac/Library/Application Support/TRAE SOLO CN/ModularData/ai-agent/work-mode-projects/6aa2769ead555511aa7a9041/fb_project/FB广告账户管理系统 v3.911/data/server.log
[2026-09-12 12:45:15] 
[2026-09-12 12:45:15] [preload] ✅ 预加载 2 个静态文件 (1371KB → 442KB gzip, 节省 68%)
[2026-09-12 12:45:15] 
[2026-09-12 12:45:15] =======================================================
[2026-09-12 12:45:15] 
[2026-09-12 12:45:15]   FB 广告账户管理系统 v4 · 单机完整版
[2026-09-12 12:45:15] 
[2026-09-12 12:45:15]   地址: http://localhost:8765
[2026-09-12 12:45:15] 
[2026-09-12 12:45:15]   数据目录: /Users/mac/Library/Application Support/TRAE SOLO CN/ModularData/ai-agent/work-mode-projects/6aa2769ead555511aa7a9041/fb_project/FB广告账户管理系统 v3.911/data
[2026-09-12 12:45:15] 
[2026-09-12 12:45:15]   默认账号: admin / admin123456
[2026-09-12 12:45:15] 
[2026-09-12 12:45:15]   按 Ctrl+C 停止
[2026-09-12 12:45:15] 
[2026-09-12 12:45:15] =======================================================
[2026-09-12 12:45:15] 
[2026-09-12 12:45:17] [GET]  from 127.0.0.1 no-cookie
[2026-09-12 12:45:17] 
[2026-09-12 12:45:17] [12:45:17] "GET / HTTP/1.1" 200 -
[2026-09-12 12:45:17] 
[2026-09-12 12:45:17] [GET] /api/health from 127.0.0.1 no-cookie
[2026-09-12 12:45:17] 
[2026-09-12 12:45:17] [12:45:17] "GET /api/health HTTP/1.1" 200 -
[2026-09-12 12:45:17] 
[2026-09-12 12:45:38] [GET] /health from 127.0.0.1 no-cookie
[2026-09-12 12:45:38] 
[2026-09-12 12:45:38] [12:45:38] "GET /health HTTP/1.1" 404 -
[2026-09-12 12:45:38] 
[2026-09-12 12:45:38] [GET] /api/health from 1.2.3.4 no-cookie
[2026-09-12 12:45:38] 
[2026-09-12 12:45:38] [12:45:38] "GET /api/health HTTP/1.1" 200 -
[2026-09-12 12:45:38] 
[2026-09-12 12:45:38] [POST] /api/auth/login from 127.0.0.1 no-cookie
[2026-09-12 12:45:38] 
[2026-09-12 12:45:38] [12:45:38] "POST /api/auth/login HTTP/1.1" 200 -
[2026-09-12 12:45:38] 
[2026-09-12 12:45:38] [POST] /api/auth/login from 127.0.0.1 no-cookie
[2026-09-12 12:45:38] 
[2026-09-12 12:45:38] [12:45:38] "POST /api/auth/login HTTP/1.1" 401 -
[2026-09-12 12:45:38] 
[2026-09-12 12:45:38] [POST] /api/auth/login from 127.0.0.1 no-cookie
[2026-09-12 12:45:38] 
[2026-09-12 12:45:38] [12:45:38] "POST /api/auth/login HTTP/1.1" 401 -
[2026-09-12 12:45:38] 
[2026-09-12 12:45:38] [POST] /api/auth/login from 127.0.0.1 no-cookie
[2026-09-12 12:45:38] 
[2026-09-12 12:45:38] [12:45:38] "POST /api/auth/login HTTP/1.1" 429 -
[2026-09-12 12:45:38] 
[2026-09-12 12:45:38] [429] rate-limit login ip=127.0.0.1 count=10
[2026-09-12 12:45:38] 
[2026-09-12 12:45:38] [GET] /health from 127.0.0.1 no-cookie
[2026-09-12 12:45:38] 
[2026-09-12 12:45:38] [12:45:38] "GET /health HTTP/1.1" 404 -
[2026-09-12 12:45:38] 
[2026-09-12 12:45:38] [GET] /health from 127.0.0.1 no-cookie
[2026-09-12 12:45:38] 
[2026-09-12 12:45:38] [12:45:38] "GET /health HTTP/1.1" 404 -
[2026-09-12 12:45:38] 
[2026-09-12 12:45:38] [GET] /health from 127.0.0.1 no-cookie
[2026-09-12 12:45:38] 
[2026-09-12 12:45:38] [12:45:38] "GET /health HTTP/1.1" 404 -
[2026-09-12 12:45:38] 
[2026-09-12 12:45:38] [GET] /health from 127.0.0.1 no-cookie
[2026-09-12 12:45:38] 
[2026-09-12 12:45:38] [12:45:38] "GET /health HTTP/1.1" 404 -
[2026-09-12 12:45:38] 
[2026-09-12 12:45:38] [GET] /health from 127.0.0.1 no-cookie
[2026-09-12 12:45:38] 
[2026-09-12 12:45:38] [12:45:38] "GET /health HTTP/1.1" 404 -
[2026-09-12 12:45:38] 
[2026-09-12 12:45:38] [GET] /health from 127.0.0.1 no-cookie
[2026-09-12 12:45:38] 
[2026-09-12 12:45:38] [12:45:38] "GET /health HTTP/1.1" 404 -
[2026-09-12 12:45:38] 
[2026-09-12 12:45:38] [GET] /health from 127.0.0.1 no-cookie
[2026-09-12 12:45:38] 
[2026-09-12 12:45:38] [12:45:38] "GET /health HTTP/1.1" 404 -
[2026-09-12 12:45:38] 
[2026-09-12 12:45:38] [GET] /health from 127.0.0.1 no-cookie
[2026-09-12 12:45:38] 
[2026-09-12 12:45:38] [12:45:38] "GET /health HTTP/1.1" 404 -
[2026-09-12 12:45:38] 
[2026-09-12 12:45:38] [GET] /health from 127.0.0.1 no-cookie
[2026-09-12 12:45:38] 
[2026-09-12 12:45:38] [12:45:38] "GET /health HTTP/1.1" 404 -
[2026-09-12 12:45:38] 
[2026-09-12 12:45:38] [GET] /health from 127.0.0.1 no-cookie
[2026-09-12 12:45:38] 
[2026-09-12 12:45:38] [12:45:38] "GET /health HTTP/1.1" 404 -
[2026-09-12 12:45:38] 
[2026-09-12 12:45:38] [GET] /health from 127.0.0.1 no-cookie
[2026-09-12 12:45:38] 
[2026-09-12 12:45:38] [12:45:38] "GET /health HTTP/1.1" 404 -
[2026-09-12 12:45:38] 
[2026-09-12 12:45:38] [GET] /health from 127.0.0.1 no-cookie
[2026-09-12 12:45:38] 
[2026-09-12 12:45:38] [12:45:38] "GET /health HTTP/1.1" 404 -
[2026-09-12 12:45:38] 
[2026-09-12 12:45:38] [GET] /health from 127.0.0.1 no-cookie
[2026-09-12 12:45:38] 
[2026-09-12 12:45:38] [12:45:38] "GET /health HTTP/1.1" 404 -
[2026-09-12 12:45:38] 
[2026-09-12 12:45:38] [GET] /health from 127.0.0.1 no-cookie
[2026-09-12 12:45:38] 
[2026-09-12 12:45:38] [12:45:38] "GET /health HTTP/1.1" 404 -
[2026-09-12 12:45:38] 
[2026-09-12 12:45:38] [GET] /health from 127.0.0.1 no-cookie
[2026-09-12 12:45:38] 
[2026-09-12 12:45:38] [12:45:38] "GET /health HTTP/1.1" 404 -
[2026-09-12 12:45:38] 
[2026-09-12 12:45:38] [GET] /health from 127.0.0.1 no-cookie
[2026-09-12 12:45:38] 
[2026-09-12 12:45:38] [12:45:38] "GET /health HTTP/1.1" 404 -
[2026-09-12 12:45:38] 
[2026-09-12 12:45:38] [GET] /health from 127.0.0.1 no-cookie
[2026-09-12 12:45:38] 
[2026-09-12 12:45:38] [12:45:38] "GET /health HTTP/1.1" 404 -
[2026-09-12 12:45:38] 
[2026-09-12 12:45:38] [GET] /health from 127.0.0.1 no-cookie
[2026-09-12 12:45:38] 
[2026-09-12 12:45:38] [12:45:38] "GET /health HTTP/1.1" 404 -
[2026-09-12 12:45:38] 
[2026-09-12 12:45:38] [GET] /health from 127.0.0.1 no-cookie
[2026-09-12 12:45:38] 
[2026-09-12 12:45:38] [12:45:38] "GET /health HTTP/1.1" 404 -
[2026-09-12 12:45:38] 
[2026-09-12 12:45:38] [GET] /health from 127.0.0.1 no-cookie
[2026-09-12 12:45:38] 
[2026-09-12 12:45:38] [12:45:38] "GET /health HTTP/1.1" 404 -
[2026-09-12 12:45:38] 
[2026-09-12 12:45:38] [GET] /health from 127.0.0.1 no-cookie
[2026-09-12 12:45:38] 
[2026-09-12 12:45:38] [12:45:38] "GET /health HTTP/1.1" 404 -
[2026-09-12 12:45:38] 
[2026-09-12 12:45:38] [GET] /health from 127.0.0.1 no-cookie
[2026-09-12 12:45:38] 
[2026-09-12 12:45:38] [12:45:38] "GET /health HTTP/1.1" 404 -
[2026-09-12 12:45:38] 
[2026-09-12 12:45:38] [GET] /health from 127.0.0.1 no-cookie
[2026-09-12 12:45:38] 
[2026-09-12 12:45:38] [12:45:38] "GET /health HTTP/1.1" 404 -
[2026-09-12 12:45:38] 
[2026-09-12 12:45:38] [GET] /health from 127.0.0.1 no-cookie
[2026-09-12 12:45:38] 
[2026-09-12 12:45:38] [12:45:38] "GET /health HTTP/1.1" 404 -
[2026-09-12 12:45:38] 
[2026-09-12 12:45:38] [GET] /health from 127.0.0.1 no-cookie
[2026-09-12 12:45:38] 
[2026-09-12 12:45:38] [12:45:38] "GET /health HTTP/1.1" 404 -
[2026-09-12 12:45:38] 
[2026-09-12 12:45:38] [GET] /health from 127.0.0.1 no-cookie
[2026-09-12 12:45:38] 
[2026-09-12 12:45:38] [12:45:38] "GET /health HTTP/1.1" 404 -
[2026-09-12 12:45:38] 
[2026-09-12 12:45:38] [GET] /health from 127.0.0.1 no-cookie
[2026-09-12 12:45:38] 
[2026-09-12 12:45:38] [12:45:38] "GET /health HTTP/1.1" 404 -
[2026-09-12 12:45:38] 
[2026-09-12 12:45:38] [GET] /health from 127.0.0.1 no-cookie
[2026-09-12 12:45:38] 
[2026-09-12 12:45:38] [12:45:38] "GET /health HTTP/1.1" 404 -
[2026-09-12 12:45:38] 
[2026-09-12 12:45:38] [GET] /health from 127.0.0.1 no-cookie
[2026-09-12 12:45:38] 
[2026-09-12 12:45:38] [12:45:38] "GET /health HTTP/1.1" 404 -
[2026-09-12 12:45:38] 
[2026-09-12 12:45:38] [GET] /health from 127.0.0.1 no-cookie
[2026-09-12 12:45:38] 
[2026-09-12 12:45:38] [12:45:38] "GET /health HTTP/1.1" 404 -
[2026-09-12 12:45:38] 
[2026-09-12 12:45:38] [GET] /health from 127.0.0.1 no-cookie
[2026-09-12 12:45:38] 
[2026-09-12 12:45:38] [12:45:38] "GET /health HTTP/1.1" 404 -
[2026-09-12 12:45:38] 
[2026-09-12 12:45:38] [GET] /health from 127.0.0.1 no-cookie
[2026-09-12 12:45:38] 
[2026-09-12 12:45:38] [12:45:38] "GET /health HTTP/1.1" 404 -
[2026-09-12 12:45:38] 
[2026-09-12 12:45:38] [GET] /health from 127.0.0.1 no-cookie
[2026-09-12 12:45:38] 
[2026-09-12 12:45:38] [12:45:38] "GET /health HTTP/1.1" 404 -
[2026-09-12 12:45:38] 
[2026-09-12 12:45:38] [GET] /health from 127.0.0.1 no-cookie
[2026-09-12 12:45:38] 
[2026-09-12 12:45:38] [12:45:38] "GET /health HTTP/1.1" 404 -
[2026-09-12 12:45:38] 
[2026-09-12 12:45:38] [GET] /health from 127.0.0.1 no-cookie
[2026-09-12 12:45:38] 
[2026-09-12 12:45:38] [12:45:38] "GET /health HTTP/1.1" 404 -
[2026-09-12 12:45:38] 
[2026-09-12 12:45:38] [GET] /health from 127.0.0.1 no-cookie
[2026-09-12 12:45:38] 
[2026-09-12 12:45:38] [12:45:38] "GET /health HTTP/1.1" 404 -
[2026-09-12 12:45:38] 
[2026-09-12 12:45:38] [GET] /health from 127.0.0.1 no-cookie
[2026-09-12 12:45:38] 
[2026-09-12 12:45:38] [12:45:38] "GET /health HTTP/1.1" 404 -
[2026-09-12 12:45:38] 
[2026-09-12 12:45:38] [GET] /health from 127.0.0.1 no-cookie
[2026-09-12 12:45:38] 
[2026-09-12 12:45:38] [12:45:38] "GET /health HTTP/1.1" 404 -
[2026-09-12 12:45:38] 
[2026-09-12 12:45:38] [GET] /health from 127.0.0.1 no-cookie
[2026-09-12 12:45:38] 
[2026-09-12 12:45:38] [12:45:38] "GET /health HTTP/1.1" 404 -
[2026-09-12 12:45:38] 
[2026-09-12 12:45:38] [GET] /health from 127.0.0.1 no-cookie
[2026-09-12 12:45:38] 
[2026-09-12 12:45:38] [12:45:38] "GET /health HTTP/1.1" 404 -
[2026-09-12 12:45:38] 
[2026-09-12 12:45:38] [GET] /health from 127.0.0.1 no-cookie
[2026-09-12 12:45:38] 
[2026-09-12 12:45:38] [12:45:38] "GET /health HTTP/1.1" 404 -
[2026-09-12 12:45:38] 
[2026-09-12 12:45:38] [GET] /health from 127.0.0.1 no-cookie
[2026-09-12 12:45:38] 
[2026-09-12 12:45:38] [12:45:38] "GET /health HTTP/1.1" 404 -
[2026-09-12 12:45:38] 
[2026-09-12 12:45:38] [GET] /health from 127.0.0.1 no-cookie
[2026-09-12 12:45:38] 
[2026-09-12 12:45:38] [12:45:38] "GET /health HTTP/1.1" 404 -
[2026-09-12 12:45:38] 
[2026-09-12 12:45:38] [GET] /health from 127.0.0.1 no-cookie
[2026-09-12 12:45:38] 
[2026-09-12 12:45:38] [12:45:38] "GET /health HTTP/1.1" 404 -
[2026-09-12 12:45:38] 
[2026-09-12 12:45:38] [GET] /health from 127.0.0.1 no-cookie
[2026-09-12 12:45:38] 
[2026-09-12 12:45:38] [12:45:38] "GET /health HTTP/1.1" 404 -
[2026-09-12 12:45:38] 
[2026-09-12 12:45:38] [GET] /health from 127.0.0.1 no-cookie
[2026-09-12 12:45:38] 
[2026-09-12 12:45:38] [12:45:38] "GET /health HTTP/1.1" 404 -
[2026-09-12 12:45:38] 
[2026-09-12 12:45:38] [GET] /health from 127.0.0.1 no-cookie
[2026-09-12 12:45:38] 
[2026-09-12 12:45:38] [12:45:38] "GET /health HTTP/1.1" 404 -
[2026-09-12 12:45:38] 
[2026-09-12 12:45:38] [GET] /health from 127.0.0.1 no-cookie
[2026-09-12 12:45:38] 
[2026-09-12 12:45:38] [12:45:38] "GET /health HTTP/1.1" 404 -
[2026-09-12 12:45:38] 
[2026-09-12 12:45:38] [GET] /health from 127.0.0.1 no-cookie
[2026-09-12 12:45:38] 
[2026-09-12 12:45:38] [12:45:38] "GET /health HTTP/1.1" 404 -
[2026-09-12 12:45:38] 
[2026-09-12 12:45:38] [GET] /health from 127.0.0.1 no-cookie
[2026-09-12 12:45:38] 
[2026-09-12 12:45:38] [12:45:38] "GET /health HTTP/1.1" 404 -
[2026-09-12 12:45:38] 
[2026-09-12 12:45:38] [GET] /health from 127.0.0.1 no-cookie
[2026-09-12 12:45:38] 
[2026-09-12 12:45:38] [12:45:38] "GET /health HTTP/1.1" 404 -
[2026-09-12 12:45:38] 
[2026-09-12 12:45:38] [GET] /health from 127.0.0.1 no-cookie
[2026-09-12 12:45:38] 
[2026-09-12 12:45:38] [12:45:38] "GET /health HTTP/1.1" 404 -
[2026-09-12 12:45:38] 
[2026-09-12 12:45:38] [GET] /health from 127.0.0.1 no-cookie
[2026-09-12 12:45:38] 
[2026-09-12 12:45:38] [12:45:38] "GET /health HTTP/1.1" 404 -
[2026-09-12 12:45:38] 
[2026-09-12 12:45:38] [GET] /health from 127.0.0.1 no-cookie
[2026-09-12 12:45:38] 
[2026-09-12 12:45:38] [12:45:38] "GET /health HTTP/1.1" 404 -
[2026-09-12 12:45:38] 
[2026-09-12 12:45:38] [GET] /health from 127.0.0.1 no-cookie
[2026-09-12 12:45:38] 
[2026-09-12 12:45:38] [12:45:38] "GET /health HTTP/1.1" 404 -
[2026-09-12 12:45:38] 
[2026-09-12 12:45:38] [GET] /health from 127.0.0.1 no-cookie
[2026-09-12 12:45:38] 
[2026-09-12 12:45:38] [12:45:38] "GET /health HTTP/1.1" 404 -
[2026-09-12 12:45:38] 
[2026-09-12 12:45:38] [GET] /health from 127.0.0.1 no-cookie
[2026-09-12 12:45:38] 
[2026-09-12 12:45:38] [12:45:38] "GET /health HTTP/1.1" 404 -
[2026-09-12 12:45:38] 
[2026-09-12 12:45:38] [GET] /health from 127.0.0.1 no-cookie
[2026-09-12 12:45:38] 
[2026-09-12 12:45:38] [12:45:38] "GET /health HTTP/1.1" 404 -
[2026-09-12 12:45:38] 
[2026-09-12 12:45:38] [GET] /health from 127.0.0.1 no-cookie
[2026-09-12 12:45:38] 
[2026-09-12 12:45:38] [12:45:38] "GET /health HTTP/1.1" 404 -
[2026-09-12 12:45:38] 
[2026-09-12 12:45:38] [GET] /health from 127.0.0.1 no-cookie
[2026-09-12 12:45:38] 
[2026-09-12 12:45:38] [12:45:38] "GET /health HTTP/1.1" 404 -
[2026-09-12 12:45:38] 
[2026-09-12 12:45:38] [GET] /health from 127.0.0.1 no-cookie
[2026-09-12 12:45:38] 
[2026-09-12 12:45:38] [12:45:38] "GET /health HTTP/1.1" 404 -
[2026-09-12 12:45:38] 
[2026-09-12 12:45:38] [GET] /health from 127.0.0.1 no-cookie
[2026-09-12 12:45:38] 
[2026-09-12 12:45:38] [12:45:38] "GET /health HTTP/1.1" 404 -
[2026-09-12 12:45:38] 
[2026-09-12 12:45:38] [GET] /health from 127.0.0.1 no-cookie
[2026-09-12 12:45:38] 
[2026-09-12 12:45:38] [12:45:38] "GET /health HTTP/1.1" 404 -
[2026-09-12 12:45:38] 
[2026-09-12 12:45:38] [GET] /health from 127.0.0.1 no-cookie
[2026-09-12 12:45:38] 
[2026-09-12 12:45:38] [12:45:38] "GET /health HTTP/1.1" 404 -
[2026-09-12 12:45:38] 
[2026-09-12 12:45:38] [GET] /health from 127.0.0.1 no-cookie
[2026-09-12 12:45:38] 
[2026-09-12 12:45:38] [12:45:38] "GET /health HTTP/1.1" 404 -
[2026-09-12 12:45:38] 
[2026-09-12 12:45:38] [GET] /health from 127.0.0.1 no-cookie
[2026-09-12 12:45:38] 
[2026-09-12 12:45:38] [12:45:38] "GET /health HTTP/1.1" 404 -
[2026-09-12 12:45:38] 
[2026-09-12 12:45:38] [GET] /health from 127.0.0.1 no-cookie
[2026-09-12 12:45:38] 
[2026-09-12 12:45:38] [12:45:38] "GET /health HTTP/1.1" 404 -
[2026-09-12 12:45:38] 
[2026-09-12 12:45:38] [GET] /health from 127.0.0.1 no-cookie
[2026-09-12 12:45:38] 
[2026-09-12 12:45:38] [12:45:38] "GET /health HTTP/1.1" 404 -
[2026-09-12 12:45:38] 
[2026-09-12 12:45:38] [GET] /health from 127.0.0.1 no-cookie
[2026-09-12 12:45:38] 
[2026-09-12 12:45:38] [12:45:38] "GET /health HTTP/1.1" 404 -
[2026-09-12 12:45:38] 
[2026-09-12 12:45:38] [GET] /health from 127.0.0.1 no-cookie
[2026-09-12 12:45:38] 
[2026-09-12 12:45:38] [12:45:38] "GET /health HTTP/1.1" 404 -
[2026-09-12 12:45:38] 
[2026-09-12 12:45:38] [GET] /health from 127.0.0.1 no-cookie
[2026-09-12 12:45:38] 
[2026-09-12 12:45:38] [12:45:38] "GET /health HTTP/1.1" 404 -
[2026-09-12 12:45:38] 
[2026-09-12 12:45:38] [GET] /health from 127.0.0.1 no-cookie
[2026-09-12 12:45:38] 
[2026-09-12 12:45:38] [12:45:38] "GET /health HTTP/1.1" 404 -
[2026-09-12 12:45:38] 
[2026-09-12 12:45:38] [GET] /health from 127.0.0.1 no-cookie
[2026-09-12 12:45:38] 
[2026-09-12 12:45:38] [12:45:38] "GET /health HTTP/1.1" 404 -
[2026-09-12 12:45:38] 
[2026-09-12 12:45:38] [GET] /health from 127.0.0.1 no-cookie
[2026-09-12 12:45:38] 
[2026-09-12 12:45:38] [12:45:38] "GET /health HTTP/1.1" 404 -
[2026-09-12 12:45:38] 
[2026-09-12 12:45:38] [GET] /health from 127.0.0.1 no-cookie
[2026-09-12 12:45:38] 
[2026-09-12 12:45:38] [12:45:38] "GET /health HTTP/1.1" 404 -
[2026-09-12 12:45:38] 
[2026-09-12 12:45:38] [GET] /health from 127.0.0.1 no-cookie
[2026-09-12 12:45:38] 
[2026-09-12 12:45:38] [12:45:38] "GET /health HTTP/1.1" 404 -
[2026-09-12 12:45:38] 
[2026-09-12 12:45:38] [GET] /health from 127.0.0.1 no-cookie
[2026-09-12 12:45:38] 
[2026-09-12 12:45:38] [12:45:38] "GET /health HTTP/1.1" 404 -
[2026-09-12 12:45:38] 
[2026-09-12 12:45:38] [GET] /health from 127.0.0.1 no-cookie
[2026-09-12 12:45:38] 
[2026-09-12 12:45:38] [12:45:38] "GET /health HTTP/1.1" 404 -
[2026-09-12 12:45:38] 
[2026-09-12 12:45:38] [GET] /health from 127.0.0.1 no-cookie
[2026-09-12 12:45:38] 
[2026-09-12 12:45:38] [12:45:38] "GET /health HTTP/1.1" 404 -
[2026-09-12 12:45:38] 
[2026-09-12 12:45:38] [GET] /health from 127.0.0.1 no-cookie
[2026-09-12 12:45:38] 
[2026-09-12 12:45:38] [12:45:38] "GET /health HTTP/1.1" 404 -
[2026-09-12 12:45:38] 
[2026-09-12 12:45:38] [GET] /health from 127.0.0.1 no-cookie
[2026-09-12 12:45:38] 
[2026-09-12 12:45:38] [12:45:38] "GET /health HTTP/1.1" 404 -
[2026-09-12 12:45:38] 
[2026-09-12 12:45:38] [GET] /health from 127.0.0.1 no-cookie
[2026-09-12 12:45:38] 
[2026-09-12 12:45:38] [12:45:38] "GET /health HTTP/1.1" 404 -
[2026-09-12 12:45:38] 
[2026-09-12 12:45:38] [GET] /health from 127.0.0.1 no-cookie
[2026-09-12 12:45:38] 
[2026-09-12 12:45:38] [12:45:38] "GET /health HTTP/1.1" 404 -
[2026-09-12 12:45:38] 
[2026-09-12 12:45:38] [GET] /health from 127.0.0.1 no-cookie
[2026-09-12 12:45:38] 
[2026-09-12 12:45:38] [12:45:38] "GET /health HTTP/1.1" 404 -
[2026-09-12 12:45:38] 
[2026-09-12 12:45:38] [GET] /health from 127.0.0.1 no-cookie
[2026-09-12 12:45:38] 
[2026-09-12 12:45:38] [12:45:38] "GET /health HTTP/1.1" 404 -
[2026-09-12 12:45:38] 
[2026-09-12 12:45:38] [GET] /health from 127.0.0.1 no-cookie
[2026-09-12 12:45:38] 
[2026-09-12 12:45:38] [12:45:38] "GET /health HTTP/1.1" 404 -
[2026-09-12 12:45:38] 
[2026-09-12 12:45:38] [GET] /health from 127.0.0.1 no-cookie
[2026-09-12 12:45:38] 
[2026-09-12 12:45:38] [12:45:38] "GET /health HTTP/1.1" 404 -
[2026-09-12 12:45:38] 
[2026-09-12 12:45:38] [GET] /health from 127.0.0.1 no-cookie
[2026-09-12 12:45:38] 
[2026-09-12 12:45:38] [12:45:38] "GET /health HTTP/1.1" 404 -
[2026-09-12 12:45:38] 
[2026-09-12 12:45:38] [GET] /health from 127.0.0.1 no-cookie
[2026-09-12 12:45:38] 
[2026-09-12 12:45:38] [12:45:38] "GET /health HTTP/1.1" 404 -
[2026-09-12 12:45:38] 
[2026-09-12 12:45:38] [GET] /health from 127.0.0.1 no-cookie
[2026-09-12 12:45:38] 
[2026-09-12 12:45:38] [12:45:38] "GET /health HTTP/1.1" 404 -
[2026-09-12 12:45:38] 
[2026-09-12 12:45:38] [GET] /health from 127.0.0.1 no-cookie
[2026-09-12 12:45:38] 
[2026-09-12 12:45:38] [12:45:38] "GET /health HTTP/1.1" 404 -
[2026-09-12 12:45:38] 
[2026-09-12 12:45:38] [GET] /health from 127.0.0.1 no-cookie
[2026-09-12 12:45:38] 
[2026-09-12 12:45:38] [12:45:38] "GET /health HTTP/1.1" 404 -
[2026-09-12 12:45:38] 
[2026-09-12 12:45:38] [GET] /health from 127.0.0.1 no-cookie
[2026-09-12 12:45:38] 
[2026-09-12 12:45:38] [12:45:38] "GET /health HTTP/1.1" 404 -
[2026-09-12 12:45:38] 
[2026-09-12 12:45:38] [GET] /health from 127.0.0.1 no-cookie
[2026-09-12 12:45:38] 
[2026-09-12 12:45:38] [12:45:38] "GET /health HTTP/1.1" 404 -
[2026-09-12 12:45:38] 
[2026-09-12 12:45:38] [GET] /health from 127.0.0.1 no-cookie
[2026-09-12 12:45:38] 
[2026-09-12 12:45:38] [12:45:38] "GET /health HTTP/1.1" 404 -
[2026-09-12 12:45:38] 
[2026-09-12 12:45:38] [GET] /health from 127.0.0.1 no-cookie
[2026-09-12 12:45:38] 
[2026-09-12 12:45:38] [12:45:38] "GET /health HTTP/1.1" 404 -
[2026-09-12 12:45:38] 
[2026-09-12 12:45:38] [GET] /health from 127.0.0.1 no-cookie
[2026-09-12 12:45:38] 
[2026-09-12 12:45:38] [12:45:38] "GET /health HTTP/1.1" 404 -
[2026-09-12 12:45:38] 
[2026-09-12 12:45:38] [GET] /health from 127.0.0.1 no-cookie
[2026-09-12 12:45:38] 
[2026-09-12 12:45:38] [12:45:38] "GET /health HTTP/1.1" 404 -
[2026-09-12 12:45:38] 
[2026-09-12 12:45:38] [GET] /health from 127.0.0.1 no-cookie
[2026-09-12 12:45:38] 
[2026-09-12 12:45:38] [12:45:38] "GET /health HTTP/1.1" 404 -
[2026-09-12 12:45:38] 
[2026-09-12 12:45:38] [GET] /health from 127.0.0.1 no-cookie
[2026-09-12 12:45:38] 
[2026-09-12 12:45:38] [12:45:38] "GET /health HTTP/1.1" 404 -
[2026-09-12 12:45:38] 
[2026-09-12 12:45:38] [GET] /health from 127.0.0.1 no-cookie
[2026-09-12 12:45:38] 
[2026-09-12 12:45:38] [12:45:38] "GET /health HTTP/1.1" 404 -
[2026-09-12 12:45:38] 
[2026-09-12 12:45:38] [GET] /health from 127.0.0.1 no-cookie
[2026-09-12 12:45:38] 
[2026-09-12 12:45:38] [12:45:38] "GET /health HTTP/1.1" 404 -
[2026-09-12 12:45:38] 
[2026-09-12 12:45:38] [GET] /health from 127.0.0.1 no-cookie
[2026-09-12 12:45:38] 
[2026-09-12 12:45:38] [12:45:38] "GET /health HTTP/1.1" 404 -
[2026-09-12 12:45:38] 
[2026-09-12 12:45:38] [GET] /health from 127.0.0.1 no-cookie
[2026-09-12 12:45:38] 
[2026-09-12 12:45:38] [12:45:38] "GET /health HTTP/1.1" 404 -
[2026-09-12 12:45:38] 
[2026-09-12 12:45:38] [GET] /health from 127.0.0.1 no-cookie
[2026-09-12 12:45:38] 
[2026-09-12 12:45:38] [12:45:38] "GET /health HTTP/1.1" 404 -
[2026-09-12 12:45:38] 
[2026-09-12 12:45:38] [GET] /health from 127.0.0.1 no-cookie
[2026-09-12 12:45:38] 
[2026-09-12 12:45:38] [12:45:38] "GET /health HTTP/1.1" 404 -
[2026-09-12 12:45:38] 
[2026-09-12 12:45:38] [GET] /health from 127.0.0.1 no-cookie
[2026-09-12 12:45:38] 
[2026-09-12 12:45:38] [12:45:38] "GET /health HTTP/1.1" 404 -
[2026-09-12 12:45:38] 
[2026-09-12 12:45:38] [GET] /health from 127.0.0.1 no-cookie
[2026-09-12 12:45:38] 
[2026-09-12 12:45:38] [12:45:38] "GET /health HTTP/1.1" 404 -
[2026-09-12 12:45:38] 
[2026-09-12 12:45:38] [GET] /health from 127.0.0.1 no-cookie
[2026-09-12 12:45:38] 
[2026-09-12 12:45:38] [12:45:38] "GET /health HTTP/1.1" 404 -
[2026-09-12 12:45:38] 
[2026-09-12 12:45:38] [GET] /health from 127.0.0.1 no-cookie
[2026-09-12 12:45:38] 
[2026-09-12 12:45:38] [12:45:38] "GET /health HTTP/1.1" 404 -
[2026-09-12 12:45:38] 
[2026-09-12 12:45:38] [12:45:38] "GET /health HTTP/1.1" 429 -
[2026-09-12 12:45:38] 
[2026-09-12 12:45:38] [429] rate-limit GET ip=127.0.0.1 count=120
[2026-09-12 12:45:38] 
[2026-09-12 12:45:38] [12:45:38] "GET /static/../../../etc/passwd HTTP/1.1" 429 -
[2026-09-12 12:45:38] 
[2026-09-12 12:45:38] [429] rate-limit GET ip=127.0.0.1 count=120
[2026-09-12 12:45:38] 
[2026-09-12 12:45:38] [12:45:38] "GET /this-path-does-not-exist-xyz HTTP/1.1" 429 -
[2026-09-12 12:45:38] 
[2026-09-12 12:45:38] [429] rate-limit GET ip=127.0.0.1 count=120
[2026-09-12 12:45:38] 
[2026-09-12 12:45:39] [12:45:39] "GET /api/stats HTTP/1.1" 429 -
[2026-09-12 12:45:39] 
[2026-09-12 12:45:39] [429] rate-limit GET ip=127.0.0.1 count=120
[2026-09-12 12:45:39] 
[2026-09-12 12:46:00] [GET] /api/health from 1.2.3.4 no-cookie
[2026-09-12 12:46:00] 
[2026-09-12 12:46:00] [12:46:00] "GET /api/health HTTP/1.1" 200 -
[2026-09-12 12:46:00] 
[2026-09-12 12:46:09] [12:46:09] "GET /api/stats HTTP/1.1" 429 -
[2026-09-12 12:46:09] 
[2026-09-12 12:46:09] [429] rate-limit GET ip=127.0.0.1 count=120
[2026-09-12 12:46:09] 
[2026-09-12 12:46:39] [GET] /api/stats from 127.0.0.1 cookie=***
[2026-09-12 12:46:39] 
[2026-09-12 12:46:39] [12:46:39] "GET /api/stats HTTP/1.1" 200 -
[2026-09-12 12:46:39] 
[2026-09-12 12:47:09] [GET] /api/stats from 127.0.0.1 cookie=***
[2026-09-12 12:47:09] 
[2026-09-12 12:47:09] [12:47:09] "GET /api/stats HTTP/1.1" 200 -
[2026-09-12 12:47:09] 
[2026-09-12 12:47:39] [GET] /api/stats from 127.0.0.1 cookie=***
[2026-09-12 12:47:39] 
[2026-09-12 12:47:39] [12:47:39] "GET /api/stats HTTP/1.1" 200 -
[2026-09-12 12:47:39] 
[2026-09-12 12:48:09] [GET] /api/stats from 127.0.0.1 cookie=***
[2026-09-12 12:48:09] 
[2026-09-12 12:48:09] [12:48:09] "GET /api/stats HTTP/1.1" 200 -
[2026-09-12 12:48:09] 
[2026-09-12 12:48:39] [GET] /api/stats from 127.0.0.1 cookie=***
[2026-09-12 12:48:39] 
[2026-09-12 12:48:39] [12:48:39] "GET /api/stats HTTP/1.1" 200 -
[2026-09-12 12:48:39] 
[2026-09-12 12:49:09] [GET] /api/stats from 127.0.0.1 cookie=***
[2026-09-12 12:49:09] 
[2026-09-12 12:49:09] [12:49:09] "GET /api/stats HTTP/1.1" 200 -
[2026-09-12 12:49:09] 
[2026-09-12 12:49:39] [GET] /api/stats from 127.0.0.1 cookie=***
[2026-09-12 12:49:39] 
[2026-09-12 12:49:39] [12:49:39] "GET /api/stats HTTP/1.1" 200 -
[2026-09-12 12:49:39] 
[2026-09-12 12:50:09] [GET] /api/stats from 127.0.0.1 cookie=***
[2026-09-12 12:50:09] 
[2026-09-12 12:50:09] [12:50:09] "GET /api/stats HTTP/1.1" 200 -
[2026-09-12 12:50:09] 
[2026-09-12 12:50:39] [GET] /api/stats from 127.0.0.1 cookie=***
[2026-09-12 12:50:39] 
[2026-09-12 12:50:39] [12:50:39] "GET /api/stats HTTP/1.1" 200 -
[2026-09-12 12:50:39] 
[2026-09-12 12:51:09] [GET] /api/stats from 127.0.0.1 cookie=***
[2026-09-12 12:51:09] 
[2026-09-12 12:51:09] [12:51:09] "GET /api/stats HTTP/1.1" 200 -
[2026-09-12 12:51:09] 
[2026-09-12 12:51:39] [GET] /api/stats from 127.0.0.1 cookie=***
[2026-09-12 12:51:39] 
[2026-09-12 12:51:39] [12:51:39] "GET /api/stats HTTP/1.1" 200 -
[2026-09-12 12:51:39] 
[2026-09-12 12:52:09] [GET] /api/stats from 127.0.0.1 cookie=***
[2026-09-12 12:52:09] 
[2026-09-12 12:52:09] [12:52:09] "GET /api/stats HTTP/1.1" 200 -
[2026-09-12 12:52:09] 
[2026-09-12 12:52:39] [GET] /api/stats from 127.0.0.1 cookie=***
[2026-09-12 12:52:39] 
[2026-09-12 12:52:39] [12:52:39] "GET /api/stats HTTP/1.1" 200 -
[2026-09-12 12:52:39] 
[2026-09-12 12:53:09] [GET] /api/stats from 127.0.0.1 cookie=***
[2026-09-12 12:53:09] 
[2026-09-12 12:53:09] [12:53:09] "GET /api/stats HTTP/1.1" 200 -
[2026-09-12 12:53:09] 
[2026-09-12 12:53:39] [GET] /api/stats from 127.0.0.1 cookie=***
[2026-09-12 12:53:39] 
[2026-09-12 12:53:39] [12:53:39] "GET /api/stats HTTP/1.1" 200 -
[2026-09-12 12:53:39] 
[2026-09-12 12:54:09] [GET] /api/stats from 127.0.0.1 cookie=***
[2026-09-12 12:54:09] 
[2026-09-12 12:54:09] [12:54:09] "GET /api/stats HTTP/1.1" 200 -
[2026-09-12 12:54:09] 
[2026-09-12 12:54:39] [GET] /api/stats from 127.0.0.1 cookie=***
[2026-09-12 12:54:39] 
[2026-09-12 12:54:39] [12:54:39] "GET /api/stats HTTP/1.1" 200 -
[2026-09-12 12:54:39] 
[2026-09-12 12:55:09] [GET] /api/stats from 127.0.0.1 cookie=***
[2026-09-12 12:55:09] 
[2026-09-12 12:55:09] [12:55:09] "GET /api/stats HTTP/1.1" 200 -
[2026-09-12 12:55:09] 
[2026-09-12 12:55:39] [GET] /api/stats from 127.0.0.1 cookie=***
[2026-09-12 12:55:39] 
[2026-09-12 12:55:39] [12:55:39] "GET /api/stats HTTP/1.1" 200 -
[2026-09-12 12:55:39] 
[2026-09-12 12:56:09] [GET] /api/stats from 127.0.0.1 cookie=***
[2026-09-12 12:56:09] 
[2026-09-12 12:56:09] [12:56:09] "GET /api/stats HTTP/1.1" 200 -
[2026-09-12 12:56:09] 
[2026-09-12 12:56:39] [GET] /api/stats from 127.0.0.1 cookie=***
[2026-09-12 12:56:39] 
[2026-09-12 12:56:39] [12:56:39] "GET /api/stats HTTP/1.1" 200 -
[2026-09-12 12:56:39] 
[2026-09-12 12:57:09] [GET] /api/stats from 127.0.0.1 cookie=***
[2026-09-12 12:57:09] 
[2026-09-12 12:57:09] [12:57:09] "GET /api/stats HTTP/1.1" 200 -
[2026-09-12 12:57:09] 
[2026-09-12 12:57:39] [GET] /api/stats from 127.0.0.1 cookie=***
[2026-09-12 12:57:39] 
[2026-09-12 12:57:39] [12:57:39] "GET /api/stats HTTP/1.1" 200 -
[2026-09-12 12:57:39] 
[2026-09-12 12:58:09] [GET] /api/stats from 127.0.0.1 cookie=***
[2026-09-12 12:58:09] 
[2026-09-12 12:58:09] [12:58:09] "GET /api/stats HTTP/1.1" 200 -
[2026-09-12 12:58:09] 
[2026-09-12 13:05:24] [GET] /api/stats from 127.0.0.1 cookie=***
[2026-09-12 13:05:24] 
[2026-09-12 13:05:25] [13:05:25] "GET /api/stats HTTP/1.1" 200 -
[2026-09-12 13:05:25] 
[2026-09-12 13:05:54] [GET] /api/stats from 127.0.0.1 cookie=***
[2026-09-12 13:05:54] 
[2026-09-12 13:05:55] [13:05:55] "GET /api/stats HTTP/1.1" 200 -
[2026-09-12 13:05:55] 
[2026-09-12 13:06:24] [GET] /api/stats from 127.0.0.1 cookie=***
[2026-09-12 13:06:24] 
[2026-09-12 13:06:25] [13:06:25] "GET /api/stats HTTP/1.1" 200 -
[2026-09-12 13:06:25] 
[2026-09-12 13:06:54] [GET] /api/stats from 127.0.0.1 cookie=***
[2026-09-12 13:06:54] 
[2026-09-12 13:06:55] [13:06:55] "GET /api/stats HTTP/1.1" 200 -
[2026-09-12 13:06:55] 
[2026-09-12 13:07:24] [GET] /api/stats from 127.0.0.1 cookie=***
[2026-09-12 13:07:24] 
[2026-09-12 13:07:25] [13:07:25] "GET /api/stats HTTP/1.1" 200 -
[2026-09-12 13:07:25] 
[2026-09-12 13:07:54] [GET] /api/stats from 127.0.0.1 cookie=***
[2026-09-12 13:07:54] 
[2026-09-12 13:07:55] [13:07:55] "GET /api/stats HTTP/1.1" 200 -
[2026-09-12 13:07:55] 
[2026-09-12 13:08:24] [GET] /api/stats from 127.0.0.1 cookie=***
[2026-09-12 13:08:24] 
[2026-09-12 13:08:25] [13:08:25] "GET /api/stats HTTP/1.1" 200 -
[2026-09-12 13:08:25] 
[2026-09-12 13:08:54] [GET] /api/stats from 127.0.0.1 cookie=***
[2026-09-12 13:08:54] 
[2026-09-12 13:08:55] [13:08:55] "GET /api/stats HTTP/1.1" 200 -
[2026-09-12 13:08:55] 
[2026-09-12 13:09:24] [GET] /api/stats from 127.0.0.1 cookie=***
[2026-09-12 13:09:24] 
[2026-09-12 13:09:25] [13:09:25] "GET /api/stats HTTP/1.1" 200 -
[2026-09-12 13:09:25] 
[2026-09-12 13:09:54] [GET] /api/stats from 127.0.0.1 cookie=***
[2026-09-12 13:09:54] 
[2026-09-12 13:09:55] [13:09:55] "GET /api/stats HTTP/1.1" 200 -
[2026-09-12 13:09:55] 
[2026-09-12 13:10:25] [GET] /api/stats from 127.0.0.1 cookie=***
[2026-09-12 13:10:25] 
[2026-09-12 13:10:25] [13:10:25] "GET /api/stats HTTP/1.1" 200 -
[2026-09-12 13:10:25] 
[2026-09-12 13:10:55] [GET] /api/stats from 127.0.0.1 cookie=***
[2026-09-12 13:10:55] 
[2026-09-12 13:10:55] [13:10:55] "GET /api/stats HTTP/1.1" 200 -
[2026-09-12 13:10:55] 
[2026-09-12 13:11:56] [GET] /api/stats from 127.0.0.1 cookie=***
[2026-09-12 13:11:56] 
[2026-09-12 13:11:56] [13:11:56] "GET /api/stats HTTP/1.1" 200 -
[2026-09-12 13:11:56] 
[2026-09-12 13:12:57] [GET] /api/stats from 127.0.0.1 cookie=***
[2026-09-12 13:12:57] 
[2026-09-12 13:12:57] [13:12:57] "GET /api/stats HTTP/1.1" 200 -
[2026-09-12 13:12:57] 
[2026-09-12 13:13:58] [GET] /api/stats from 127.0.0.1 cookie=***
[2026-09-12 13:13:58] 
[2026-09-12 13:13:58] [13:13:58] "GET /api/stats HTTP/1.1" 200 -
[2026-09-12 13:13:58] 
[2026-09-12 13:14:49] [GET] /api/stats from 127.0.0.1 cookie=***
[2026-09-12 13:14:49] 
[2026-09-12 13:14:49] [13:14:49] "GET /api/stats HTTP/1.1" 200 -
[2026-09-12 13:14:49] 
[2026-09-12 13:14:54] [GET] /api/stats from 127.0.0.1 cookie=***
[2026-09-12 13:14:54] 
[2026-09-12 13:14:55] [13:14:55] "GET /api/stats HTTP/1.1" 200 -
[2026-09-12 13:14:55] 
[2026-09-12 13:15:24] [GET] /api/stats from 127.0.0.1 cookie=***
[2026-09-12 13:15:24] 
[2026-09-12 13:15:25] [13:15:25] "GET /api/stats HTTP/1.1" 200 -
[2026-09-12 13:15:25] 
[2026-09-12 13:15:54] [GET] /api/stats from 127.0.0.1 cookie=***
[2026-09-12 13:15:54] 
[2026-09-12 13:15:55] [13:15:55] "GET /api/stats HTTP/1.1" 200 -
[2026-09-12 13:15:55] 
[2026-09-12 13:16:24] [GET] /api/stats from 127.0.0.1 cookie=***
[2026-09-12 13:16:24] 
[2026-09-12 13:16:25] [13:16:25] "GET /api/stats HTTP/1.1" 200 -
[2026-09-12 13:16:25] 
[2026-09-12 13:16:54] [GET] /api/stats from 127.0.0.1 cookie=***
[2026-09-12 13:16:54] 
[2026-09-12 13:16:55] [13:16:55] "GET /api/stats HTTP/1.1" 200 -
[2026-09-12 13:16:55] 
[2026-09-12 13:17:24] [GET] /api/stats from 127.0.0.1 cookie=***
[2026-09-12 13:17:24] 
[2026-09-12 13:17:28] [13:17:28] "GET /api/stats HTTP/1.1" 200 -
[2026-09-12 13:17:28] 
[2026-09-12 13:17:54] [GET] /api/stats from 127.0.0.1 cookie=***
[2026-09-12 13:17:54] 
[2026-09-12 13:17:55] [13:17:55] "GET /api/stats HTTP/1.1" 200 -
[2026-09-12 13:17:55] 
[2026-09-12 13:18:24] [GET] /api/stats from 127.0.0.1 cookie=***
[2026-09-12 13:18:24] 
[2026-09-12 13:18:25] [13:18:25] "GET /api/stats HTTP/1.1" 200 -
[2026-09-12 13:18:25] 
[2026-09-12 13:18:54] [GET] /api/stats from 127.0.0.1 cookie=***
[2026-09-12 13:18:54] 
[2026-09-12 13:18:55] [13:18:55] "GET /api/stats HTTP/1.1" 200 -
[2026-09-12 13:18:55] 
[2026-09-12 13:19:24] [GET] /api/stats from 127.0.0.1 cookie=***
[2026-09-12 13:19:24] 
[2026-09-12 13:19:25] [13:19:25] "GET /api/stats HTTP/1.1" 200 -
[2026-09-12 13:19:25] 
[2026-09-12 13:19:54] [GET] /api/stats from 127.0.0.1 cookie=***
[2026-09-12 13:19:54] 
[2026-09-12 13:19:55] [13:19:55] "GET /api/stats HTTP/1.1" 200 -
[2026-09-12 13:19:55] 
[2026-09-12 13:20:24] [GET] /api/stats from 127.0.0.1 cookie=***
[2026-09-12 13:20:24] 
[2026-09-12 13:20:25] [13:20:25] "GET /api/stats HTTP/1.1" 200 -
[2026-09-12 13:20:25] 
[2026-09-12 13:20:54] [GET] /api/stats from 127.0.0.1 cookie=***
[2026-09-12 13:20:54] 
[2026-09-12 13:20:55] [13:20:55] "GET /api/stats HTTP/1.1" 200 -
[2026-09-12 13:20:55] 
[2026-09-12 13:21:24] [GET] /api/stats from 127.0.0.1 cookie=***
[2026-09-12 13:21:24] 
[2026-09-12 13:21:25] [13:21:25] "GET /api/stats HTTP/1.1" 200 -
[2026-09-12 13:21:25] 
[2026-09-12 13:21:54] [GET] /api/stats from 127.0.0.1 cookie=***
[2026-09-12 13:21:54] 
[2026-09-12 13:21:55] [13:21:55] "GET /api/stats HTTP/1.1" 200 -
[2026-09-12 13:21:55] 
[2026-09-12 13:22:24] [GET] /api/stats from 127.0.0.1 cookie=***
[2026-09-12 13:22:24] 
[2026-09-12 13:22:25] [13:22:25] "GET /api/stats HTTP/1.1" 200 -
[2026-09-12 13:22:25] 
[2026-09-12 13:22:54] [GET] /api/stats from 127.0.0.1 cookie=***
[2026-09-12 13:22:54] 
[2026-09-12 13:22:55] [13:22:55] "GET /api/stats HTTP/1.1" 200 -
[2026-09-12 13:22:55] 
[2026-09-12 13:23:24] [GET] /api/stats from 127.0.0.1 cookie=***
[2026-09-12 13:23:24] 
[2026-09-12 13:23:25] [13:23:25] "GET /api/stats HTTP/1.1" 200 -
[2026-09-12 13:23:25] 
[2026-09-12 13:23:54] [GET] /api/stats from 127.0.0.1 cookie=***
[2026-09-12 13:23:54] 
[2026-09-12 13:23:55] [13:23:55] "GET /api/stats HTTP/1.1" 200 -
[2026-09-12 13:23:55] 
[2026-09-12 13:24:24] [GET] /api/stats from 127.0.0.1 cookie=***
[2026-09-12 13:24:24] 
[2026-09-12 13:24:25] [13:24:25] "GET /api/stats HTTP/1.1" 200 -
[2026-09-12 13:24:25] 
[2026-09-12 13:24:54] [GET] /api/stats from 127.0.0.1 cookie=***
[2026-09-12 13:24:54] 
[2026-09-12 13:24:55] [13:24:55] "GET /api/stats HTTP/1.1" 200 -
[2026-09-12 13:24:55] 
[2026-09-12 13:25:24] [GET] /api/stats from 127.0.0.1 cookie=***
[2026-09-12 13:25:24] 
[2026-09-12 13:25:25] [13:25:25] "GET /api/stats HTTP/1.1" 200 -
[2026-09-12 13:25:25] 
[2026-09-12 13:25:55] [GET] /api/stats from 127.0.0.1 cookie=***
[2026-09-12 13:25:55] 
[2026-09-12 13:25:55] [13:25:55] "GET /api/stats HTTP/1.1" 200 -
[2026-09-12 13:25:55] 
[2026-09-12 13:26:25] [GET] /api/stats from 127.0.0.1 cookie=***
[2026-09-12 13:26:25] 
[2026-09-12 13:26:25] [13:26:25] "GET /api/stats HTTP/1.1" 200 -
[2026-09-12 13:26:25] 
[2026-09-12 13:26:59] [GET] /api/stats from 127.0.0.1 cookie=***
[2026-09-12 13:26:59] 
[2026-09-12 13:26:59] [13:26:59] "GET /api/stats HTTP/1.1" 200 -
[2026-09-12 13:26:59] 
[2026-09-12 13:27:59] [GET] /api/stats from 127.0.0.1 cookie=***
[2026-09-12 13:27:59] 
[2026-09-12 13:27:59] [13:27:59] "GET /api/stats HTTP/1.1" 200 -
[2026-09-12 13:27:59] 
[2026-09-12 13:28:59] [GET] /api/stats from 127.0.0.1 cookie=***
[2026-09-12 13:28:59] 
[2026-09-12 13:28:59] [13:28:59] "GET /api/stats HTTP/1.1" 200 -
[2026-09-12 13:28:59] 
[2026-09-12 13:29:59] [GET] /api/stats from 127.0.0.1 cookie=***
[2026-09-12 13:29:59] 
[2026-09-12 13:29:59] [13:29:59] "GET /api/stats HTTP/1.1" 200 -
[2026-09-12 13:29:59] 
[2026-09-12 13:30:59] [GET] /api/stats from 127.0.0.1 cookie=***
[2026-09-12 13:30:59] 
[2026-09-12 13:30:59] [13:30:59] "GET /api/stats HTTP/1.1" 200 -
[2026-09-12 13:30:59] 
[2026-09-12 13:31:59] [GET] /api/stats from 127.0.0.1 cookie=***
[2026-09-12 13:31:59] 
[2026-09-12 13:31:59] [13:31:59] "GET /api/stats HTTP/1.1" 200 -
[2026-09-12 13:31:59] 
[2026-09-12 13:32:59] [GET] /api/stats from 127.0.0.1 cookie=***
[2026-09-12 13:32:59] 
[2026-09-12 13:32:59] [13:32:59] "GET /api/stats HTTP/1.1" 200 -
[2026-09-12 13:32:59] 
[2026-09-12 13:33:59] [GET] /api/stats from 127.0.0.1 cookie=***
[2026-09-12 13:33:59] 
[2026-09-12 13:33:59] [13:33:59] "GET /api/stats HTTP/1.1" 200 -
[2026-09-12 13:33:59] 
[2026-09-12 13:34:59] [GET] /api/stats from 127.0.0.1 cookie=***
[2026-09-12 13:34:59] 
[2026-09-12 13:34:59] [13:34:59] "GET /api/stats HTTP/1.1" 200 -
[2026-09-12 13:34:59] 
[2026-09-12 13:35:59] [GET] /api/stats from 127.0.0.1 cookie=***
[2026-09-12 13:35:59] 
[2026-09-12 13:35:59] [13:35:59] "GET /api/stats HTTP/1.1" 200 -
[2026-09-12 13:35:59] 
[2026-09-12 13:45:54] [GET] /api/stats from 127.0.0.1 cookie=***
[2026-09-12 13:45:54] 
[2026-09-12 13:45:54] [13:45:54] "GET /api/stats HTTP/1.1" 200 -
[2026-09-12 13:45:54] 
[2026-09-12 13:46:03] [GET] /api/stats from 127.0.0.1 cookie=***
[2026-09-12 13:46:03] 
[2026-09-12 13:46:03] [13:46:03] "GET /api/stats HTTP/1.1" 200 -
[2026-09-12 13:46:03] 
[2026-09-12 13:46:33] [GET] /api/stats from 127.0.0.1 cookie=***
[2026-09-12 13:46:33] 
[2026-09-12 13:46:33] [13:46:33] "GET /api/stats HTTP/1.1" 200 -
[2026-09-12 13:46:33] 
[2026-09-12 13:47:06] [GET] /api/stats from 127.0.0.1 cookie=***
[2026-09-12 13:47:06] 
[2026-09-12 13:47:07] [13:47:07] "GET /api/stats HTTP/1.1" 200 -
[2026-09-12 13:47:07] 
[2026-09-12 13:48:17] [GET] /api/stats from 127.0.0.1 cookie=***
[2026-09-12 13:48:17] 
[2026-09-12 13:48:17] [13:48:17] "GET /api/stats HTTP/1.1" 200 -
[2026-09-12 13:48:17] 
[2026-09-12 13:49:07] [GET] /api/stats from 127.0.0.1 cookie=***
[2026-09-12 13:49:07] 
[2026-09-12 13:49:07] [13:49:07] "GET /api/stats HTTP/1.1" 200 -
[2026-09-12 13:49:07] 
[2026-09-12 13:50:07] [GET] /api/stats from 127.0.0.1 cookie=***
[2026-09-12 13:50:07] 
[2026-09-12 13:50:07] [13:50:07] "GET /api/stats HTTP/1.1" 200 -
[2026-09-12 13:50:07] 
[2026-09-12 13:51:07] [GET] /api/stats from 127.0.0.1 cookie=***
[2026-09-12 13:51:07] 
[2026-09-12 13:51:07] [13:51:07] "GET /api/stats HTTP/1.1" 200 -
[2026-09-12 13:51:07] 
[2026-09-12 13:52:17] [GET] /api/stats from 127.0.0.1 cookie=***
[2026-09-12 13:52:17] 
[2026-09-12 13:52:17] [13:52:17] "GET /api/stats HTTP/1.1" 200 -
[2026-09-12 13:52:17] 
[2026-09-12 13:53:07] [GET] /api/stats from 127.0.0.1 cookie=***
[2026-09-12 13:53:07] 
[2026-09-12 13:53:07] [13:53:07] "GET /api/stats HTTP/1.1" 200 -
[2026-09-12 13:53:07] 
[2026-09-12 13:54:16] [GET] /api/stats from 127.0.0.1 cookie=***
[2026-09-12 13:54:16] 
[2026-09-12 13:54:16] [13:54:16] "GET /api/stats HTTP/1.1" 200 -
[2026-09-12 13:54:16] 
[2026-09-12 13:55:07] [GET] /api/stats from 127.0.0.1 cookie=***
[2026-09-12 13:55:07] 
[2026-09-12 13:55:07] [13:55:07] "GET /api/stats HTTP/1.1" 200 -
[2026-09-12 13:55:07] 
[2026-09-12 13:56:07] [GET] /api/stats from 127.0.0.1 cookie=***
[2026-09-12 13:56:07] 
[2026-09-12 13:56:07] [13:56:07] "GET /api/stats HTTP/1.1" 200 -
[2026-09-12 13:56:07] 
[2026-09-12 13:57:16] [GET] /api/stats from 127.0.0.1 cookie=***
[2026-09-12 13:57:16] 
[2026-09-12 13:57:17] [13:57:17] "GET /api/stats HTTP/1.1" 200 -
[2026-09-12 13:57:17] 
[2026-09-12 13:58:26] [GET] /api/stats from 127.0.0.1 cookie=***
[2026-09-12 13:58:26] 
[2026-09-12 13:58:26] [13:58:26] "GET /api/stats HTTP/1.1" 200 -
[2026-09-12 13:58:26] 
[2026-09-12 13:59:16] [GET] /api/stats from 127.0.0.1 cookie=***
[2026-09-12 13:59:16] 
[2026-09-12 13:59:16] [13:59:16] "GET /api/stats HTTP/1.1" 200 -
[2026-09-12 13:59:16] 
[2026-09-12 14:00:07] [GET] /api/stats from 127.0.0.1 cookie=***
[2026-09-12 14:00:07] 
[2026-09-12 14:00:07] [14:00:07] "GET /api/stats HTTP/1.1" 200 -
[2026-09-12 14:00:07] 
[2026-09-12 14:01:14] [GET] /api/stats from 127.0.0.1 cookie=***
[2026-09-12 14:01:14] 
[2026-09-12 14:01:15] [14:01:15] "GET /api/stats HTTP/1.1" 200 -
[2026-09-12 14:01:15] 
[2026-09-12 14:01:59] [boot] 日志重定向已启用 -> /Users/mac/Library/Application Support/TRAE SOLO CN/ModularData/ai-agent/work-mode-projects/6aa2769ead555511aa7a9041/fb_project/FB广告账户管理系统 v3.911/data/server.log
[2026-09-12 14:01:59] 
[2026-09-12 14:01:59] [preload] ✅ 预加载 2 个静态文件 (1371KB → 442KB gzip, 节省 68%)
[2026-09-12 14:01:59] 
[2026-09-12 14:01:59] =======================================================
[2026-09-12 14:01:59] 
[2026-09-12 14:01:59]   FB 广告账户管理系统 v4 · 单机完整版
[2026-09-12 14:01:59] 
[2026-09-12 14:01:59]   地址: http://localhost:8765
[2026-09-12 14:01:59] 
[2026-09-12 14:01:59]   数据目录: /Users/mac/Library/Application Support/TRAE SOLO CN/ModularData/ai-agent/work-mode-projects/6aa2769ead555511aa7a9041/fb_project/FB广告账户管理系统 v3.911/data
[2026-09-12 14:01:59] 
[2026-09-12 14:01:59]   默认账号: admin / admin123456
[2026-09-12 14:01:59] 
[2026-09-12 14:01:59]   按 Ctrl+C 停止
[2026-09-12 14:01:59] 
[2026-09-12 14:01:59] =======================================================
[2026-09-12 14:01:59] 
[2026-09-12 14:02:02] Traceback (most recent call last):
[2026-09-12 14:02:02]   File "/Users/mac/Library/Application Support/TRAE SOLO CN/ModularData/ai-agent/work-mode-projects/6aa2769ead555511aa7a9041/fb_project/FB广告账户管理系统 v3.911/server.py", line 5545, in <module>
[2026-09-12 14:02:02]     
[2026-09-12 14:02:02] main()
[2026-09-12 14:02:02] 
[2026-09-12 14:02:02]   File "/Users/mac/Library/Application Support/TRAE SOLO CN/ModularData/ai-agent/work-mode-projects/6aa2769ead555511aa7a9041/fb_project/FB广告账户管理系统 v3.911/server.py", line 5538, in main
[2026-09-12 14:02:02]     
[2026-09-12 14:02:02] server.serve_forever()
[2026-09-12 14:02:02] 
[2026-09-12 14:02:02]   File "/Library/Developer/CommandLineTools/Library/Frameworks/Python3.framework/Versions/3.9/lib/python3.9/socketserver.py", line 237, in serve_forever
[2026-09-12 14:02:02]     
[2026-09-12 14:02:02] self._handle_request_noblock()
[2026-09-12 14:02:02] 
[2026-09-12 14:02:02]   File "/Library/Developer/CommandLineTools/Library/Frameworks/Python3.framework/Versions/3.9/lib/python3.9/socketserver.py", line 311, in _handle_request_noblock
[2026-09-12 14:02:02]     
[2026-09-12 14:02:02] request, client_address = self.get_request()
[2026-09-12 14:02:02] 
[2026-09-12 14:02:02]   File "/Users/mac/Library/Application Support/TRAE SOLO CN/ModularData/ai-agent/work-mode-projects/6aa2769ead555511aa7a9041/fb_project/FB广告账户管理系统 v3.911/server.py", line 2203, in get_request
[2026-09-12 14:02:02]     
[2026-09-12 14:02:02] req.close = _wrapped_close
[2026-09-12 14:02:02] 
[2026-09-12 14:02:02] AttributeError
[2026-09-12 14:02:02] : 
[2026-09-12 14:02:02] 'socket' object attribute 'close' is read-only
[2026-09-12 14:02:02] 
[2026-09-12 14:03:20] [boot] 日志重定向已启用 -> /Users/mac/Library/Application Support/TRAE SOLO CN/ModularData/ai-agent/work-mode-projects/6aa2769ead555511aa7a9041/fb_project/FB广告账户管理系统 v3.911/data/server.log
[2026-09-12 14:03:20] 
[2026-09-12 14:03:20] [preload] ✅ 预加载 2 个静态文件 (1371KB → 442KB gzip, 节省 68%)
[2026-09-12 14:03:20] 
[2026-09-12 14:03:20] =======================================================
[2026-09-12 14:03:20] 
[2026-09-12 14:03:20]   FB 广告账户管理系统 v4 · 单机完整版
[2026-09-12 14:03:20] 
[2026-09-12 14:03:20]   地址: http://localhost:8765
[2026-09-12 14:03:20] 
[2026-09-12 14:03:20]   数据目录: /Users/mac/Library/Application Support/TRAE SOLO CN/ModularData/ai-agent/work-mode-projects/6aa2769ead555511aa7a9041/fb_project/FB广告账户管理系统 v3.911/data
[2026-09-12 14:03:20] 
[2026-09-12 14:03:20]   默认账号: admin / admin123456
[2026-09-12 14:03:20] 
[2026-09-12 14:03:20]   按 Ctrl+C 停止
[2026-09-12 14:03:20] 
[2026-09-12 14:03:20] =======================================================
[2026-09-12 14:03:20] 
[2026-09-12 14:03:21] [GET] /api/stats from 127.0.0.1 cookie=***
[2026-09-12 14:03:21] 
[2026-09-12 14:03:21] [14:03:21] "GET /api/stats HTTP/1.1" 200 -
[2026-09-12 14:03:21] 
[2026-09-12 14:03:23] [GET] /api/health from 127.0.0.1 no-cookie
[2026-09-12 14:03:23] 
[2026-09-12 14:03:23] [14:03:23] "GET /api/health HTTP/1.1" 200 -
[2026-09-12 14:03:23] 
[2026-09-12 14:03:23] [POST] /api/login from 127.0.0.1 no-cookie
[2026-09-12 14:03:23] 
[2026-09-12 14:03:23] [14:03:23] "POST /api/login HTTP/1.1" 404 -
[2026-09-12 14:03:23] 
[2026-09-12 14:03:23] [POST] /api/login from 127.0.0.1 no-cookie
[2026-09-12 14:03:23] 
[2026-09-12 14:03:23] [14:03:23] "POST /api/login HTTP/1.1" 404 -
[2026-09-12 14:03:23] 
[2026-09-12 14:03:50] [POST] /api/auth/login from 127.0.0.1 no-cookie
[2026-09-12 14:03:50] 
[2026-09-12 14:03:57] [boot] 日志重定向已启用 -> /Users/mac/Library/Application Support/TRAE SOLO CN/ModularData/ai-agent/work-mode-projects/6aa2769ead555511aa7a9041/fb_project/FB广告账户管理系统 v3.911/data/server.log
[2026-09-12 14:03:57] 
[2026-09-12 14:03:57] [preload] ✅ 预加载 2 个静态文件 (1371KB → 442KB gzip, 节省 68%)
[2026-09-12 14:03:57] 
[2026-09-12 14:03:57] =======================================================
[2026-09-12 14:03:57] 
[2026-09-12 14:03:57]   FB 广告账户管理系统 v4 · 单机完整版
[2026-09-12 14:03:57] 
[2026-09-12 14:03:57]   地址: http://localhost:8765
[2026-09-12 14:03:57] 
[2026-09-12 14:03:57]   数据目录: /Users/mac/Library/Application Support/TRAE SOLO CN/ModularData/ai-agent/work-mode-projects/6aa2769ead555511aa7a9041/fb_project/FB广告账户管理系统 v3.911/data
[2026-09-12 14:03:57] 
[2026-09-12 14:03:57]   默认账号: admin / admin123456
[2026-09-12 14:03:57] 
[2026-09-12 14:03:57]   按 Ctrl+C 停止
[2026-09-12 14:03:57] 
[2026-09-12 14:03:57] =======================================================
[2026-09-12 14:03:57] 
[2026-09-12 14:04:01] [GET] /api/health from 127.0.0.1 no-cookie
[2026-09-12 14:04:01] 
[2026-09-12 14:04:01] [14:04:01] "GET /api/health HTTP/1.1" 200 -
[2026-09-12 14:04:01] 
[2026-09-12 14:04:01] [POST] /api/auth/login from 127.0.0.1 no-cookie
[2026-09-12 14:04:01] 
[2026-09-12 14:04:01] [14:04:01] "POST /api/auth/login HTTP/1.1" 200 -
[2026-09-12 14:04:01] 
[2026-09-12 14:04:01] [POST] /api/auth/login from 127.0.0.1 no-cookie
[2026-09-12 14:04:01] 
[2026-09-12 14:04:01] [14:04:01] "POST /api/auth/login HTTP/1.1" 400 -
[2026-09-12 14:04:01] 
[2026-09-12 14:04:01] [GET] /api/health from 127.0.0.1 no-cookie
[2026-09-12 14:04:01] 
[2026-09-12 14:04:01] [14:04:01] "GET /api/health HTTP/1.1" 200 -
[2026-09-12 14:04:01] 
[2026-09-12 14:04:01] [GET] /api/health from 127.0.0.1 no-cookie
[2026-09-12 14:04:01] 
[2026-09-12 14:04:01] [14:04:01] "GET /api/health HTTP/1.1" 200 -
[2026-09-12 14:04:01] 
[2026-09-12 14:04:01] [GET] /api/health from 127.0.0.1 no-cookie
[2026-09-12 14:04:01] 
[2026-09-12 14:04:01] [14:04:01] "GET /api/health HTTP/1.1" 200 -
[2026-09-12 14:04:01] 
[2026-09-12 14:04:01] [GET] /api/health from 127.0.0.1 no-cookie
[2026-09-12 14:04:01] 
[2026-09-12 14:04:01] [14:04:01] "GET /api/health HTTP/1.1" 200 -
[2026-09-12 14:04:01] 
[2026-09-12 14:04:01] [GET] /api/health from 127.0.0.1 no-cookie
[2026-09-12 14:04:01] 
[2026-09-12 14:04:01] [14:04:01] "GET /api/health HTTP/1.1" 200 -
[2026-09-12 14:04:01] 
[2026-09-12 16:26:11] [boot] 日志重定向已启用 -> /Users/mac/Library/Application Support/TRAE SOLO CN/ModularData/ai-agent/work-mode-projects/6aa2769ead555511aa7a9041/fb_project/FB广告账户管理系统 v3.912/data/server.log
[2026-09-12 16:26:11] 
[2026-09-12 16:26:11] [preload] ✅ 预加载 2 个静态文件 (1371KB → 442KB gzip, 节省 68%)
[2026-09-12 16:26:11] 
[2026-09-12 16:26:11] =======================================================
[2026-09-12 16:26:11] 
[2026-09-12 16:26:11]   FB 广告账户管理系统 v4 · 单机完整版
[2026-09-12 16:26:11] 
[2026-09-12 16:26:11]   地址: http://localhost:8765
[2026-09-12 16:26:11] 
[2026-09-12 16:26:11]   数据目录: /Users/mac/Library/Application Support/TRAE SOLO CN/ModularData/ai-agent/work-mode-projects/6aa2769ead555511aa7a9041/fb_project/FB广告账户管理系统 v3.912/data
[2026-09-12 16:26:11] 
[2026-09-12 16:26:11]   默认账号: admin / admin123456
[2026-09-12 16:26:11] 
[2026-09-12 16:26:11]   按 Ctrl+C 停止
[2026-09-12 16:26:11] 
[2026-09-12 16:26:11] =======================================================
[2026-09-12 16:26:11] 
[2026-09-12 16:26:14] [GET] /api/health from 127.0.0.1 no-cookie
[2026-09-12 16:26:14] 
[2026-09-12 16:26:14] [16:26:14] "GET /api/health HTTP/1.1" 200 -
[2026-09-12 16:26:14] 
[2026-09-12 16:26:14] [POST] /api/auth/login from 127.0.0.1 no-cookie
[2026-09-12 16:26:14] 
[2026-09-12 16:26:14] [16:26:14] "POST /api/auth/login HTTP/1.1" 200 -
[2026-09-12 16:26:14] 
[2026-09-12 16:42:21] [boot] 日志重定向已启用 -> /Users/mac/Library/Application Support/TRAE SOLO CN/ModularData/ai-agent/work-mode-projects/6aa2769ead555511aa7a9041/fb_project/FB广告账户管理系统 v3.912/data/server.log
[2026-09-12 16:42:21] 
[2026-09-12 16:42:22] [preload] ✅ 预加载 2 个静态文件 (1371KB → 442KB gzip, 节省 68%)
[2026-09-12 16:42:22] 
[2026-09-12 16:42:22] =======================================================
[2026-09-12 16:42:22] 
[2026-09-12 16:42:22]   FB 广告账户管理系统 v4 · 单机完整版
[2026-09-12 16:42:22] 
[2026-09-12 16:42:22]   地址: http://localhost:8765
[2026-09-12 16:42:22] 
[2026-09-12 16:42:22]   数据目录: /Users/mac/Library/Application Support/TRAE SOLO CN/ModularData/ai-agent/work-mode-projects/6aa2769ead555511aa7a9041/fb_project/FB广告账户管理系统 v3.912/data
[2026-09-12 16:42:22] 
[2026-09-12 16:42:22]   默认账号: admin / admin123456
[2026-09-12 16:42:22] 
[2026-09-12 16:42:22]   按 Ctrl+C 停止
[2026-09-12 16:42:22] 
[2026-09-12 16:42:22] =======================================================
[2026-09-12 16:42:22] 
[2026-09-12 16:42:25] [GET] /api/health from 127.0.0.1 no-cookie
[2026-09-12 16:42:25] 
[2026-09-12 16:42:25] [16:42:25] "GET /api/health HTTP/1.1" 200 -
[2026-09-12 16:42:25] 
[2026-09-12 16:42:25] [POST] /api/auth/login from 127.0.0.1 no-cookie
[2026-09-12 16:42:25] 
[2026-09-12 16:42:25] [16:42:25] "POST /api/auth/login HTTP/1.1" 200 -
[2026-09-12 16:42:25] 
[2026-09-12 16:42:37] [boot] 日志重定向已启用 -> /Users/mac/Library/Application Support/TRAE SOLO CN/ModularData/ai-agent/work-mode-projects/6aa2769ead555511aa7a9041/fb_project/FB广告账户管理系统 v3.912/data/server.log
[2026-09-12 16:42:37] 
[2026-09-12 16:42:37] [preload] ✅ 预加载 2 个静态文件 (1371KB → 442KB gzip, 节省 68%)
[2026-09-12 16:42:37] 
[2026-09-12 16:42:37] =======================================================
[2026-09-12 16:42:37] 
[2026-09-12 16:42:37]   FB 广告账户管理系统 v4 · 单机完整版
[2026-09-12 16:42:37] 
[2026-09-12 16:42:37]   地址: http://localhost:8765
[2026-09-12 16:42:37] 
[2026-09-12 16:42:37]   数据目录: /Users/mac/Library/Application Support/TRAE SOLO CN/ModularData/ai-agent/work-mode-projects/6aa2769ead555511aa7a9041/fb_project/FB广告账户管理系统 v3.912/data
[2026-09-12 16:42:37] 
[2026-09-12 16:42:37]   默认账号: admin / admin123456
[2026-09-12 16:42:37] 
[2026-09-12 16:42:37]   按 Ctrl+C 停止
[2026-09-12 16:42:37] 
[2026-09-12 16:42:37] =======================================================
[2026-09-12 16:42:37] 
[2026-09-12 16:42:41] [GET] /api/health from 127.0.0.1 no-cookie
[2026-09-12 16:42:41] 
[2026-09-12 16:42:41] [16:42:41] "GET /api/health HTTP/1.1" 200 -
[2026-09-12 16:42:41] 
[2026-09-12 16:42:41] [POST] /api/auth/login from 127.0.0.1 no-cookie
[2026-09-12 16:42:41] 
[2026-09-12 16:42:41] [16:42:41] "POST /api/auth/login HTTP/1.1" 200 -
[2026-09-12 16:42:41] 
[2026-09-12 16:42:41] [POST] /api/auth/login from 127.0.0.1 no-cookie
[2026-09-12 16:42:41] 
[2026-09-12 16:42:41] [16:42:41] "POST /api/auth/login HTTP/1.1" 400 -
[2026-09-12 16:42:41] 
[2026-09-12 20:59:59] [boot] 日志重定向已启用 -> /Users/mac/Library/Application Support/TRAE SOLO CN/ModularData/ai-agent/work-mode-projects/6aa2769ead555511aa7a9041/fb_project/FB广告账户管理系统 v3.912/data/server.log
[2026-09-12 20:59:59] 
[2026-09-12 20:59:59] [preload] ✅ 预加载 2 个静态文件 (1371KB → 442KB gzip, 节省 68%)
[2026-09-12 20:59:59] 
[2026-09-12 20:59:59] Traceback (most recent call last):
[2026-09-12 20:59:59]   File "/Users/mac/Library/Application Support/TRAE SOLO CN/ModularData/ai-agent/work-mode-projects/6aa2769ead555511aa7a9041/fb_project/FB广告账户管理系统 v3.912/server.py", line 5564, in <module>
[2026-09-12 20:59:59]     
[2026-09-12 20:59:59] main()
[2026-09-12 20:59:59] 
[2026-09-12 20:59:59]   File "/Users/mac/Library/Application Support/TRAE SOLO CN/ModularData/ai-agent/work-mode-projects/6aa2769ead555511aa7a9041/fb_project/FB广告账户管理系统 v3.912/server.py", line 5548, in main
[2026-09-12 20:59:59]     
[2026-09-12 20:59:59] server = SecureServer(('0.0.0.0', port), ApiHandler)
[2026-09-12 20:59:59] 
[2026-09-12 20:59:59]   File "/Library/Developer/CommandLineTools/Library/Frameworks/Python3.framework/Versions/3.9/lib/python3.9/socketserver.py", line 452, in __init__
[2026-09-12 20:59:59]     
[2026-09-12 20:59:59] self.server_bind()
[2026-09-12 20:59:59] 
[2026-09-12 20:59:59]   File "/Users/mac/Library/Application Support/TRAE SOLO CN/ModularData/ai-agent/work-mode-projects/6aa2769ead555511aa7a9041/fb_project/FB广告账户管理系统 v3.912/server.py", line 2193, in server_bind
[2026-09-12 20:59:59]     
[2026-09-12 20:59:59] super().server_bind()
[2026-09-12 20:59:59] 
[2026-09-12 20:59:59]   File "/Library/Developer/CommandLineTools/Library/Frameworks/Python3.framework/Versions/3.9/lib/python3.9/http/server.py", line 138, in server_bind
[2026-09-12 20:59:59]     
[2026-09-12 20:59:59] socketserver.TCPServer.server_bind(self)
[2026-09-12 20:59:59] 
[2026-09-12 20:59:59]   File "/Library/Developer/CommandLineTools/Library/Frameworks/Python3.framework/Versions/3.9/lib/python3.9/socketserver.py", line 466, in server_bind
[2026-09-12 20:59:59]     
[2026-09-12 20:59:59] self.socket.bind(self.server_address)
[2026-09-12 20:59:59] 
[2026-09-12 20:59:59] OSError
[2026-09-12 20:59:59] : 
[2026-09-12 20:59:59] [Errno 48] Address already in use
[2026-09-12 20:59:59] 
[2026-09-12 21:00:33] [boot] 日志重定向已启用 -> /Users/mac/Library/Application Support/TRAE SOLO CN/ModularData/ai-agent/work-mode-projects/6aa2769ead555511aa7a9041/fb_project/FB广告账户管理系统 v3.912/data/server.log
[2026-09-12 21:00:33] 
[2026-09-12 21:00:33] [preload] ✅ 预加载 2 个静态文件 (1371KB → 442KB gzip, 节省 68%)
[2026-09-12 21:00:33] 
[2026-09-12 21:00:33] =======================================================
[2026-09-12 21:00:33] 
[2026-09-12 21:00:33]   FB 广告账户管理系统 v4 · 单机完整版
[2026-09-12 21:00:33] 
[2026-09-12 21:00:33]   地址: http://localhost:3000
[2026-09-12 21:00:33] 
[2026-09-12 21:00:33]   数据目录: /Users/mac/Library/Application Support/TRAE SOLO CN/ModularData/ai-agent/work-mode-projects/6aa2769ead555511aa7a9041/fb_project/FB广告账户管理系统 v3.912/data
[2026-09-12 21:00:33] 
[2026-09-12 21:00:33]   默认账号: admin / admin123456
[2026-09-12 21:00:33] 
[2026-09-12 21:00:33]   按 Ctrl+C 停止
[2026-09-12 21:00:33] 
[2026-09-12 21:00:33] =======================================================
[2026-09-12 21:00:33] 
[2026-09-12 21:01:51] [GET]  from 127.0.0.1 cookie=***
[2026-09-12 21:01:51] 
[2026-09-12 21:01:51] [21:01:51] "GET / HTTP/1.1" 200 -
[2026-09-12 21:01:51] 
[2026-09-12 21:01:51] [GET] /xlsx.full.min.js from 127.0.0.1 cookie=***
[2026-09-12 21:01:51] 
[2026-09-12 21:01:51] [21:01:51] "GET /xlsx.full.min.js HTTP/1.1" 200 -
[2026-09-12 21:01:51] 
[2026-09-12 21:01:51] [GET] /api/auth/me from 127.0.0.1 cookie=***
[2026-09-12 21:01:51] 
[2026-09-12 21:01:51] [21:01:51] "GET /api/auth/me?t=1789218111703 HTTP/1.1" 200 -
[2026-09-12 21:01:51] 
[2026-09-12 21:01:51] [GET] /api/consume/import-log from 127.0.0.1 cookie=***
[2026-09-12 21:01:51] 
[2026-09-12 21:01:51] [GET] /api/users from 127.0.0.1 cookie=***
[2026-09-12 21:01:51] [GET] /api/settings from 127.0.0.1 cookie=***
[2026-09-12 21:01:51] 
[2026-09-12 21:01:51] [GET] /api/ops-log from 127.0.0.1 cookie=***
[2026-09-12 21:01:51] [GET] /api/stats from 127.0.0.1 cookie=***
[2026-09-12 21:01:51] 
[2026-09-12 21:01:51] 
[2026-09-12 21:01:51] 
[2026-09-12 21:01:51] [21:01:51] "GET /api/users HTTP/1.1" 200 -
[2026-09-12 21:01:51] 
[2026-09-12 21:01:51] [21:01:51] "GET /api/consume/import-log HTTP/1.1" 200 -
[2026-09-12 21:01:51] 
[2026-09-12 21:01:51] [21:01:51] "GET /api/settings HTTP/1.1" 200 -
[2026-09-12 21:01:51] 
[2026-09-12 21:01:51] [21:01:51] "GET /api/ops-log HTTP/1.1" 200 -
[2026-09-12 21:01:51] 
[2026-09-12 21:01:51] [GET] /@vite/client from 127.0.0.1 cookie=***
[2026-09-12 21:01:51] 
[2026-09-12 21:01:51] [21:01:51] "GET /@vite/client HTTP/1.1" 404 -
[2026-09-12 21:01:51] 
[2026-09-12 21:01:52] [21:01:52] "GET /api/stats?_t=1789218111744 HTTP/1.1" 200 -
[2026-09-12 21:01:52] 
[2026-09-12 21:01:52] [GET] /api/health from 127.0.0.1 cookie=***
[2026-09-12 21:01:52] 
[2026-09-12 21:01:52] [21:01:52] "GET /api/health HTTP/1.1" 200 -
[2026-09-12 21:01:52] 
[2026-09-12 21:01:52] [GET] /api/mapping from 127.0.0.1 cookie=***
[2026-09-12 21:01:52] [GET] /api/recharge from 127.0.0.1 cookie=***
[2026-09-12 21:01:52] [GET] /api/refund from 127.0.0.1 cookie=***
[2026-09-12 21:01:52] [GET] /api/consume from 127.0.0.1 cookie=***
[2026-09-12 21:01:52] [GET] /api/client_status from 127.0.0.1 cookie=***
[2026-09-12 21:01:52] 
[2026-09-12 21:01:52] 
[2026-09-12 21:01:52] [GET] /api/payment from 127.0.0.1 cookie=***
[2026-09-12 21:01:52] 
[2026-09-12 21:01:52] 
[2026-09-12 21:01:52] 
[2026-09-12 21:01:52] 
[2026-09-12 21:01:52] [21:01:52] "GET /api/refund HTTP/1.1" 200 -
[2026-09-12 21:01:52] 
[2026-09-12 21:01:52] [GET] /api/service-fee from 127.0.0.1 cookie=***
[2026-09-12 21:01:52] 
[2026-09-12 21:01:52] [21:01:52] "GET /api/client_status HTTP/1.1" 200 -
[2026-09-12 21:01:52] 
[2026-09-12 21:01:52] [21:01:52] "GET /api/mapping HTTP/1.1" 200 -
[2026-09-12 21:01:52] 
[2026-09-12 21:01:52] [GET] /api/meta/tokens from 127.0.0.1 cookie=***
[2026-09-12 21:01:52] [21:01:52] "GET /api/payment HTTP/1.1" 200 -
[2026-09-12 21:01:52] 
[2026-09-12 21:01:52] 
[2026-09-12 21:01:52] [GET] /api/meta/auto-sync-cfg from 127.0.0.1 cookie=***
[2026-09-12 21:01:52] [21:01:52] "GET /api/service-fee HTTP/1.1" 200 -
[2026-09-12 21:01:52] 
[2026-09-12 21:01:52] 
[2026-09-12 21:01:52] [21:01:52] "GET /api/consume HTTP/1.1" 200 -
[2026-09-12 21:01:52] 
[2026-09-12 21:01:52] [21:01:52] "GET /api/meta/auto-sync-cfg HTTP/1.1" 200 -
[2026-09-12 21:01:52] 
[2026-09-12 21:01:52] [21:01:52] "GET /api/meta/tokens HTTP/1.1" 200 -
[2026-09-12 21:01:52] 
[2026-09-12 21:01:52] [21:01:52] "GET /api/recharge HTTP/1.1" 200 -
[2026-09-12 21:01:52] 
[2026-09-12 21:01:53] [GET] /api/stats from 127.0.0.1 cookie=***
[2026-09-12 21:01:53] 
[2026-09-12 21:01:53] [GET] /api/consume/stats from 127.0.0.1 cookie=***
[2026-09-12 21:01:53] 
[2026-09-12 21:01:53] [21:01:53] "GET /api/stats HTTP/1.1" 200 -
[2026-09-12 21:01:53] 
[2026-09-12 21:01:54] [刷新匹配] 保留 10879 条, 更新了 0 条
[2026-09-12 21:01:54] 
[2026-09-12 21:01:55] [21:01:55] "GET /api/consume/stats HTTP/1.1" 200 -
[2026-09-12 21:01:55] 
[2026-09-12 21:02:17] [GET]  from 127.0.0.1 cookie=***
[2026-09-12 21:02:17] 
[2026-09-12 21:02:17] [21:02:17] "GET / HTTP/1.1" 200 -
[2026-09-12 21:02:17] 
[2026-09-12 21:02:17] [GET] /xlsx.full.min.js from 127.0.0.1 cookie=***
[2026-09-12 21:02:17] 
[2026-09-12 21:02:17] [21:02:17] "GET /xlsx.full.min.js HTTP/1.1" 200 -
[2026-09-12 21:02:17] 
[2026-09-12 21:02:18] [GET] /api/auth/me from 127.0.0.1 cookie=***
[2026-09-12 21:02:18] 
[2026-09-12 21:02:18] [21:02:18] "GET /api/auth/me?t=1789218138059 HTTP/1.1" 200 -
[2026-09-12 21:02:18] 
[2026-09-12 21:02:18] [GET] /api/consume/import-log from 127.0.0.1 cookie=***
[2026-09-12 21:02:18] 
[2026-09-12 21:02:18] [GET] /api/users from 127.0.0.1 cookie=***
[2026-09-12 21:02:18] [GET] /api/ops-log from 127.0.0.1 cookie=***
[2026-09-12 21:02:18] [GET] /api/settings from 127.0.0.1 cookie=***
[2026-09-12 21:02:18] [GET] /api/stats from 127.0.0.1 cookie=***
[2026-09-12 21:02:18] 
[2026-09-12 21:02:18] 
[2026-09-12 21:02:18] 
[2026-09-12 21:02:18] 
[2026-09-12 21:02:18] [21:02:18] "GET /api/consume/import-log HTTP/1.1" 200 -
[2026-09-12 21:02:18] 
[2026-09-12 21:02:18] [21:02:18] "GET /api/settings HTTP/1.1" 200 -
[2026-09-12 21:02:18] 
[2026-09-12 21:02:18] [21:02:18] "GET /api/ops-log HTTP/1.1" 200 -
[2026-09-12 21:02:18] 
[2026-09-12 21:02:18] [21:02:18] "GET /api/users HTTP/1.1" 200 -
[2026-09-12 21:02:18] 
[2026-09-12 21:02:18] [GET] /@vite/client from 127.0.0.1 cookie=***
[2026-09-12 21:02:18] 
[2026-09-12 21:02:18] [21:02:18] "GET /@vite/client HTTP/1.1" 404 -
[2026-09-12 21:02:18] 
[2026-09-12 21:02:18] [21:02:18] "GET /api/stats?_t=1789218138098 HTTP/1.1" 200 -
[2026-09-12 21:02:18] 
[2026-09-12 21:02:18] [GET] /api/health from 127.0.0.1 cookie=***
[2026-09-12 21:02:18] 
[2026-09-12 21:02:18] [21:02:18] "GET /api/health HTTP/1.1" 200 -
[2026-09-12 21:02:18] 
[2026-09-12 21:02:18] [GET] /api/mapping from 127.0.0.1 cookie=***
[2026-09-12 21:02:18] 
[2026-09-12 21:02:18] [GET] /api/refund from 127.0.0.1 cookie=***
[2026-09-12 21:02:18] [GET] /api/payment from 127.0.0.1 cookie=***
[2026-09-12 21:02:18] [GET] /api/recharge from 127.0.0.1 cookie=***
[2026-09-12 21:02:18] [GET] /api/consume from 127.0.0.1 cookie=***
[2026-09-12 21:02:18] 
[2026-09-12 21:02:18] 
[2026-09-12 21:02:18] [GET] /api/client_status from 127.0.0.1 cookie=***
[2026-09-12 21:02:18] 
[2026-09-12 21:02:18] 
[2026-09-12 21:02:18] 
[2026-09-12 21:02:18] [21:02:18] "GET /api/refund HTTP/1.1" 200 -
[2026-09-12 21:02:18] 
[2026-09-12 21:02:18] [GET] /api/service-fee from 127.0.0.1 cookie=***
[2026-09-12 21:02:18] 
[2026-09-12 21:02:18] [21:02:18] "GET /api/mapping HTTP/1.1" 200 -
[2026-09-12 21:02:18] 
[2026-09-12 21:02:18] [21:02:18] "GET /api/payment HTTP/1.1" 200 -
[2026-09-12 21:02:18] [21:02:18] "GET /api/client_status HTTP/1.1" 200 -
[2026-09-12 21:02:18] [GET] /api/meta/tokens from 127.0.0.1 cookie=***
[2026-09-12 21:02:18] 
[2026-09-12 21:02:18] 
[2026-09-12 21:02:18] 
[2026-09-12 21:02:18] [21:02:18] "GET /api/service-fee HTTP/1.1" 200 -
[2026-09-12 21:02:18] [GET] /api/meta/auto-sync-cfg from 127.0.0.1 cookie=***
[2026-09-12 21:02:18] 
[2026-09-12 21:02:18] [21:02:18] "GET /api/meta/tokens HTTP/1.1" 200 -
[2026-09-12 21:02:18] 
[2026-09-12 21:02:18] 
[2026-09-12 21:02:18] [21:02:18] "GET /api/consume HTTP/1.1" 200 -
[2026-09-12 21:02:18] 
[2026-09-12 21:02:18] [21:02:18] "GET /api/meta/auto-sync-cfg HTTP/1.1" 200 -
[2026-09-12 21:02:18] 
[2026-09-12 21:02:18] [21:02:18] "GET /api/recharge HTTP/1.1" 200 -
[2026-09-12 21:02:18] 
[2026-09-12 21:02:19] [GET] /api/stats from 127.0.0.1 cookie=***
[2026-09-12 21:02:19] 
[2026-09-12 21:02:19] [GET] /api/consume/stats from 127.0.0.1 cookie=***
[2026-09-12 21:02:19] 
[2026-09-12 21:02:20] [21:02:20] "GET /api/consume/stats HTTP/1.1" 200 -
[2026-09-12 21:02:20] 
[2026-09-12 21:02:20] [21:02:20] "GET /api/stats HTTP/1.1" 200 -
[2026-09-12 21:02:20] 
[2026-09-12 21:02:27] [GET] /api/stats from 127.0.0.1 cookie=***
[2026-09-12 21:02:27] 
[2026-09-12 21:02:27] [21:02:27] "GET /api/stats HTTP/1.1" 200 -
[2026-09-12 21:02:27] 
[2026-09-12 21:02:50] [GET] /api/stats from 127.0.0.1 cookie=***
[2026-09-12 21:02:50] 
[2026-09-12 21:02:51] [21:02:51] "GET /api/stats HTTP/1.1" 200 -
[2026-09-12 21:02:51] 
[2026-09-12 21:02:57] [GET] /api/stats from 127.0.0.1 cookie=***
[2026-09-12 21:02:57] 
[2026-09-12 21:02:58] [21:02:58] "GET /api/stats HTTP/1.1" 200 -
[2026-09-12 21:02:58] 
[2026-09-12 21:03:20] [GET] /api/stats from 127.0.0.1 cookie=***
[2026-09-12 21:03:20] 
[2026-09-12 21:03:21] [21:03:21] "GET /api/stats HTTP/1.1" 200 -
[2026-09-12 21:03:21] 
[2026-09-12 21:03:27] [GET] /api/stats from 127.0.0.1 cookie=***
[2026-09-12 21:03:27] 
[2026-09-12 21:03:27] [21:03:27] "GET /api/stats HTTP/1.1" 200 -
[2026-09-12 21:03:27] 
[2026-09-12 21:03:50] [GET] /api/stats from 127.0.0.1 cookie=***
[2026-09-12 21:03:50] 
[2026-09-12 21:03:51] [21:03:51] "GET /api/stats HTTP/1.1" 200 -
[2026-09-12 21:03:51] 
[2026-09-12 21:03:57] [GET] /api/stats from 127.0.0.1 cookie=***
[2026-09-12 21:03:57] 
[2026-09-12 21:03:57] [21:03:57] "GET /api/stats HTTP/1.1" 200 -
[2026-09-12 21:03:57] 
[2026-09-12 21:04:00] [GET] /api/consume/import-log from 127.0.0.1 cookie=***
[2026-09-12 21:04:00] 
[2026-09-12 21:04:00] [21:04:00] "GET /api/consume/import-log HTTP/1.1" 200 -
[2026-09-12 21:04:00] 
[2026-09-12 21:04:00] [GET] /api/health from 127.0.0.1 cookie=***
[2026-09-12 21:04:00] 
[2026-09-12 21:04:00] [21:04:00] "GET /api/health HTTP/1.1" 200 -
[2026-09-12 21:04:00] 
[2026-09-12 21:04:00] [GET] /api/mapping from 127.0.0.1 cookie=***
[2026-09-12 21:04:00] 
[2026-09-12 21:04:00] [GET] /api/recharge from 127.0.0.1 cookie=***
[2026-09-12 21:04:00] [GET] /api/payment from 127.0.0.1 cookie=***
[2026-09-12 21:04:00] [GET] /api/refund from 127.0.0.1 cookie=***
[2026-09-12 21:04:00] [GET] /api/client_status from 127.0.0.1 cookie=***
[2026-09-12 21:04:00] 
[2026-09-12 21:04:00] 
[2026-09-12 21:04:00] 
[2026-09-12 21:04:00] [GET] /api/consume from 127.0.0.1 cookie=***
[2026-09-12 21:04:00] 
[2026-09-12 21:04:00] 
[2026-09-12 21:04:00] [21:04:00] "GET /api/mapping HTTP/1.1" 200 -
[2026-09-12 21:04:00] [21:04:00] "GET /api/payment HTTP/1.1" 200 -
[2026-09-12 21:04:00] [21:04:00] "GET /api/refund HTTP/1.1" 200 -
[2026-09-12 21:04:00] 
[2026-09-12 21:04:00] 
[2026-09-12 21:04:00] 
[2026-09-12 21:04:00] [21:04:00] "GET /api/client_status HTTP/1.1" 200 -
[2026-09-12 21:04:00] [GET] /api/service-fee from 127.0.0.1 cookie=***
[2026-09-12 21:04:00] 
[2026-09-12 21:04:00] 
[2026-09-12 21:04:00] [21:04:00] "GET /api/service-fee HTTP/1.1" 200 -
[2026-09-12 21:04:00] 
[2026-09-12 21:04:00] [21:04:00] "GET /api/consume HTTP/1.1" 200 -
[2026-09-12 21:04:00] 
[2026-09-12 21:04:00] [21:04:00] "GET /api/recharge HTTP/1.1" 200 -
[2026-09-12 21:04:00] 
[2026-09-12 21:04:02] [GET] /api/stats from 127.0.0.1 cookie=***
[2026-09-12 21:04:02] 
[2026-09-12 21:04:02] [GET] /api/consume/stats from 127.0.0.1 cookie=***
[2026-09-12 21:04:02] 
[2026-09-12 21:04:02] [21:04:02] "GET /api/stats HTTP/1.1" 200 -
[2026-09-12 21:04:02] 
[2026-09-12 21:04:02] [21:04:02] "GET /api/consume/stats HTTP/1.1" 200 -
[2026-09-12 21:04:02] 
[2026-09-12 21:04:03] [GET] /api/health from 127.0.0.1 cookie=***
[2026-09-12 21:04:03] 
[2026-09-12 21:04:03] [21:04:03] "GET /api/health HTTP/1.1" 200 -
[2026-09-12 21:04:03] 
[2026-09-12 21:04:03] [GET] /api/mapping from 127.0.0.1 cookie=***
[2026-09-12 21:04:03] [GET] /api/consume from 127.0.0.1 cookie=***
[2026-09-12 21:04:03] [GET] /api/payment from 127.0.0.1 cookie=***
[2026-09-12 21:04:03] 
[2026-09-12 21:04:03] [GET] /api/refund from 127.0.0.1 cookie=***
[2026-09-12 21:04:03] [GET] /api/client_status from 127.0.0.1 cookie=***
[2026-09-12 21:04:03] 
[2026-09-12 21:04:03] 
[2026-09-12 21:04:03] 
[2026-09-12 21:04:03] 
[2026-09-12 21:04:03] [GET] /api/recharge from 127.0.0.1 cookie=***
[2026-09-12 21:04:03] 
[2026-09-12 21:04:03] [21:04:03] "GET /api/refund HTTP/1.1" 200 -
[2026-09-12 21:04:03] 
[2026-09-12 21:04:03] [GET] /api/service-fee from 127.0.0.1 cookie=***
[2026-09-12 21:04:03] 
[2026-09-12 21:04:03] [21:04:03] "GET /api/payment HTTP/1.1" 200 -
[2026-09-12 21:04:03] 
[2026-09-12 21:04:03] [21:04:03] "GET /api/client_status HTTP/1.1" 200 -
[2026-09-12 21:04:03] 
[2026-09-12 21:04:03] [21:04:03] "GET /api/service-fee HTTP/1.1" 200 -
[2026-09-12 21:04:03] 
[2026-09-12 21:04:03] [21:04:03] "GET /api/mapping HTTP/1.1" 200 -
[2026-09-12 21:04:03] 
[2026-09-12 21:04:03] [21:04:03] "GET /api/consume HTTP/1.1" 200 -
[2026-09-12 21:04:03] 
[2026-09-12 21:04:03] [21:04:03] "GET /api/recharge HTTP/1.1" 200 -
[2026-09-12 21:04:03] 
[2026-09-12 21:04:05] [GET] /api/stats from 127.0.0.1 cookie=***
[2026-09-12 21:04:05] [GET] /api/consume/stats from 127.0.0.1 cookie=***
[2026-09-12 21:04:05] 
[2026-09-12 21:04:05] 
[2026-09-12 21:04:05] [21:04:05] "GET /api/consume/stats HTTP/1.1" 200 -
[2026-09-12 21:04:05] 
[2026-09-12 21:04:05] [21:04:05] "GET /api/stats HTTP/1.1" 200 -
[2026-09-12 21:04:05] 
[2026-09-12 21:04:20] [GET] /api/stats from 127.0.0.1 cookie=***
[2026-09-12 21:04:20] 
[2026-09-12 21:04:21] [21:04:21] "GET /api/stats HTTP/1.1" 200 -
[2026-09-12 21:04:21] 
[2026-09-12 21:04:36] [GET] /api/stats from 127.0.0.1 cookie=***
[2026-09-12 21:04:36] 
[2026-09-12 21:04:36] [21:04:36] "GET /api/stats HTTP/1.1" 200 -
[2026-09-12 21:04:36] 
[2026-09-12 21:04:50] [GET] /api/stats from 127.0.0.1 cookie=***
[2026-09-12 21:04:50] 
[2026-09-12 21:04:51] [21:04:51] "GET /api/stats HTTP/1.1" 200 -
[2026-09-12 21:04:51] 
[2026-09-12 21:04:56] [GET] /api/stats from 127.0.0.1 cookie=***
[2026-09-12 21:04:56] 
[2026-09-12 21:04:56] [21:04:56] "GET /api/stats HTTP/1.1" 200 -
[2026-09-12 21:04:56] 
[2026-09-12 21:05:20] [GET] /api/stats from 127.0.0.1 cookie=***
[2026-09-12 21:05:20] 
[2026-09-12 21:05:21] [21:05:21] "GET /api/stats HTTP/1.1" 200 -
[2026-09-12 21:05:21] 
[2026-09-12 21:05:35] [GET] /api/stats from 127.0.0.1 cookie=***
[2026-09-12 21:05:35] 
[2026-09-12 21:05:35] [21:05:35] "GET /api/stats HTTP/1.1" 200 -
[2026-09-12 21:05:35] 
[2026-09-12 21:05:50] [GET] /api/stats from 127.0.0.1 cookie=***
[2026-09-12 21:05:50] 
[2026-09-12 21:05:51] [21:05:51] "GET /api/stats HTTP/1.1" 200 -
[2026-09-12 21:05:51] 
[2026-09-12 21:06:01] [GET] /api/stats from 127.0.0.1 cookie=***
[2026-09-12 21:06:01] 
[2026-09-12 21:06:01] [21:06:01] "GET /api/stats HTTP/1.1" 200 -
[2026-09-12 21:06:01] 
[2026-09-12 21:06:20] [GET] /api/stats from 127.0.0.1 cookie=***
[2026-09-12 21:06:20] 
[2026-09-12 21:06:21] [21:06:21] "GET /api/stats HTTP/1.1" 200 -
[2026-09-12 21:06:21] 
[2026-09-12 21:06:50] [GET] /api/stats from 127.0.0.1 cookie=***
[2026-09-12 21:06:50] 
[2026-09-12 21:06:51] [21:06:51] "GET /api/stats HTTP/1.1" 200 -
[2026-09-12 21:06:51] 
[2026-09-12 21:07:01] [GET] /api/stats from 127.0.0.1 cookie=***
[2026-09-12 21:07:01] 
[2026-09-12 21:07:01] [21:07:01] "GET /api/stats HTTP/1.1" 200 -
[2026-09-12 21:07:01] 
[2026-09-12 21:07:20] [GET] /api/stats from 127.0.0.1 cookie=***
[2026-09-12 21:07:20] 
[2026-09-12 21:07:21] [21:07:21] "GET /api/stats HTTP/1.1" 200 -
[2026-09-12 21:07:21] 
[2026-09-12 21:07:50] [GET] /api/stats from 127.0.0.1 cookie=***
[2026-09-12 21:07:50] 
[2026-09-12 21:07:51] [21:07:51] "GET /api/stats HTTP/1.1" 200 -
[2026-09-12 21:07:51] 
[2026-09-12 21:08:01] [GET] /api/stats from 127.0.0.1 cookie=***
[2026-09-12 21:08:01] 
[2026-09-12 21:08:01] [21:08:01] "GET /api/stats HTTP/1.1" 200 -
[2026-09-12 21:08:01] 
[2026-09-12 21:08:05] [boot] 日志重定向已启用 -> /Users/mac/Library/Application Support/TRAE SOLO CN/ModularData/ai-agent/work-mode-projects/6aa2769ead555511aa7a9041/fb_project/FB广告账户管理系统 v3.912/data/server.log
[2026-09-12 21:08:05] 
[2026-09-12 21:08:05] [preload] ✅ 预加载 2 个静态文件 (1371KB → 442KB gzip, 节省 68%)
[2026-09-12 21:08:05] 
[2026-09-12 21:08:05] =======================================================
[2026-09-12 21:08:05] 
[2026-09-12 21:08:05]   FB 广告账户管理系统 v4 · 单机完整版
[2026-09-12 21:08:05] 
[2026-09-12 21:08:05]   地址: http://localhost:3000
[2026-09-12 21:08:05] 
[2026-09-12 21:08:05]   数据目录: /Users/mac/Library/Application Support/TRAE SOLO CN/ModularData/ai-agent/work-mode-projects/6aa2769ead555511aa7a9041/fb_project/FB广告账户管理系统 v3.912/data
[2026-09-12 21:08:05] 
[2026-09-12 21:08:05]   默认账号: admin / admin123456
[2026-09-12 21:08:05] 
[2026-09-12 21:08:05]   按 Ctrl+C 停止
[2026-09-12 21:08:05] 
[2026-09-12 21:08:05] =======================================================
[2026-09-12 21:08:05] 
[2026-09-12 21:08:20] [GET] /api/stats from 127.0.0.1 cookie=***
[2026-09-12 21:08:20] 
[2026-09-12 21:08:21] [21:08:21] "GET /api/stats HTTP/1.1" 200 -
[2026-09-12 21:08:21] 
[2026-09-12 21:08:28] [GET]  from 127.0.0.1 cookie=***
[2026-09-12 21:08:28] 
[2026-09-12 21:08:28] [21:08:28] "GET / HTTP/1.1" 200 -
[2026-09-12 21:08:28] 
[2026-09-12 21:08:28] [GET] /xlsx.full.min.js from 127.0.0.1 cookie=***
[2026-09-12 21:08:28] 
[2026-09-12 21:08:28] [21:08:28] "GET /xlsx.full.min.js HTTP/1.1" 200 -
[2026-09-12 21:08:28] 
[2026-09-12 21:08:29] [GET] /api/auth/me from 127.0.0.1 cookie=***
[2026-09-12 21:08:29] 
[2026-09-12 21:08:29] [21:08:29] "GET /api/auth/me?t=1789218509156 HTTP/1.1" 200 -
[2026-09-12 21:08:29] 
[2026-09-12 21:08:29] [GET] /api/consume/import-log from 127.0.0.1 cookie=***
[2026-09-12 21:08:29] [GET] /api/users from 127.0.0.1 cookie=***
[2026-09-12 21:08:29] [GET] /api/ops-log from 127.0.0.1 cookie=***
[2026-09-12 21:08:29] 
[2026-09-12 21:08:29] [GET] /api/settings from 127.0.0.1 cookie=***
[2026-09-12 21:08:29] 
[2026-09-12 21:08:29] 
[2026-09-12 21:08:29] 
[2026-09-12 21:08:29] [GET] /api/stats from 127.0.0.1 cookie=***
[2026-09-12 21:08:29] 
[2026-09-12 21:08:29] [21:08:29] "GET /api/consume/import-log HTTP/1.1" 200 -
[2026-09-12 21:08:29] 
[2026-09-12 21:08:29] [21:08:29] "GET /api/users HTTP/1.1" 200 -
[2026-09-12 21:08:29] 
[2026-09-12 21:08:29] [21:08:29] "GET /api/settings HTTP/1.1" 200 -
[2026-09-12 21:08:29] 
[2026-09-12 21:08:29] [21:08:29] "GET /api/ops-log HTTP/1.1" 200 -
[2026-09-12 21:08:29] 
[2026-09-12 21:08:29] [GET] /@vite/client from 127.0.0.1 cookie=***
[2026-09-12 21:08:29] 
[2026-09-12 21:08:29] [21:08:29] "GET /@vite/client HTTP/1.1" 404 -
[2026-09-12 21:08:29] 
[2026-09-12 21:08:29] [21:08:29] "GET /api/stats?_t=1789218509191 HTTP/1.1" 200 -
[2026-09-12 21:08:29] 
[2026-09-12 21:08:29] [GET] /api/health from 127.0.0.1 cookie=***
[2026-09-12 21:08:29] 
[2026-09-12 21:08:29] [21:08:29] "GET /api/health HTTP/1.1" 200 -
[2026-09-12 21:08:29] 
[2026-09-12 21:08:29] [GET] /api/mapping from 127.0.0.1 cookie=***
[2026-09-12 21:08:29] 
[2026-09-12 21:08:29] [GET] /api/payment from 127.0.0.1 cookie=***
[2026-09-12 21:08:29] [GET] /api/recharge from 127.0.0.1 cookie=***
[2026-09-12 21:08:29] [GET] /api/refund from 127.0.0.1 cookie=***
[2026-09-12 21:08:29] 
[2026-09-12 21:08:29] 
[2026-09-12 21:08:29] 
[2026-09-12 21:08:29] [GET] /api/consume from 127.0.0.1 cookie=***
[2026-09-12 21:08:29] [GET] /api/client_status from 127.0.0.1 cookie=***
[2026-09-12 21:08:29] 
[2026-09-12 21:08:29] 
[2026-09-12 21:08:29] [21:08:29] "GET /api/refund HTTP/1.1" 200 -
[2026-09-12 21:08:29] 
[2026-09-12 21:08:29] [21:08:29] "GET /api/payment HTTP/1.1" 200 -
[2026-09-12 21:08:29] [21:08:29] "GET /api/mapping HTTP/1.1" 200 -
[2026-09-12 21:08:29] 
[2026-09-12 21:08:29] 
[2026-09-12 21:08:29] [GET] /api/service-fee from 127.0.0.1 cookie=***
[2026-09-12 21:08:29] [21:08:29] "GET /api/client_status HTTP/1.1" 200 -
[2026-09-12 21:08:29] 
[2026-09-12 21:08:29] 
[2026-09-12 21:08:29] [GET] /api/meta/tokens from 127.0.0.1 cookie=***
[2026-09-12 21:08:29] [GET] /api/meta/auto-sync-cfg from 127.0.0.1 cookie=***
[2026-09-12 21:08:29] 
[2026-09-12 21:08:29] 
[2026-09-12 21:08:29] [21:08:29] "GET /api/service-fee HTTP/1.1" 200 -
[2026-09-12 21:08:29] 
[2026-09-12 21:08:29] [21:08:29] "GET /api/consume HTTP/1.1" 200 -
[2026-09-12 21:08:30] 
[2026-09-12 21:08:30] [21:08:30] "GET /api/meta/auto-sync-cfg HTTP/1.1" 200 -
[2026-09-12 21:08:30] 
[2026-09-12 21:08:30] [21:08:30] "GET /api/meta/tokens HTTP/1.1" 200 -
[2026-09-12 21:08:30] 
[2026-09-12 21:08:30] [21:08:30] "GET /api/recharge HTTP/1.1" 200 -
[2026-09-12 21:08:30] 
[2026-09-12 21:08:30] [GET] /api/stats from 127.0.0.1 cookie=***
[2026-09-12 21:08:30] 
[2026-09-12 21:08:30] [GET] /api/consume/stats from 127.0.0.1 cookie=***
[2026-09-12 21:08:30] 
[2026-09-12 21:08:31] [21:08:31] "GET /api/stats HTTP/1.1" 200 -
[2026-09-12 21:08:31] 
[2026-09-12 21:08:31] [刷新匹配] 保留 10879 条, 更新了 0 条
[2026-09-12 21:08:31] 
[2026-09-12 21:08:32] [21:08:32] "GET /api/consume/stats HTTP/1.1" 200 -
[2026-09-12 21:08:32] 
[2026-09-12 21:08:51] [GET] /api/stats from 127.0.0.1 cookie=***
[2026-09-12 21:08:51] 
[2026-09-12 21:08:51] [21:08:51] "GET /api/stats HTTP/1.1" 200 -
[2026-09-12 21:08:51] 
[2026-09-12 21:09:03] [GET] /api/stats from 127.0.0.1 cookie=***
[2026-09-12 21:09:03] 
[2026-09-12 21:09:03] [21:09:03] "GET /api/stats HTTP/1.1" 200 -
[2026-09-12 21:09:03] 
[2026-09-12 21:09:11] [GET] /api/stats from 127.0.0.1 cookie=***
[2026-09-12 21:09:11] 
[2026-09-12 21:09:11] [21:09:11] "GET /api/stats HTTP/1.1" 200 -
[2026-09-12 21:09:11] 
[2026-09-12 21:09:31] [GET] /api/stats from 127.0.0.1 cookie=***
[2026-09-12 21:09:31] 
[2026-09-12 21:09:31] [21:09:31] "GET /api/stats HTTP/1.1" 200 -
[2026-09-12 21:09:31] 
[2026-09-12 21:09:33] [GET] /api/stats from 127.0.0.1 cookie=***
[2026-09-12 21:09:33] 
[2026-09-12 21:09:33] [21:09:33] "GET /api/stats HTTP/1.1" 200 -
[2026-09-12 21:09:33] 
[2026-09-12 21:10:01] [GET] /api/stats from 127.0.0.1 cookie=***
[2026-09-12 21:10:01] 
[2026-09-12 21:10:01] [21:10:01] "GET /api/stats HTTP/1.1" 200 -
[2026-09-12 21:10:01] 
[2026-09-12 21:10:01] [GET] /api/stats from 127.0.0.1 cookie=***
[2026-09-12 21:10:01] 
[2026-09-12 21:10:01] [21:10:01] "GET /api/stats HTTP/1.1" 200 -
[2026-09-12 21:10:01] 
[2026-09-12 21:10:03] [GET] /api/stats from 127.0.0.1 cookie=***
[2026-09-12 21:10:03] 
[2026-09-12 21:10:03] [21:10:03] "GET /api/stats HTTP/1.1" 200 -
[2026-09-12 21:10:03] 
[2026-09-12 21:10:33] [GET] /api/stats from 127.0.0.1 cookie=***
[2026-09-12 21:10:33] 
[2026-09-12 21:10:33] [21:10:33] "GET /api/stats HTTP/1.1" 200 -
[2026-09-12 21:10:33] 
[2026-09-12 21:11:01] [GET] /api/stats from 127.0.0.1 cookie=***
[2026-09-12 21:11:01] 
[2026-09-12 21:11:01] [21:11:01] "GET /api/stats HTTP/1.1" 200 -
[2026-09-12 21:11:01] 
[2026-09-12 21:11:01] [GET] /api/stats from 127.0.0.1 cookie=***
[2026-09-12 21:11:01] 
[2026-09-12 21:11:01] [21:11:01] "GET /api/stats HTTP/1.1" 200 -
[2026-09-12 21:11:01] 
[2026-09-12 21:11:03] [GET] /api/stats from 127.0.0.1 cookie=***
[2026-09-12 21:11:03] 
[2026-09-12 21:11:03] [21:11:03] "GET /api/stats HTTP/1.1" 200 -
[2026-09-12 21:11:03] 
[2026-09-12 21:11:04] [GET]  from 127.0.0.1 cookie=***
[2026-09-12 21:11:04] 
[2026-09-12 21:11:04] [21:11:04] "GET / HTTP/1.1" 200 -
[2026-09-12 21:11:04] 
[2026-09-12 21:11:04] [GET] /xlsx.full.min.js from 127.0.0.1 cookie=***
[2026-09-12 21:11:04] 
[2026-09-12 21:11:04] [21:11:04] "GET /xlsx.full.min.js HTTP/1.1" 200 -
[2026-09-12 21:11:04] 
[2026-09-12 21:11:04] [GET] /api/auth/me from 127.0.0.1 cookie=***
[2026-09-12 21:11:04] 
[2026-09-12 21:11:04] [21:11:04] "GET /api/auth/me?t=1789218664520 HTTP/1.1" 200 -
[2026-09-12 21:11:04] 
[2026-09-12 21:11:04] [GET] /@vite/client from 127.0.0.1 cookie=***
[2026-09-12 21:11:04] 
[2026-09-12 21:11:04] [21:11:04] "GET /@vite/client HTTP/1.1" 404 -
[2026-09-12 21:11:04] 
[2026-09-12 21:11:04] [GET] /api/consume/import-log from 127.0.0.1 cookie=***
[2026-09-12 21:11:04] [GET] /api/users from 127.0.0.1 cookie=***
[2026-09-12 21:11:04] [GET] /api/ops-log from 127.0.0.1 cookie=***
[2026-09-12 21:11:04] 
[2026-09-12 21:11:04] 
[2026-09-12 21:11:04] [GET] /api/settings from 127.0.0.1 cookie=***
[2026-09-12 21:11:04] 
[2026-09-12 21:11:04] [GET] /api/stats from 127.0.0.1 cookie=***
[2026-09-12 21:11:04] 
[2026-09-12 21:11:04] 
[2026-09-12 21:11:04] [21:11:04] "GET /api/consume/import-log HTTP/1.1" 200 -
[2026-09-12 21:11:04] 
[2026-09-12 21:11:04] [21:11:04] "GET /api/users HTTP/1.1" 200 -
[2026-09-12 21:11:04] 
[2026-09-12 21:11:04] [21:11:04] "GET /api/settings HTTP/1.1" 200 -
[2026-09-12 21:11:04] 
[2026-09-12 21:11:04] [21:11:04] "GET /api/ops-log HTTP/1.1" 200 -
[2026-09-12 21:11:04] 
[2026-09-12 21:11:04] [21:11:04] "GET /api/stats?_t=1789218664547 HTTP/1.1" 200 -
[2026-09-12 21:11:04] 
[2026-09-12 21:11:04] [GET] /api/health from 127.0.0.1 cookie=***
[2026-09-12 21:11:04] 
[2026-09-12 21:11:04] [21:11:04] "GET /api/health HTTP/1.1" 200 -
[2026-09-12 21:11:04] 
[2026-09-12 21:11:04] [GET] /api/mapping from 127.0.0.1 cookie=***
[2026-09-12 21:11:04] 
[2026-09-12 21:11:04] [GET] /api/recharge from 127.0.0.1 cookie=***
[2026-09-12 21:11:04] 
[2026-09-12 21:11:04] [GET] /api/payment from 127.0.0.1 cookie=***
[2026-09-12 21:11:04] 
[2026-09-12 21:11:04] [GET] /api/refund from 127.0.0.1 cookie=***
[2026-09-12 21:11:04] [GET] /api/client_status from 127.0.0.1 cookie=***
[2026-09-12 21:11:04] [GET] /api/consume from 127.0.0.1 cookie=***
[2026-09-12 21:11:04] 
[2026-09-12 21:11:04] 
[2026-09-12 21:11:04] 
[2026-09-12 21:11:04] [21:11:04] "GET /api/mapping HTTP/1.1" 200 -
[2026-09-12 21:11:04] 
[2026-09-12 21:11:04] [21:11:04] "GET /api/payment HTTP/1.1" 200 -
[2026-09-12 21:11:04] 
[2026-09-12 21:11:04] [GET] /api/service-fee from 127.0.0.1 cookie=***
[2026-09-12 21:11:04] [21:11:04] "GET /api/refund HTTP/1.1" 200 -
[2026-09-12 21:11:04] 
[2026-09-12 21:11:04] 
[2026-09-12 21:11:05] [GET] /api/meta/tokens from 127.0.0.1 cookie=***
[2026-09-12 21:11:05] [21:11:05] "GET /api/client_status HTTP/1.1" 200 -
[2026-09-12 21:11:05] 
[2026-09-12 21:11:05] [GET] /api/meta/auto-sync-cfg from 127.0.0.1 cookie=***
[2026-09-12 21:11:05] 
[2026-09-12 21:11:05] [21:11:05] "GET /api/service-fee HTTP/1.1" 200 -
[2026-09-12 21:11:05] 
[2026-09-12 21:11:05] 
[2026-09-12 21:11:05] [21:11:05] "GET /api/meta/tokens HTTP/1.1" 200 -
[2026-09-12 21:11:05] 
[2026-09-12 21:11:05] [21:11:05] "GET /api/meta/auto-sync-cfg HTTP/1.1" 200 -
[2026-09-12 21:11:05] 
[2026-09-12 21:11:05] [21:11:05] "GET /api/consume HTTP/1.1" 200 -
[2026-09-12 21:11:05] 
[2026-09-12 21:11:05] [21:11:05] "GET /api/recharge HTTP/1.1" 200 -
[2026-09-12 21:11:05] 
[2026-09-12 21:11:06] [GET] /api/consume/stats from 127.0.0.1 cookie=***
[2026-09-12 21:11:06] 
[2026-09-12 21:11:06] [GET] /api/stats from 127.0.0.1 cookie=***
[2026-09-12 21:11:06] 
[2026-09-12 21:11:06] [21:11:06] "GET /api/consume/stats HTTP/1.1" 200 -
[2026-09-12 21:11:06] 
[2026-09-12 21:11:06] [21:11:06] "GET /api/stats HTTP/1.1" 200 -
[2026-09-12 21:11:06] 
[2026-09-12 21:11:07] [GET]  from 127.0.0.1 cookie=***
[2026-09-12 21:11:07] 
[2026-09-12 21:11:07] [21:11:07] "GET / HTTP/1.1" 200 -
[2026-09-12 21:11:07] 
[2026-09-12 21:11:07] [GET] /xlsx.full.min.js from 127.0.0.1 cookie=***
[2026-09-12 21:11:07] 
[2026-09-12 21:11:07] [21:11:07] "GET /xlsx.full.min.js HTTP/1.1" 200 -
[2026-09-12 21:11:07] 
[2026-09-12 21:11:08] [GET] /api/auth/me from 127.0.0.1 cookie=***
[2026-09-12 21:11:08] 
[2026-09-12 21:11:08] [21:11:08] "GET /api/auth/me?t=1789218668024 HTTP/1.1" 200 -
[2026-09-12 21:11:08] 
[2026-09-12 21:11:08] [GET] /api/consume/import-log from 127.0.0.1 cookie=***
[2026-09-12 21:11:08] [GET] /api/users from 127.0.0.1 cookie=***
[2026-09-12 21:11:08] 
[2026-09-12 21:11:08] [GET] /api/ops-log from 127.0.0.1 cookie=***
[2026-09-12 21:11:08] 
[2026-09-12 21:11:08] [GET] /@vite/client from 127.0.0.1 cookie=***
[2026-09-12 21:11:08] [GET] /api/settings from 127.0.0.1 cookie=***
[2026-09-12 21:11:08] 
[2026-09-12 21:11:08] [GET] /api/stats from 127.0.0.1 cookie=***
[2026-09-12 21:11:08] 
[2026-09-12 21:11:08] 
[2026-09-12 21:11:08] 
[2026-09-12 21:11:08] [21:11:08] "GET /@vite/client HTTP/1.1" 404 -
[2026-09-12 21:11:08] 
[2026-09-12 21:11:08] [21:11:08] "GET /api/consume/import-log HTTP/1.1" 200 -
[2026-09-12 21:11:08] [21:11:08] "GET /api/users HTTP/1.1" 200 -
[2026-09-12 21:11:08] 
[2026-09-12 21:11:08] 
[2026-09-12 21:11:08] [21:11:08] "GET /api/settings HTTP/1.1" 200 -
[2026-09-12 21:11:08] 
[2026-09-12 21:11:08] [21:11:08] "GET /api/ops-log HTTP/1.1" 200 -
[2026-09-12 21:11:08] 
[2026-09-12 21:11:08] [21:11:08] "GET /api/stats?_t=1789218668087 HTTP/1.1" 200 -
[2026-09-12 21:11:08] 
[2026-09-12 21:11:08] [GET] /api/health from 127.0.0.1 cookie=***
[2026-09-12 21:11:08] 
[2026-09-12 21:11:08] [21:11:08] "GET /api/health HTTP/1.1" 200 -
[2026-09-12 21:11:08] 
[2026-09-12 21:11:08] [GET] /api/mapping from 127.0.0.1 cookie=***
[2026-09-12 21:11:08] [GET] /api/refund from 127.0.0.1 cookie=***
[2026-09-12 21:11:08] [GET] /api/client_status from 127.0.0.1 cookie=***
[2026-09-12 21:11:08] [GET] /api/consume from 127.0.0.1 cookie=***
[2026-09-12 21:11:08] 
[2026-09-12 21:11:08] [GET] /api/recharge from 127.0.0.1 cookie=***
[2026-09-12 21:11:08] 
[2026-09-12 21:11:08] 
[2026-09-12 21:11:08] 
[2026-09-12 21:11:08] [GET] /api/payment from 127.0.0.1 cookie=***
[2026-09-12 21:11:08] 
[2026-09-12 21:11:08] [21:11:08] "GET /api/refund HTTP/1.1" 200 -
[2026-09-12 21:11:08] 
[2026-09-12 21:11:08] 
[2026-09-12 21:11:08] [21:11:08] "GET /api/client_status HTTP/1.1" 200 -
[2026-09-12 21:11:08] [GET] /api/service-fee from 127.0.0.1 cookie=***
[2026-09-12 21:11:08] 
[2026-09-12 21:11:08] 
[2026-09-12 21:11:08] [GET] /api/meta/tokens from 127.0.0.1 cookie=***
[2026-09-12 21:11:08] 
[2026-09-12 21:11:08] [21:11:08] "GET /api/payment HTTP/1.1" 200 -
[2026-09-12 21:11:08] 
[2026-09-12 21:11:08] [21:11:08] "GET /api/mapping HTTP/1.1" 200 -
[2026-09-12 21:11:08] 
[2026-09-12 21:11:08] [GET] /api/meta/auto-sync-cfg from 127.0.0.1 cookie=***
[2026-09-12 21:11:08] 
[2026-09-12 21:11:08] [21:11:08] "GET /api/service-fee HTTP/1.1" 200 -
[2026-09-12 21:11:08] [21:11:08] "GET /api/consume HTTP/1.1" 200 -
[2026-09-12 21:11:08] 
[2026-09-12 21:11:08] [21:11:08] "GET /api/meta/tokens HTTP/1.1" 200 -
[2026-09-12 21:11:08] 
[2026-09-12 21:11:08] [21:11:08] "GET /api/meta/auto-sync-cfg HTTP/1.1" 200 -
[2026-09-12 21:11:08] 
[2026-09-12 21:11:08] 
[2026-09-12 21:11:08] [21:11:08] "GET /api/recharge HTTP/1.1" 200 -
[2026-09-12 21:11:08] 
[2026-09-12 21:11:09] [GET] /api/consume/stats from 127.0.0.1 cookie=***
[2026-09-12 21:11:09] 
[2026-09-12 21:11:09] [GET] /api/stats from 127.0.0.1 cookie=***
[2026-09-12 21:11:09] 
[2026-09-12 21:11:09] [GET] /api/health from 127.0.0.1 cookie=***
[2026-09-12 21:11:09] 
[2026-09-12 21:11:09] [21:11:09] "GET /api/health HTTP/1.1" 200 -
[2026-09-12 21:11:09] 
[2026-09-12 21:11:09] [21:11:09] "GET /api/consume/stats HTTP/1.1" 200 -
[2026-09-12 21:11:09] 
[2026-09-12 21:11:09] [GET] /api/mapping from 127.0.0.1 cookie=***
[2026-09-12 21:11:09] 
[2026-09-12 21:11:09] [GET] /api/recharge from 127.0.0.1 cookie=***
[2026-09-12 21:11:09] 
[2026-09-12 21:11:09] [21:11:09] "GET /api/stats HTTP/1.1" 200 -
[2026-09-12 21:11:09] [GET] /api/payment from 127.0.0.1 cookie=***
[2026-09-12 21:11:09] [GET] /api/refund from 127.0.0.1 cookie=***
[2026-09-12 21:11:09] [GET] /api/client_status from 127.0.0.1 cookie=***
[2026-09-12 21:11:09] 
[2026-09-12 21:11:09] 
[2026-09-12 21:11:09] 
[2026-09-12 21:11:09] [GET] /api/consume from 127.0.0.1 cookie=***
[2026-09-12 21:11:09] 
[2026-09-12 21:11:10] [21:11:10] "GET /api/mapping HTTP/1.1" 200 -
[2026-09-12 21:11:10] 
[2026-09-12 21:11:10] [21:11:10] "GET /api/refund HTTP/1.1" 200 -
[2026-09-12 21:11:10] [21:11:10] "GET /api/client_status HTTP/1.1" 200 -
[2026-09-12 21:11:10] 
[2026-09-12 21:11:10] 
[2026-09-12 21:11:10] [21:11:10] "GET /api/payment HTTP/1.1" 200 -
[2026-09-12 21:11:10] [GET] /api/service-fee from 127.0.0.1 cookie=***
[2026-09-12 21:11:10] 
[2026-09-12 21:11:10] 
[2026-09-12 21:11:10] 
[2026-09-12 21:11:10] [21:11:10] "GET /api/consume HTTP/1.1" 200 -
[2026-09-12 21:11:10] 
[2026-09-12 21:11:10] [21:11:10] "GET /api/service-fee HTTP/1.1" 200 -
[2026-09-12 21:11:10] 
[2026-09-12 21:11:10] [21:11:10] "GET /api/recharge HTTP/1.1" 200 -
[2026-09-12 21:11:10] 
[2026-09-12 21:11:12] [GET] /api/stats from 127.0.0.1 cookie=***
[2026-09-12 21:11:12] 
[2026-09-12 21:11:12] [GET] /api/consume/stats from 127.0.0.1 cookie=***
[2026-09-12 21:11:12] 
[2026-09-12 21:11:13] [21:11:13] "GET /api/consume/stats HTTP/1.1" 200 -
[2026-09-12 21:11:13] 
[2026-09-12 21:11:13] [21:11:13] "GET /api/stats HTTP/1.1" 200 -
[2026-09-12 21:11:13] 
[2026-09-12 21:11:21] [GET] /api/consume/import-log from 127.0.0.1 cookie=***
[2026-09-12 21:11:21] 
[2026-09-12 21:11:21] [21:11:21] "GET /api/consume/import-log HTTP/1.1" 200 -
[2026-09-12 21:11:21] 
[2026-09-12 21:11:21] [GET] /api/health from 127.0.0.1 cookie=***
[2026-09-12 21:11:21] 
[2026-09-12 21:11:21] [21:11:21] "GET /api/health HTTP/1.1" 200 -
[2026-09-12 21:11:21] 
[2026-09-12 21:11:21] [GET] /api/mapping from 127.0.0.1 cookie=***
[2026-09-12 21:11:21] [GET] /api/recharge from 127.0.0.1 cookie=***
[2026-09-12 21:11:21] [GET] /api/payment from 127.0.0.1 cookie=***
[2026-09-12 21:11:21] [GET] /api/client_status from 127.0.0.1 cookie=***
[2026-09-12 21:11:21] [GET] /api/consume from 127.0.0.1 cookie=***
[2026-09-12 21:11:21] 
[2026-09-12 21:11:21] 
[2026-09-12 21:11:21] [GET] /api/refund from 127.0.0.1 cookie=***
[2026-09-12 21:11:21] 
[2026-09-12 21:11:21] 
[2026-09-12 21:11:21] 
[2026-09-12 21:11:21] 
[2026-09-12 21:11:21] [21:11:21] "GET /api/mapping HTTP/1.1" 200 -
[2026-09-12 21:11:21] [21:11:21] "GET /api/refund HTTP/1.1" 200 -
[2026-09-12 21:11:21] [21:11:21] "GET /api/payment HTTP/1.1" 200 -
[2026-09-12 21:11:21] 
[2026-09-12 21:11:21] 
[2026-09-12 21:11:21] 
[2026-09-12 21:11:21] [GET] /api/service-fee from 127.0.0.1 cookie=***
[2026-09-12 21:11:21] 
[2026-09-12 21:11:21] [21:11:21] "GET /api/client_status HTTP/1.1" 200 -
[2026-09-12 21:11:21] 
[2026-09-12 21:11:21] [21:11:21] "GET /api/service-fee HTTP/1.1" 200 -
[2026-09-12 21:11:21] 
[2026-09-12 21:11:21] [21:11:21] "GET /api/consume HTTP/1.1" 200 -
[2026-09-12 21:11:21] 
[2026-09-12 21:11:21] [21:11:21] "GET /api/recharge HTTP/1.1" 200 -
[2026-09-12 21:11:21] 
[2026-09-12 21:11:23] [GET] /api/stats from 127.0.0.1 cookie=***
[2026-09-12 21:11:23] 
[2026-09-12 21:11:23] [GET] /api/consume/stats from 127.0.0.1 cookie=***
[2026-09-12 21:11:23] 
[2026-09-12 21:11:23] [21:11:23] "GET /api/consume/stats HTTP/1.1" 200 -
[2026-09-12 21:11:23] 
[2026-09-12 21:11:23] [21:11:23] "GET /api/stats HTTP/1.1" 200 -
[2026-09-12 21:11:23] 
[2026-09-12 21:11:24] [GET] /api/health from 127.0.0.1 cookie=***
[2026-09-12 21:11:24] 
[2026-09-12 21:11:24] [21:11:24] "GET /api/health HTTP/1.1" 200 -
[2026-09-12 21:11:24] 
[2026-09-12 21:11:24] [GET] /api/mapping from 127.0.0.1 cookie=***
[2026-09-12 21:11:24] [GET] /api/consume from 127.0.0.1 cookie=***
[2026-09-12 21:11:24] [GET] /api/refund from 127.0.0.1 cookie=***
[2026-09-12 21:11:24] [GET] /api/recharge from 127.0.0.1 cookie=***
[2026-09-12 21:11:24] 
[2026-09-12 21:11:24] [GET] /api/client_status from 127.0.0.1 cookie=***
[2026-09-12 21:11:24] [GET] /api/payment from 127.0.0.1 cookie=***
[2026-09-12 21:11:24] 
[2026-09-12 21:11:24] 
[2026-09-12 21:11:24] 
[2026-09-12 21:11:24] 
[2026-09-12 21:11:24] 
[2026-09-12 21:11:24] [21:11:24] "GET /api/payment HTTP/1.1" 200 -
[2026-09-12 21:11:24] 
[2026-09-12 21:11:24] [21:11:24] "GET /api/mapping HTTP/1.1" 200 -
[2026-09-12 21:11:24] [21:11:24] "GET /api/refund HTTP/1.1" 200 -
[2026-09-12 21:11:24] 
[2026-09-12 21:11:24] [21:11:24] "GET /api/client_status HTTP/1.1" 200 -
[2026-09-12 21:11:24] [GET] /api/service-fee from 127.0.0.1 cookie=***
[2026-09-12 21:11:24] 
[2026-09-12 21:11:24] [21:11:24] "GET /api/consume HTTP/1.1" 200 -
[2026-09-12 21:11:24] 
[2026-09-12 21:11:24] 
[2026-09-12 21:11:24] 
[2026-09-12 21:11:24] [21:11:24] "GET /api/service-fee HTTP/1.1" 200 -
[2026-09-12 21:11:24] 
[2026-09-12 21:11:24] [21:11:24] "GET /api/recharge HTTP/1.1" 200 -
[2026-09-12 21:11:24] 
[2026-09-12 21:11:26] [GET] /api/stats from 127.0.0.1 cookie=***
[2026-09-12 21:11:26] 
[2026-09-12 21:11:26] [GET] /api/consume/stats from 127.0.0.1 cookie=***
[2026-09-12 21:11:26] 
[2026-09-12 21:11:26] [21:11:26] "GET /api/consume/stats HTTP/1.1" 200 -
[2026-09-12 21:11:26] 
[2026-09-12 21:11:26] [21:11:26] "GET /api/stats HTTP/1.1" 200 -
[2026-09-12 21:11:26] 
[2026-09-12 21:11:40] [GET] /api/stats from 127.0.0.1 cookie=***
[2026-09-12 21:11:40] 
[2026-09-12 21:11:40] [21:11:40] "GET /api/stats HTTP/1.1" 200 -
[2026-09-12 21:11:40] 
[2026-09-12 21:12:10] [GET] /api/stats from 127.0.0.1 cookie=***
[2026-09-12 21:12:10] 
[2026-09-12 21:12:10] [21:12:10] "GET /api/stats HTTP/1.1" 200 -
[2026-09-12 21:12:10] 
[2026-09-12 21:12:40] [GET] /api/stats from 127.0.0.1 cookie=***
[2026-09-12 21:12:40] 
[2026-09-12 21:12:40] [21:12:40] "GET /api/stats HTTP/1.1" 200 -
[2026-09-12 21:12:40] 
[2026-09-12 21:13:06] [boot] 日志重定向已启用 -> /Users/mac/Library/Application Support/TRAE SOLO CN/ModularData/ai-agent/work-mode-projects/6aa2769ead555511aa7a9041/fb_project/FB广告账户管理系统 v3.912/data/server.log
[2026-09-12 21:13:06] 
[2026-09-12 21:13:06] [preload] ✅ 预加载 2 个静态文件 (1371KB → 442KB gzip, 节省 68%)
[2026-09-12 21:13:06] 
[2026-09-12 21:13:06] =======================================================
[2026-09-12 21:13:06] 
[2026-09-12 21:13:06]   FB 广告账户管理系统 v4 · 单机完整版
[2026-09-12 21:13:06] 
[2026-09-12 21:13:06]   地址: http://localhost:3000
[2026-09-12 21:13:06] 
[2026-09-12 21:13:06]   数据目录: /Users/mac/Library/Application Support/TRAE SOLO CN/ModularData/ai-agent/work-mode-projects/6aa2769ead555511aa7a9041/fb_project/FB广告账户管理系统 v3.912/data
[2026-09-12 21:13:06] 
[2026-09-12 21:13:06]   默认账号: admin / admin123456
[2026-09-12 21:13:06] 
[2026-09-12 21:13:06]   按 Ctrl+C 停止
[2026-09-12 21:13:06] 
[2026-09-12 21:13:06] =======================================================
[2026-09-12 21:13:06] 
[2026-09-12 21:13:10] [GET] /api/stats from 127.0.0.1 cookie=***
[2026-09-12 21:13:10] 
[2026-09-12 21:13:11] [21:13:11] "GET /api/stats HTTP/1.1" 200 -
[2026-09-12 21:13:11] 
[2026-09-12 21:13:25] [GET]  from 127.0.0.1 cookie=***
[2026-09-12 21:13:25] 
[2026-09-12 21:13:25] [21:13:25] "GET / HTTP/1.1" 200 -
[2026-09-12 21:13:25] 
[2026-09-12 21:13:25] [GET] /xlsx.full.min.js from 127.0.0.1 cookie=***
[2026-09-12 21:13:25] 
[2026-09-12 21:13:25] [21:13:25] "GET /xlsx.full.min.js HTTP/1.1" 200 -
[2026-09-12 21:13:25] 
[2026-09-12 21:13:25] [GET] /api/auth/me from 127.0.0.1 cookie=***
[2026-09-12 21:13:25] 
[2026-09-12 21:13:25] [21:13:25] "GET /api/auth/me?t=1789218805869 HTTP/1.1" 200 -
[2026-09-12 21:13:25] 
[2026-09-12 21:13:25] [GET] /api/consume/import-log from 127.0.0.1 cookie=***
[2026-09-12 21:13:25] [GET] /api/settings from 127.0.0.1 cookie=***
[2026-09-12 21:13:25] [GET] /api/users from 127.0.0.1 cookie=***
[2026-09-12 21:13:25] [GET] /api/ops-log from 127.0.0.1 cookie=***
[2026-09-12 21:13:25] 
[2026-09-12 21:13:25] 
[2026-09-12 21:13:25] [GET] /api/stats from 127.0.0.1 cookie=***
[2026-09-12 21:13:25] 
[2026-09-12 21:13:25] 
[2026-09-12 21:13:25] 
[2026-09-12 21:13:25] [21:13:25] "GET /api/settings HTTP/1.1" 200 -
[2026-09-12 21:13:25] 
[2026-09-12 21:13:25] [21:13:25] "GET /api/ops-log HTTP/1.1" 200 -
[2026-09-12 21:13:25] [21:13:25] "GET /api/users HTTP/1.1" 200 -
[2026-09-12 21:13:25] 
[2026-09-12 21:13:25] 
[2026-09-12 21:13:26] [21:13:26] "GET /api/consume/import-log HTTP/1.1" 200 -
[2026-09-12 21:13:26] [GET] /@vite/client from 127.0.0.1 cookie=***
[2026-09-12 21:13:26] 
[2026-09-12 21:13:26] 
[2026-09-12 21:13:26] [21:13:26] "GET /@vite/client HTTP/1.1" 404 -
[2026-09-12 21:13:26] 
[2026-09-12 21:13:26] [21:13:26] "GET /api/stats?_t=1789218805906 HTTP/1.1" 200 -
[2026-09-12 21:13:26] 
[2026-09-12 21:13:26] [GET] /api/health from 127.0.0.1 cookie=***
[2026-09-12 21:13:26] 
[2026-09-12 21:13:26] [21:13:26] "GET /api/health HTTP/1.1" 200 -
[2026-09-12 21:13:26] 
[2026-09-12 21:13:26] [GET] /api/mapping from 127.0.0.1 cookie=***
[2026-09-12 21:13:26] [GET] /api/recharge from 127.0.0.1 cookie=***
[2026-09-12 21:13:26] [GET] /api/refund from 127.0.0.1 cookie=***
[2026-09-12 21:13:26] [GET] /api/client_status from 127.0.0.1 cookie=***
[2026-09-12 21:13:26] [GET] /api/payment from 127.0.0.1 cookie=***
[2026-09-12 21:13:26] 
[2026-09-12 21:13:26] 
[2026-09-12 21:13:26] 
[2026-09-12 21:13:26] 
[2026-09-12 21:13:26] [GET] /api/consume from 127.0.0.1 cookie=***
[2026-09-12 21:13:26] 
[2026-09-12 21:13:26] 
[2026-09-12 21:13:26] [21:13:26] "GET /api/payment HTTP/1.1" 200 -
[2026-09-12 21:13:26] 
[2026-09-12 21:13:26] [GET] /api/service-fee from 127.0.0.1 cookie=***
[2026-09-12 21:13:26] 
[2026-09-12 21:13:26] [21:13:26] "GET /api/refund HTTP/1.1" 200 -
[2026-09-12 21:13:26] 
[2026-09-12 21:13:26] [21:13:26] "GET /api/client_status HTTP/1.1" 200 -
[2026-09-12 21:13:26] 
[2026-09-12 21:13:26] [GET] /api/meta/tokens from 127.0.0.1 cookie=***
[2026-09-12 21:13:26] 
[2026-09-12 21:13:26] [GET] /api/meta/auto-sync-cfg from 127.0.0.1 cookie=***
[2026-09-12 21:13:26] [21:13:26] "GET /api/mapping HTTP/1.1" 200 -
[2026-09-12 21:13:26] 
[2026-09-12 21:13:26] [21:13:26] "GET /api/meta/tokens HTTP/1.1" 200 -
[2026-09-12 21:13:26] 
[2026-09-12 21:13:26] [21:13:26] "GET /api/service-fee HTTP/1.1" 200 -
[2026-09-12 21:13:26] 
[2026-09-12 21:13:26] [21:13:26] "GET /api/consume HTTP/1.1" 200 -
[2026-09-12 21:13:26] [21:13:26] "GET /api/meta/auto-sync-cfg HTTP/1.1" 200 -
[2026-09-12 21:13:26] 
[2026-09-12 21:13:26] 
[2026-09-12 21:13:26] 
[2026-09-12 21:13:26] [21:13:26] "GET /api/recharge HTTP/1.1" 200 -
[2026-09-12 21:13:26] 
[2026-09-12 21:13:27] [GET] /api/stats from 127.0.0.1 cookie=***
[2026-09-12 21:13:27] 
[2026-09-12 21:13:27] [GET] /api/consume/stats from 127.0.0.1 cookie=***
[2026-09-12 21:13:27] 
[2026-09-12 21:13:28] [21:13:28] "GET /api/stats HTTP/1.1" 200 -
[2026-09-12 21:13:28] 
[2026-09-12 21:13:28] [刷新匹配] 保留 10879 条, 更新了 0 条
[2026-09-12 21:13:28] 
[2026-09-12 21:13:29] [21:13:29] "GET /api/consume/stats HTTP/1.1" 200 -
[2026-09-12 21:13:29] 
[2026-09-12 21:13:49] [GET] /api/stats from 127.0.0.1 cookie=***
[2026-09-12 21:13:49] 
[2026-09-12 21:13:49] [21:13:49] "GET /api/stats HTTP/1.1" 200 -
[2026-09-12 21:13:49] 
[2026-09-12 21:14:00] [GET] /api/stats from 127.0.0.1 cookie=***
[2026-09-12 21:14:00] 
[2026-09-12 21:14:00] [21:14:00] "GET /api/stats HTTP/1.1" 200 -
[2026-09-12 21:14:00] 
[2026-09-12 21:14:21] [GET] /api/stats from 127.0.0.1 cookie=***
[2026-09-12 21:14:21] 
[2026-09-12 21:14:21] [21:14:21] "GET /api/stats HTTP/1.1" 200 -
[2026-09-12 21:14:21] 
[2026-09-12 21:14:30] [GET] /api/stats from 127.0.0.1 cookie=***
[2026-09-12 21:14:30] 
[2026-09-12 21:14:30] [21:14:30] "GET /api/stats HTTP/1.1" 200 -
[2026-09-12 21:14:30] 
[2026-09-12 21:14:45] [GET] /api/stats from 127.0.0.1 cookie=***
[2026-09-12 21:14:45] 
[2026-09-12 21:14:45] [21:14:45] "GET /api/stats HTTP/1.1" 200 -
[2026-09-12 21:14:45] 
[2026-09-12 21:15:00] [GET] /api/stats from 127.0.0.1 cookie=***
[2026-09-12 21:15:00] 
[2026-09-12 21:15:00] [21:15:00] "GET /api/stats HTTP/1.1" 200 -
[2026-09-12 21:15:00] 
[2026-09-12 21:15:30] [GET] /api/stats from 127.0.0.1 cookie=***
[2026-09-12 21:15:30] 
[2026-09-12 21:15:30] [21:15:30] "GET /api/stats HTTP/1.1" 200 -
[2026-09-12 21:15:30] 
[2026-09-12 21:15:46] [GET] /api/stats from 127.0.0.1 cookie=***
[2026-09-12 21:15:46] 
[2026-09-12 21:15:46] [21:15:46] "GET /api/stats HTTP/1.1" 200 -
[2026-09-12 21:15:46] 
[2026-09-12 21:16:00] [GET] /api/stats from 127.0.0.1 cookie=***
[2026-09-12 21:16:00] 
[2026-09-12 21:16:00] [21:16:00] "GET /api/stats HTTP/1.1" 200 -
[2026-09-12 21:16:00] 
[2026-09-12 21:16:30] [GET] /api/stats from 127.0.0.1 cookie=***
[2026-09-12 21:16:30] 
[2026-09-12 21:16:30] [21:16:30] "GET /api/stats HTTP/1.1" 200 -
[2026-09-12 21:16:30] 
[2026-09-12 21:16:57] [GET] /api/stats from 127.0.0.1 cookie=***
[2026-09-12 21:16:57] 
[2026-09-12 21:16:57] [21:16:57] "GET /api/stats HTTP/1.1" 200 -
[2026-09-12 21:16:57] 
[2026-09-12 21:16:59] [boot] 日志重定向已启用 -> /Users/mac/Library/Application Support/TRAE SOLO CN/ModularData/ai-agent/work-mode-projects/6aa2769ead555511aa7a9041/fb_project/FB广告账户管理系统 v3.912/data/server.log
[2026-09-12 21:16:59] 
[2026-09-12 21:16:59] [preload] ✅ 预加载 2 个静态文件 (1371KB → 442KB gzip, 节省 68%)
[2026-09-12 21:16:59] 
[2026-09-12 21:16:59] =======================================================
[2026-09-12 21:16:59] 
[2026-09-12 21:16:59]   FB 广告账户管理系统 v4 · 单机完整版
[2026-09-12 21:16:59] 
[2026-09-12 21:16:59]   地址: http://localhost:3000
[2026-09-12 21:16:59] 
[2026-09-12 21:16:59]   数据目录: /Users/mac/Library/Application Support/TRAE SOLO CN/ModularData/ai-agent/work-mode-projects/6aa2769ead555511aa7a9041/fb_project/FB广告账户管理系统 v3.912/data
[2026-09-12 21:16:59] 
[2026-09-12 21:16:59]   默认账号: admin / admin123456
[2026-09-12 21:16:59] 
[2026-09-12 21:16:59]   按 Ctrl+C 停止
[2026-09-12 21:16:59] 
[2026-09-12 21:16:59] =======================================================
[2026-09-12 21:16:59] 
[2026-09-12 21:17:00] [GET] /api/stats from 127.0.0.1 cookie=***
[2026-09-12 21:17:00] 
[2026-09-12 21:17:00] [21:17:00] "GET /api/stats HTTP/1.1" 200 -
[2026-09-12 21:17:00] 
[2026-09-12 21:17:29] [GET]  from 127.0.0.1 cookie=***
[2026-09-12 21:17:29] 
[2026-09-12 21:17:29] [21:17:29] "GET / HTTP/1.1" 200 -
[2026-09-12 21:17:29] 
[2026-09-12 21:17:30] [GET] /xlsx.full.min.js from 127.0.0.1 cookie=***
[2026-09-12 21:17:30] 
[2026-09-12 21:17:30] [21:17:30] "GET /xlsx.full.min.js HTTP/1.1" 200 -
[2026-09-12 21:17:30] 
[2026-09-12 21:17:30] [GET] /api/auth/me from 127.0.0.1 cookie=***
[2026-09-12 21:17:30] 
[2026-09-12 21:17:30] [21:17:30] "GET /api/auth/me?t=1789219050353 HTTP/1.1" 200 -
[2026-09-12 21:17:30] 
[2026-09-12 21:17:30] [GET] /api/users from 127.0.0.1 cookie=***
[2026-09-12 21:17:30] [GET] /api/consume/import-log from 127.0.0.1 cookie=***
[2026-09-12 21:17:30] [GET] /api/ops-log from 127.0.0.1 cookie=***
[2026-09-12 21:17:30] [GET] /api/settings from 127.0.0.1 cookie=***
[2026-09-12 21:17:30] [GET] /api/stats from 127.0.0.1 cookie=***
[2026-09-12 21:17:30] 
[2026-09-12 21:17:30] 
[2026-09-12 21:17:30] 
[2026-09-12 21:17:30] 
[2026-09-12 21:17:30] 
[2026-09-12 21:17:30] [21:17:30] "GET /api/users HTTP/1.1" 200 -
[2026-09-12 21:17:30] 
[2026-09-12 21:17:30] [21:17:30] "GET /api/consume/import-log HTTP/1.1" 200 -
[2026-09-12 21:17:30] 
[2026-09-12 21:17:30] [21:17:30] "GET /api/settings HTTP/1.1" 200 -
[2026-09-12 21:17:30] 
[2026-09-12 21:17:30] [GET] /@vite/client from 127.0.0.1 cookie=***
[2026-09-12 21:17:30] 
[2026-09-12 21:17:30] [21:17:30] "GET /@vite/client HTTP/1.1" 404 -
[2026-09-12 21:17:30] 
[2026-09-12 21:17:30] [21:17:30] "GET /api/ops-log HTTP/1.1" 200 -
[2026-09-12 21:17:30] 
[2026-09-12 21:17:30] [21:17:30] "GET /api/stats?_t=1789219050389 HTTP/1.1" 200 -
[2026-09-12 21:17:30] 
[2026-09-12 21:17:30] [GET] /api/health from 127.0.0.1 cookie=***
[2026-09-12 21:17:30] 
[2026-09-12 21:17:30] [21:17:30] "GET /api/health HTTP/1.1" 200 -
[2026-09-12 21:17:30] 
[2026-09-12 21:17:30] [GET] /api/mapping from 127.0.0.1 cookie=***
[2026-09-12 21:17:30] 
[2026-09-12 21:17:30] [GET] /api/recharge from 127.0.0.1 cookie=***
[2026-09-12 21:17:30] 
[2026-09-12 21:17:30] [GET] /api/payment from 127.0.0.1 cookie=***
[2026-09-12 21:17:30] [GET] /api/refund from 127.0.0.1 cookie=***
[2026-09-12 21:17:30] [GET] /api/client_status from 127.0.0.1 cookie=***
[2026-09-12 21:17:30] 
[2026-09-12 21:17:30] [GET] /api/consume from 127.0.0.1 cookie=***
[2026-09-12 21:17:30] 
[2026-09-12 21:17:30] 
[2026-09-12 21:17:30] 
[2026-09-12 21:17:30] [21:17:30] "GET /api/mapping HTTP/1.1" 200 -
[2026-09-12 21:17:30] 
[2026-09-12 21:17:30] [21:17:30] "GET /api/payment HTTP/1.1" 200 -
[2026-09-12 21:17:30] [GET] /api/service-fee from 127.0.0.1 cookie=***
[2026-09-12 21:17:30] 
[2026-09-12 21:17:30] [21:17:30] "GET /api/client_status HTTP/1.1" 200 -
[2026-09-12 21:17:30] 
[2026-09-12 21:17:30] 
[2026-09-12 21:17:31] [GET] /api/meta/tokens from 127.0.0.1 cookie=***
[2026-09-12 21:17:31] [21:17:30] "GET /api/refund HTTP/1.1" 200 -
[2026-09-12 21:17:31] 
[2026-09-12 21:17:31] 
[2026-09-12 21:17:31] [GET] /api/meta/auto-sync-cfg from 127.0.0.1 cookie=***
[2026-09-12 21:17:31] 
[2026-09-12 21:17:31] [21:17:31] "GET /api/service-fee HTTP/1.1" 200 -
[2026-09-12 21:17:31] 
[2026-09-12 21:17:31] [21:17:31] "GET /api/meta/tokens HTTP/1.1" 200 -
[2026-09-12 21:17:31] 
[2026-09-12 21:17:31] [21:17:31] "GET /api/meta/auto-sync-cfg HTTP/1.1" 200 -
[2026-09-12 21:17:31] 
[2026-09-12 21:17:31] [21:17:31] "GET /api/consume HTTP/1.1" 200 -
[2026-09-12 21:17:31] 
[2026-09-12 21:17:31] [21:17:31] "GET /api/recharge HTTP/1.1" 200 -
[2026-09-12 21:17:31] 
[2026-09-12 21:17:32] [GET] /api/stats from 127.0.0.1 cookie=***
[2026-09-12 21:17:32] [GET] /api/consume/stats from 127.0.0.1 cookie=***
[2026-09-12 21:17:32] 
[2026-09-12 21:17:32] 
[2026-09-12 21:17:32] [21:17:32] "GET /api/stats HTTP/1.1" 200 -
[2026-09-12 21:17:32] 
[2026-09-12 21:17:32] [刷新匹配] 保留 10879 条, 更新了 0 条
[2026-09-12 21:17:32] 
[2026-09-12 21:17:33] [21:17:33] "GET /api/consume/stats HTTP/1.1" 200 -
[2026-09-12 21:17:33] 
[2026-09-12 21:17:37] [GET] /api/stats from 127.0.0.1 cookie=***
[2026-09-12 21:17:37] 
[2026-09-12 21:17:37] [21:17:37] "GET /api/stats HTTP/1.1" 200 -
[2026-09-12 21:17:37] 
[2026-09-12 21:17:58] [GET] /api/stats from 127.0.0.1 cookie=***
[2026-09-12 21:17:58] 
[2026-09-12 21:17:58] [21:17:58] "GET /api/stats HTTP/1.1" 200 -
[2026-09-12 21:17:58] 
[2026-09-12 21:18:03] [GET]  from 127.0.0.1 cookie=***
[2026-09-12 21:18:03] 
[2026-09-12 21:18:03] [21:18:03] "GET / HTTP/1.1" 200 -
[2026-09-12 21:18:03] 
[2026-09-12 21:18:03] [GET] /xlsx.full.min.js from 127.0.0.1 cookie=***
[2026-09-12 21:18:03] 
[2026-09-12 21:18:03] [21:18:03] "GET /xlsx.full.min.js HTTP/1.1" 200 -
[2026-09-12 21:18:03] 
[2026-09-12 21:18:03] [GET] /api/auth/me from 127.0.0.1 cookie=***
[2026-09-12 21:18:03] 
[2026-09-12 21:18:03] [21:18:03] "GET /api/auth/me?t=1789219083228 HTTP/1.1" 200 -
[2026-09-12 21:18:03] 
[2026-09-12 21:18:03] [GET] /@vite/client from 127.0.0.1 cookie=***
[2026-09-12 21:18:03] [GET] /api/users from 127.0.0.1 cookie=***
[2026-09-12 21:18:03] [GET] /api/ops-log from 127.0.0.1 cookie=***
[2026-09-12 21:18:03] [GET] /api/consume/import-log from 127.0.0.1 cookie=***
[2026-09-12 21:18:03] [GET] /api/stats from 127.0.0.1 cookie=***
[2026-09-12 21:18:03] [GET] /api/settings from 127.0.0.1 cookie=***
[2026-09-12 21:18:03] 
[2026-09-12 21:18:03] 
[2026-09-12 21:18:03] 
[2026-09-12 21:18:03] 
[2026-09-12 21:18:03] 
[2026-09-12 21:18:03] 
[2026-09-12 21:18:03] [21:18:03] "GET /@vite/client HTTP/1.1" 404 -
[2026-09-12 21:18:03] 
[2026-09-12 21:18:03] [21:18:03] "GET /api/ops-log HTTP/1.1" 200 -
[2026-09-12 21:18:03] 
[2026-09-12 21:18:03] [21:18:03] "GET /api/users HTTP/1.1" 200 -
[2026-09-12 21:18:03] 
[2026-09-12 21:18:03] [21:18:03] "GET /api/settings HTTP/1.1" 200 -
[2026-09-12 21:18:03] 
[2026-09-12 21:18:03] [21:18:03] "GET /api/consume/import-log HTTP/1.1" 200 -
[2026-09-12 21:18:03] 
[2026-09-12 21:18:03] [21:18:03] "GET /api/stats?_t=1789219083266 HTTP/1.1" 200 -
[2026-09-12 21:18:03] 
[2026-09-12 21:18:03] [GET] /api/health from 127.0.0.1 cookie=***
[2026-09-12 21:18:03] 
[2026-09-12 21:18:03] [21:18:03] "GET /api/health HTTP/1.1" 200 -
[2026-09-12 21:18:03] 
[2026-09-12 21:18:03] [GET] /api/mapping from 127.0.0.1 cookie=***
[2026-09-12 21:18:03] 
[2026-09-12 21:18:03] [GET] /api/recharge from 127.0.0.1 cookie=***
[2026-09-12 21:18:03] [GET] /api/payment from 127.0.0.1 cookie=***
[2026-09-12 21:18:03] 
[2026-09-12 21:18:03] 
[2026-09-12 21:18:03] [GET] /api/client_status from 127.0.0.1 cookie=***
[2026-09-12 21:18:03] [GET] /api/consume from 127.0.0.1 cookie=***
[2026-09-12 21:18:03] [GET] /api/refund from 127.0.0.1 cookie=***
[2026-09-12 21:18:03] 
[2026-09-12 21:18:03] 
[2026-09-12 21:18:03] 
[2026-09-12 21:18:03] [21:18:03] "GET /api/payment HTTP/1.1" 200 -
[2026-09-12 21:18:03] 
[2026-09-12 21:18:03] [21:18:03] "GET /api/mapping HTTP/1.1" 200 -
[2026-09-12 21:18:03] [GET] /api/service-fee from 127.0.0.1 cookie=***
[2026-09-12 21:18:03] 
[2026-09-12 21:18:03] 
[2026-09-12 21:18:03] [21:18:03] "GET /api/client_status HTTP/1.1" 200 -
[2026-09-12 21:18:03] 
[2026-09-12 21:18:03] [21:18:03] "GET /api/refund HTTP/1.1" 200 -
[2026-09-12 21:18:03] [GET] /api/meta/tokens from 127.0.0.1 cookie=***
[2026-09-12 21:18:03] 
[2026-09-12 21:18:03] 
[2026-09-12 21:18:03] [21:18:03] "GET /api/consume HTTP/1.1" 200 -
[2026-09-12 21:18:03] [GET] /api/meta/auto-sync-cfg from 127.0.0.1 cookie=***
[2026-09-12 21:18:04] 
[2026-09-12 21:18:04] 
[2026-09-12 21:18:04] [21:18:03] "GET /api/service-fee HTTP/1.1" 200 -
[2026-09-12 21:18:04] 
[2026-09-12 21:18:04] [21:18:04] "GET /api/meta/tokens HTTP/1.1" 200 -
[2026-09-12 21:18:04] 
[2026-09-12 21:18:04] [21:18:04] "GET /api/meta/auto-sync-cfg HTTP/1.1" 200 -
[2026-09-12 21:18:04] 
[2026-09-12 21:18:04] [21:18:04] "GET /api/recharge HTTP/1.1" 200 -
[2026-09-12 21:18:04] 
[2026-09-12 21:18:04] [GET] /api/stats from 127.0.0.1 cookie=***
[2026-09-12 21:18:04] 
[2026-09-12 21:18:04] [GET] /api/consume/stats from 127.0.0.1 cookie=***
[2026-09-12 21:18:04] 
[2026-09-12 21:18:05] [21:18:05] "GET /api/stats HTTP/1.1" 200 -
[2026-09-12 21:18:05] 
[2026-09-12 21:18:05] [21:18:05] "GET /api/consume/stats HTTP/1.1" 200 -
[2026-09-12 21:18:05] 
[2026-09-12 21:18:05] [GET] /api/stats from 127.0.0.1 cookie=***
[2026-09-12 21:18:05] 
[2026-09-12 21:18:05] [21:18:05] "GET /api/stats HTTP/1.1" 200 -
[2026-09-12 21:18:05] 
[2026-09-12 21:18:27] [GET] /api/consume/import-log from 127.0.0.1 cookie=***
[2026-09-12 21:18:27] 
[2026-09-12 21:18:27] [21:18:27] "GET /api/consume/import-log HTTP/1.1" 200 -
[2026-09-12 21:18:27] 
[2026-09-12 21:18:27] [GET] /api/health from 127.0.0.1 cookie=***
[2026-09-12 21:18:27] 
[2026-09-12 21:18:27] [21:18:27] "GET /api/health HTTP/1.1" 200 -
[2026-09-12 21:18:27] 
[2026-09-12 21:18:27] [GET] /api/mapping from 127.0.0.1 cookie=***
[2026-09-12 21:18:27] [GET] /api/payment from 127.0.0.1 cookie=***
[2026-09-12 21:18:27] [GET] /api/client_status from 127.0.0.1 cookie=***
[2026-09-12 21:18:27] [GET] /api/refund from 127.0.0.1 cookie=***
[2026-09-12 21:18:27] 
[2026-09-12 21:18:27] 
[2026-09-12 21:18:27] [GET] /api/consume from 127.0.0.1 cookie=***
[2026-09-12 21:18:27] 
[2026-09-12 21:18:27] [GET] /api/recharge from 127.0.0.1 cookie=***
[2026-09-12 21:18:27] 
[2026-09-12 21:18:27] 
[2026-09-12 21:18:27] 
[2026-09-12 21:18:27] [21:18:27] "GET /api/client_status HTTP/1.1" 200 -
[2026-09-12 21:18:27] 
[2026-09-12 21:18:27] [21:18:27] "GET /api/payment HTTP/1.1" 200 -
[2026-09-12 21:18:27] 
[2026-09-12 21:18:27] [GET] /api/service-fee from 127.0.0.1 cookie=***
[2026-09-12 21:18:27] 
[2026-09-12 21:18:27] [21:18:27] "GET /api/refund HTTP/1.1" 200 -
[2026-09-12 21:18:27] [21:18:27] "GET /api/mapping HTTP/1.1" 200 -
[2026-09-12 21:18:27] 
[2026-09-12 21:18:27] 
[2026-09-12 21:18:27] [21:18:27] "GET /api/service-fee HTTP/1.1" 200 -
[2026-09-12 21:18:27] 
[2026-09-12 21:18:27] [21:18:27] "GET /api/consume HTTP/1.1" 200 -
[2026-09-12 21:18:27] 
[2026-09-12 21:18:27] [21:18:27] "GET /api/recharge HTTP/1.1" 200 -
[2026-09-12 21:18:27] 
[2026-09-12 21:18:29] [GET] /api/stats from 127.0.0.1 cookie=***
[2026-09-12 21:18:29] 
[2026-09-12 21:18:29] [GET] /api/consume/stats from 127.0.0.1 cookie=***
[2026-09-12 21:18:29] 
[2026-09-12 21:18:29] [21:18:29] "GET /api/consume/stats HTTP/1.1" 200 -
[2026-09-12 21:18:29] 
[2026-09-12 21:18:29] [21:18:29] "GET /api/stats HTTP/1.1" 200 -
[2026-09-12 21:18:29] 
[2026-09-12 21:18:30] [GET] /api/health from 127.0.0.1 cookie=***
[2026-09-12 21:18:30] 
[2026-09-12 21:18:30] [21:18:30] "GET /api/health HTTP/1.1" 200 -
[2026-09-12 21:18:30] 
[2026-09-12 21:18:30] [GET] /api/recharge from 127.0.0.1 cookie=***
[2026-09-12 21:18:30] 
[2026-09-12 21:18:30] [GET] /api/refund from 127.0.0.1 cookie=***
[2026-09-12 21:18:30] [GET] /api/client_status from 127.0.0.1 cookie=***
[2026-09-12 21:18:30] [GET] /api/mapping from 127.0.0.1 cookie=***
[2026-09-12 21:18:30] 
[2026-09-12 21:18:30] 
[2026-09-12 21:18:30] [GET] /api/consume from 127.0.0.1 cookie=***
[2026-09-12 21:18:30] [GET] /api/payment from 127.0.0.1 cookie=***
[2026-09-12 21:18:30] 
[2026-09-12 21:18:30] 
[2026-09-12 21:18:30] 
[2026-09-12 21:18:30] [21:18:30] "GET /api/refund HTTP/1.1" 200 -
[2026-09-12 21:18:30] 
[2026-09-12 21:18:30] [21:18:30] "GET /api/client_status HTTP/1.1" 200 -
[2026-09-12 21:18:30] [GET] /api/service-fee from 127.0.0.1 cookie=***
[2026-09-12 21:18:30] 
[2026-09-12 21:18:30] 
[2026-09-12 21:18:30] [21:18:30] "GET /api/payment HTTP/1.1" 200 -
[2026-09-12 21:18:30] 
[2026-09-12 21:18:30] [21:18:30] "GET /api/service-fee HTTP/1.1" 200 -
[2026-09-12 21:18:30] 
[2026-09-12 21:18:30] [21:18:30] "GET /api/mapping HTTP/1.1" 200 -
[2026-09-12 21:18:30] 
[2026-09-12 21:18:30] [21:18:30] "GET /api/consume HTTP/1.1" 200 -
[2026-09-12 21:18:30] 
[2026-09-12 21:18:30] [21:18:30] "GET /api/recharge HTTP/1.1" 200 -
[2026-09-12 21:18:30] 
[2026-09-12 21:18:32] [GET] /api/stats from 127.0.0.1 cookie=***
[2026-09-12 21:18:32] 
[2026-09-12 21:18:32] [GET] /api/consume/stats from 127.0.0.1 cookie=***
[2026-09-12 21:18:32] 
[2026-09-12 21:18:32] [21:18:32] "GET /api/consume/stats HTTP/1.1" 200 -
[2026-09-12 21:18:32] 
[2026-09-12 21:18:32] [21:18:32] "GET /api/stats HTTP/1.1" 200 -
[2026-09-12 21:18:32] 
[2026-09-12 21:18:35] [GET] /api/stats from 127.0.0.1 cookie=***
[2026-09-12 21:18:35] 
[2026-09-12 21:18:36] [21:18:36] "GET /api/stats HTTP/1.1" 200 -
[2026-09-12 21:18:36] 
[2026-09-13 22:18:35] [boot] 日志重定向已启用 -> /Users/mac/Library/Application Support/TRAE SOLO CN/ModularData/ai-agent/work-mode-projects/6aa2769ead555511aa7a9041/fb_project/FB广告账户管理系统 v3.912/data/server.log
[2026-09-13 22:18:35] 
[2026-09-13 22:18:35] [preload] ✅ 预加载 2 个静态文件 (1371KB → 442KB gzip, 节省 68%)
[2026-09-13 22:18:35] 
[2026-09-13 22:18:35] =======================================================
[2026-09-13 22:18:35] 
[2026-09-13 22:18:35]   FB 广告账户管理系统 v4 · 单机完整版
[2026-09-13 22:18:35] 
[2026-09-13 22:18:35]   地址: http://localhost:3000
[2026-09-13 22:18:35] 
[2026-09-13 22:18:35]   数据目录: /Users/mac/Library/Application Support/TRAE SOLO CN/ModularData/ai-agent/work-mode-projects/6aa2769ead555511aa7a9041/fb_project/FB广告账户管理系统 v3.912/data
[2026-09-13 22:18:35] 
[2026-09-13 22:18:35]   默认账号: admin / admin123456
[2026-09-13 22:18:35] 
[2026-09-13 22:18:35]   按 Ctrl+C 停止
[2026-09-13 22:18:35] 
[2026-09-13 22:18:35] =======================================================
[2026-09-13 22:18:35] 
[2026-09-13 22:22:25] [boot] 日志重定向已启用 -> /Users/mac/Library/Application Support/TRAE SOLO CN/ModularData/ai-agent/work-mode-projects/6aa2769ead555511aa7a9041/fb_project/FB广告账户管理系统 v3.912/data/server.log
[2026-09-13 22:22:25] 
[2026-09-13 22:22:25] [preload] ✅ 预加载 2 个静态文件 (1371KB → 442KB gzip, 节省 68%)
[2026-09-13 22:22:25] 
[2026-09-13 22:22:25] =======================================================
[2026-09-13 22:22:25] 
[2026-09-13 22:22:25]   FB 广告账户管理系统 v4 · 单机完整版
[2026-09-13 22:22:25] 
[2026-09-13 22:22:25]   地址: http://localhost:3000
[2026-09-13 22:22:25] 
[2026-09-13 22:22:25]   数据目录: /Users/mac/Library/Application Support/TRAE SOLO CN/ModularData/ai-agent/work-mode-projects/6aa2769ead555511aa7a9041/fb_project/FB广告账户管理系统 v3.912/data
[2026-09-13 22:22:25] 
[2026-09-13 22:22:25]   默认账号: admin / admin123456
[2026-09-13 22:22:25] 
[2026-09-13 22:22:25]   按 Ctrl+C 停止
[2026-09-13 22:22:25] 
[2026-09-13 22:22:25] =======================================================
[2026-09-13 22:22:25] 
[2026-09-13 22:22:31] [GET]  from 127.0.0.1 cookie=***
[2026-09-13 22:22:31] 
[2026-09-13 22:22:31] [22:22:31] "GET / HTTP/1.1" 200 -
[2026-09-13 22:22:31] 
[2026-09-13 22:22:31] [GET] /xlsx.full.min.js from 127.0.0.1 cookie=***
[2026-09-13 22:22:31] 
[2026-09-13 22:22:31] [22:22:31] "GET /xlsx.full.min.js HTTP/1.1" 200 -
[2026-09-13 22:22:31] 
[2026-09-13 22:22:32] [GET] /api/auth/me from 127.0.0.1 cookie=***
[2026-09-13 22:22:32] 
[2026-09-13 22:22:32] [22:22:32] "GET /api/auth/me?t=1789309352084 HTTP/1.1" 200 -
[2026-09-13 22:22:32] 
[2026-09-13 22:22:32] [GET] /api/users from 127.0.0.1 cookie=***
[2026-09-13 22:22:32] [GET] /api/stats from 127.0.0.1 cookie=***
[2026-09-13 22:22:32] [GET] /api/ops-log from 127.0.0.1 cookie=***
[2026-09-13 22:22:32] [GET] /api/consume/import-log from 127.0.0.1 cookie=***
[2026-09-13 22:22:32] 
[2026-09-13 22:22:32] 
[2026-09-13 22:22:32] 
[2026-09-13 22:22:32] [GET] /api/settings from 127.0.0.1 cookie=***
[2026-09-13 22:22:32] 
[2026-09-13 22:22:32] [22:22:32] "GET /api/users HTTP/1.1" 200 -
[2026-09-13 22:22:32] 
[2026-09-13 22:22:32] 
[2026-09-13 22:22:32] [22:22:32] "GET /api/consume/import-log HTTP/1.1" 200 -
[2026-09-13 22:22:32] 
[2026-09-13 22:22:32] [22:22:32] "GET /api/settings HTTP/1.1" 200 -
[2026-09-13 22:22:32] 
[2026-09-13 22:22:32] [GET] /@vite/client from 127.0.0.1 cookie=***
[2026-09-13 22:22:32] 
[2026-09-13 22:22:32] [22:22:32] "GET /@vite/client HTTP/1.1" 404 -
[2026-09-13 22:22:32] [22:22:32] "GET /api/ops-log HTTP/1.1" 200 -
[2026-09-13 22:22:32] 
[2026-09-13 22:22:32] 
[2026-09-13 22:22:32] [22:22:32] "GET /api/stats?_t=1789309352122 HTTP/1.1" 200 -
[2026-09-13 22:22:32] 
[2026-09-13 22:22:32] [GET] /api/meta/tokens from 127.0.0.1 cookie=***
[2026-09-13 22:22:32] 
[2026-09-13 22:22:32] [GET] /api/health from 127.0.0.1 cookie=***
[2026-09-13 22:22:32] 
[2026-09-13 22:22:32] [22:22:32] "GET /api/health HTTP/1.1" 200 -
[2026-09-13 22:22:32] 
[2026-09-13 22:22:32] [22:22:32] "GET /api/meta/tokens HTTP/1.1" 200 -
[2026-09-13 22:22:32] 
[2026-09-13 22:22:32] [GET] /api/mapping from 127.0.0.1 cookie=***
[2026-09-13 22:22:32] [GET] /api/recharge from 127.0.0.1 cookie=***
[2026-09-13 22:22:32] [GET] /api/payment from 127.0.0.1 cookie=***
[2026-09-13 22:22:32] [GET] /api/consume from 127.0.0.1 cookie=***
[2026-09-13 22:22:32] [GET] /api/client_status from 127.0.0.1 cookie=***
[2026-09-13 22:22:32] [GET] /api/refund from 127.0.0.1 cookie=***
[2026-09-13 22:22:32] 
[2026-09-13 22:22:32] 
[2026-09-13 22:22:32] 
[2026-09-13 22:22:32] 
[2026-09-13 22:22:32] 
[2026-09-13 22:22:32] 
[2026-09-13 22:22:32] [22:22:32] "GET /api/refund HTTP/1.1" 200 -
[2026-09-13 22:22:32] 
[2026-09-13 22:22:32] [GET] /api/service-fee from 127.0.0.1 cookie=***
[2026-09-13 22:22:32] 
[2026-09-13 22:22:32] [22:22:32] "GET /api/mapping HTTP/1.1" 200 -
[2026-09-13 22:22:32] 
[2026-09-13 22:22:32] [22:22:32] "GET /api/payment HTTP/1.1" 200 -
[2026-09-13 22:22:32] 
[2026-09-13 22:22:32] [GET] /api/meta/auto-sync-cfg from 127.0.0.1 cookie=***
[2026-09-13 22:22:32] 
[2026-09-13 22:22:32] [22:22:32] "GET /api/meta/auto-sync-cfg HTTP/1.1" 200 -
[2026-09-13 22:22:32] 
[2026-09-13 22:22:32] [22:22:32] "GET /api/client_status HTTP/1.1" 200 -
[2026-09-13 22:22:32] 
[2026-09-13 22:22:32] [22:22:32] "GET /api/service-fee HTTP/1.1" 200 -
[2026-09-13 22:22:32] 
[2026-09-13 22:22:32] [22:22:32] "GET /api/consume HTTP/1.1" 200 -
[2026-09-13 22:22:32] 
[2026-09-13 22:22:33] [22:22:33] "GET /api/recharge HTTP/1.1" 200 -
[2026-09-13 22:22:33] 
[2026-09-13 22:22:34] [GET] /api/stats from 127.0.0.1 cookie=***
[2026-09-13 22:22:34] 
[2026-09-13 22:22:34] [GET] /api/consume/stats from 127.0.0.1 cookie=***
[2026-09-13 22:22:34] 
[2026-09-13 22:22:34] [22:22:34] "GET /api/stats HTTP/1.1" 200 -
[2026-09-13 22:22:34] 
[2026-09-13 22:22:34] [刷新匹配] 保留 10879 条, 更新了 0 条
[2026-09-13 22:22:34] 
[2026-09-13 22:22:36] [22:22:36] "GET /api/consume/stats HTTP/1.1" 200 -
[2026-09-13 22:22:36] 
[2026-09-13 22:23:04] [POST] /api/meta/tokens from 127.0.0.1 cookie=***
[2026-09-13 22:23:04] 
[2026-09-13 22:23:04] [22:23:04] "POST /api/meta/tokens HTTP/1.1" 200 -
[2026-09-13 22:23:04] 
[2026-09-13 22:23:04] [GET] /api/meta/tokens from 127.0.0.1 cookie=***
[2026-09-13 22:23:04] 
[2026-09-13 22:23:04] [22:23:04] "GET /api/meta/tokens HTTP/1.1" 200 -
[2026-09-13 22:23:04] 
[2026-09-13 22:23:07] [GET] /api/stats from 127.0.0.1 cookie=***
[2026-09-13 22:23:07] 
[2026-09-13 22:23:07] [22:23:07] "GET /api/stats HTTP/1.1" 200 -
[2026-09-13 22:23:07] 
[2026-09-13 22:23:08] [GET] /api/meta/tokens/1789309384346_ef17c8/test from 127.0.0.1 cookie=***
[2026-09-13 22:23:08] 
[2026-09-13 22:23:10] [22:23:10] "GET /api/meta/tokens/1789309384346_ef17c8/test HTTP/1.1" 200 -
[2026-09-13 22:23:10] 
[2026-09-13 22:23:10] [GET] /api/meta/tokens from 127.0.0.1 cookie=***
[2026-09-13 22:23:10] 
[2026-09-13 22:23:10] [22:23:10] "GET /api/meta/tokens HTTP/1.1" 200 -
[2026-09-13 22:23:10] 
[2026-09-13 22:23:29] [GET] /api/meta/tokens/1789309384346_ef17c8/test from 127.0.0.1 cookie=***
[2026-09-13 22:23:29] 
[2026-09-13 22:23:34] [22:23:34] "GET /api/meta/tokens/1789309384346_ef17c8/test HTTP/1.1" 200 -
[2026-09-13 22:23:34] 
[2026-09-13 22:23:34] [GET] /api/meta/tokens from 127.0.0.1 cookie=***
[2026-09-13 22:23:34] 
[2026-09-13 22:23:34] [22:23:34] "GET /api/meta/tokens HTTP/1.1" 200 -
[2026-09-13 22:23:34] 
[2026-09-13 22:23:37] [GET] /api/stats from 127.0.0.1 cookie=***
[2026-09-13 22:23:37] 
[2026-09-13 22:23:37] [22:23:37] "GET /api/stats HTTP/1.1" 200 -
[2026-09-13 22:23:37] 
[2026-09-13 22:23:41] [GET] /api/meta/sync from 127.0.0.1 cookie=***
[2026-09-13 22:23:41] 
[2026-09-13 22:23:52] [22:23:52] "GET /api/meta/sync?mode=manual&since=2026-08-14&until=2026-09-13 HTTP/1.1" 200 -
[2026-09-13 22:23:52] 
[2026-09-13 22:24:03] [GET]  from 127.0.0.1 cookie=***
[2026-09-13 22:24:03] 
[2026-09-13 22:24:03] [22:24:03] "GET / HTTP/1.1" 200 -
[2026-09-13 22:24:03] 
[2026-09-13 22:24:03] [GET] /xlsx.full.min.js from 127.0.0.1 cookie=***
[2026-09-13 22:24:03] 
[2026-09-13 22:24:03] [22:24:03] "GET /xlsx.full.min.js HTTP/1.1" 200 -
[2026-09-13 22:24:03] 
[2026-09-13 22:24:03] [GET] /api/auth/me from 127.0.0.1 cookie=***
[2026-09-13 22:24:03] 
[2026-09-13 22:24:03] [22:24:03] "GET /api/auth/me?t=1789309443220 HTTP/1.1" 200 -
[2026-09-13 22:24:03] 
[2026-09-13 22:24:03] [GET] /@vite/client from 127.0.0.1 cookie=***
[2026-09-13 22:24:03] 
[2026-09-13 22:24:03] [22:24:03] "GET /@vite/client HTTP/1.1" 404 -
[2026-09-13 22:24:03] 
[2026-09-13 22:24:03] [GET] /api/consume/import-log from 127.0.0.1 cookie=***
[2026-09-13 22:24:03] 
[2026-09-13 22:24:03] [GET] /api/users from 127.0.0.1 cookie=***
[2026-09-13 22:24:03] [GET] /api/ops-log from 127.0.0.1 cookie=***
[2026-09-13 22:24:03] 
[2026-09-13 22:24:03] [GET] /api/stats from 127.0.0.1 cookie=***
[2026-09-13 22:24:03] 
[2026-09-13 22:24:03] [GET] /api/settings from 127.0.0.1 cookie=***
[2026-09-13 22:24:03] 
[2026-09-13 22:24:03] 
[2026-09-13 22:24:03] [22:24:03] "GET /api/consume/import-log HTTP/1.1" 200 -
[2026-09-13 22:24:03] 
[2026-09-13 22:24:03] [22:24:03] "GET /api/users HTTP/1.1" 200 -
[2026-09-13 22:24:03] 
[2026-09-13 22:24:03] [22:24:03] "GET /api/settings HTTP/1.1" 200 -
[2026-09-13 22:24:03] 
[2026-09-13 22:24:03] [22:24:03] "GET /api/ops-log HTTP/1.1" 200 -
[2026-09-13 22:24:03] 
[2026-09-13 22:24:03] [22:24:03] "GET /api/stats?_t=1789309443243 HTTP/1.1" 200 -
[2026-09-13 22:24:03] 
[2026-09-13 22:24:03] [GET] /api/health from 127.0.0.1 cookie=***
[2026-09-13 22:24:03] 
[2026-09-13 22:24:03] [22:24:03] "GET /api/health HTTP/1.1" 200 -
[2026-09-13 22:24:03] 
[2026-09-13 22:24:03] [GET] /api/mapping from 127.0.0.1 cookie=***
[2026-09-13 22:24:03] [GET] /api/recharge from 127.0.0.1 cookie=***
[2026-09-13 22:24:03] [GET] /api/payment from 127.0.0.1 cookie=***
[2026-09-13 22:24:03] 
[2026-09-13 22:24:03] 
[2026-09-13 22:24:03] [GET] /api/refund from 127.0.0.1 cookie=***
[2026-09-13 22:24:03] [GET] /api/client_status from 127.0.0.1 cookie=***
[2026-09-13 22:24:03] 
[2026-09-13 22:24:03] 
[2026-09-13 22:24:03] 
[2026-09-13 22:24:03] [GET] /api/consume from 127.0.0.1 cookie=***
[2026-09-13 22:24:03] 
[2026-09-13 22:24:03] [22:24:03] "GET /api/payment HTTP/1.1" 200 -
[2026-09-13 22:24:03] 
[2026-09-13 22:24:03] [GET] /api/service-fee from 127.0.0.1 cookie=***
[2026-09-13 22:24:03] 
[2026-09-13 22:24:03] [22:24:03] "GET /api/refund HTTP/1.1" 200 -
[2026-09-13 22:24:03] [22:24:03] "GET /api/mapping HTTP/1.1" 200 -
[2026-09-13 22:24:03] 
[2026-09-13 22:24:03] 
[2026-09-13 22:24:03] [22:24:03] "GET /api/client_status HTTP/1.1" 200 -
[2026-09-13 22:24:03] [GET] /api/meta/tokens from 127.0.0.1 cookie=***
[2026-09-13 22:24:03] 
[2026-09-13 22:24:03] 
[2026-09-13 22:24:03] [GET] /api/meta/auto-sync-cfg from 127.0.0.1 cookie=***
[2026-09-13 22:24:03] 
[2026-09-13 22:24:03] [22:24:03] "GET /api/service-fee HTTP/1.1" 200 -
[2026-09-13 22:24:03] 
[2026-09-13 22:24:04] [22:24:04] "GET /api/meta/tokens HTTP/1.1" 200 -
[2026-09-13 22:24:04] 
[2026-09-13 22:24:04] [22:24:04] "GET /api/meta/auto-sync-cfg HTTP/1.1" 200 -
[2026-09-13 22:24:04] 
[2026-09-13 22:24:04] [22:24:04] "GET /api/consume HTTP/1.1" 200 -
[2026-09-13 22:24:04] 
[2026-09-13 22:24:04] [22:24:04] "GET /api/recharge HTTP/1.1" 200 -
[2026-09-13 22:24:04] 
[2026-09-13 22:24:04] [GET] /api/stats from 127.0.0.1 cookie=***
[2026-09-13 22:24:04] 
[2026-09-13 22:24:04] [GET] /api/consume/stats from 127.0.0.1 cookie=***
[2026-09-13 22:24:04] 
[2026-09-13 22:24:05] [GET] /api/health from 127.0.0.1 cookie=***
[2026-09-13 22:24:05] 
[2026-09-13 22:24:05] [22:24:05] "GET /api/health HTTP/1.1" 200 -
[2026-09-13 22:24:05] 
[2026-09-13 22:24:05] [GET] /api/mapping from 127.0.0.1 cookie=***
[2026-09-13 22:24:05] 
[2026-09-13 22:24:05] [GET] /api/recharge from 127.0.0.1 cookie=***
[2026-09-13 22:24:05] 
[2026-09-13 22:24:05] [22:24:05] "GET /api/stats HTTP/1.1" 200 -
[2026-09-13 22:24:05] [GET] /api/payment from 127.0.0.1 cookie=***
[2026-09-13 22:24:05] 
[2026-09-13 22:24:05] [GET] /api/refund from 127.0.0.1 cookie=***
[2026-09-13 22:24:05] 
[2026-09-13 22:24:05] [GET] /api/client_status from 127.0.0.1 cookie=***
[2026-09-13 22:24:05] [22:24:05] "GET /api/mapping HTTP/1.1" 200 -
[2026-09-13 22:24:05] 
[2026-09-13 22:24:05] 
[2026-09-13 22:24:05] 
[2026-09-13 22:24:05] [GET] /api/consume from 127.0.0.1 cookie=***
[2026-09-13 22:24:05] 
[2026-09-13 22:24:05] [22:24:05] "GET /api/refund HTTP/1.1" 200 -
[2026-09-13 22:24:05] 
[2026-09-13 22:24:05] [GET] /api/service-fee from 127.0.0.1 cookie=***
[2026-09-13 22:24:05] 
[2026-09-13 22:24:05] [22:24:05] "GET /api/payment HTTP/1.1" 200 -
[2026-09-13 22:24:05] 
[2026-09-13 22:24:05] [22:24:05] "GET /api/client_status HTTP/1.1" 200 -
[2026-09-13 22:24:05] 
[2026-09-13 22:24:05] [22:24:05] "GET /api/service-fee HTTP/1.1" 200 -
[2026-09-13 22:24:05] 
[2026-09-13 22:24:05] [22:24:05] "GET /api/consume HTTP/1.1" 200 -
[2026-09-13 22:24:05] 
[2026-09-13 22:24:06] [刷新匹配] 保留 10879 条, 更新了 0 条
[2026-09-13 22:24:06] 
[2026-09-13 22:24:06] [22:24:06] "GET /api/recharge HTTP/1.1" 200 -
[2026-09-13 22:24:06] 
[2026-09-13 22:24:07] [GET] /api/stats from 127.0.0.1 cookie=***
[2026-09-13 22:24:07] 
[2026-09-13 22:24:07] [22:24:07] "GET /api/stats HTTP/1.1" 200 -
[2026-09-13 22:24:07] 
[2026-09-13 22:24:07] [22:24:07] "GET /api/consume/stats HTTP/1.1" 200 -
[2026-09-13 22:24:07] 
[2026-09-13 22:24:07] [GET] /api/consume/stats from 127.0.0.1 cookie=***
[2026-09-13 22:24:07] 
[2026-09-13 22:24:07] [22:24:07] "GET /api/consume/stats HTTP/1.1" 200 -
[2026-09-13 22:24:07] 
[2026-09-13 22:24:08] [GET] /api/meta/tokens/1789309384346_ef17c8/test from 127.0.0.1 cookie=***
[2026-09-13 22:24:08] 
[2026-09-13 22:24:13] [22:24:13] "GET /api/meta/tokens/1789309384346_ef17c8/test HTTP/1.1" 200 -
[2026-09-13 22:24:13] 
[2026-09-13 22:24:13] [GET] /api/meta/tokens from 127.0.0.1 cookie=***
[2026-09-13 22:24:13] 
[2026-09-13 22:24:13] [22:24:13] "GET /api/meta/tokens HTTP/1.1" 200 -
[2026-09-13 22:24:13] 
[2026-09-13 22:24:37] [GET]  from 127.0.0.1 cookie=***
[2026-09-13 22:24:37] 
[2026-09-13 22:24:37] [22:24:37] "GET / HTTP/1.1" 200 -
[2026-09-13 22:24:37] 
[2026-09-13 22:24:37] [GET] /xlsx.full.min.js from 127.0.0.1 cookie=***
[2026-09-13 22:24:37] 
[2026-09-13 22:24:37] [22:24:37] "GET /xlsx.full.min.js HTTP/1.1" 200 -
[2026-09-13 22:24:37] 
[2026-09-13 22:24:37] [GET] /api/auth/me from 127.0.0.1 cookie=***
[2026-09-13 22:24:37] 
[2026-09-13 22:24:37] [22:24:37] "GET /api/auth/me?t=1789309477771 HTTP/1.1" 200 -
[2026-09-13 22:24:37] 
[2026-09-13 22:24:37] [GET] /api/consume/import-log from 127.0.0.1 cookie=***
[2026-09-13 22:24:37] [GET] /api/users from 127.0.0.1 cookie=***
[2026-09-13 22:24:37] 
[2026-09-13 22:24:37] 
[2026-09-13 22:24:37] [GET] /api/settings from 127.0.0.1 cookie=***
[2026-09-13 22:24:37] [GET] /api/ops-log from 127.0.0.1 cookie=***
[2026-09-13 22:24:37] 
[2026-09-13 22:24:37] [GET] /api/stats from 127.0.0.1 cookie=***
[2026-09-13 22:24:37] 
[2026-09-13 22:24:37] 
[2026-09-13 22:24:37] [22:24:37] "GET /api/users HTTP/1.1" 200 -
[2026-09-13 22:24:37] 
[2026-09-13 22:24:37] [22:24:37] "GET /api/consume/import-log HTTP/1.1" 200 -
[2026-09-13 22:24:37] 
[2026-09-13 22:24:37] [22:24:37] "GET /api/settings HTTP/1.1" 200 -
[2026-09-13 22:24:37] 
[2026-09-13 22:24:37] [22:24:37] "GET /api/ops-log HTTP/1.1" 200 -
[2026-09-13 22:24:37] 
[2026-09-13 22:24:37] [GET] /@vite/client from 127.0.0.1 cookie=***
[2026-09-13 22:24:37] 
[2026-09-13 22:24:37] [22:24:37] "GET /@vite/client HTTP/1.1" 404 -
[2026-09-13 22:24:37] 
[2026-09-13 22:24:38] [22:24:38] "GET /api/stats?_t=1789309477852 HTTP/1.1" 200 -
[2026-09-13 22:24:38] 
[2026-09-13 22:24:38] [GET] /api/health from 127.0.0.1 cookie=***
[2026-09-13 22:24:38] 
[2026-09-13 22:24:38] [22:24:38] "GET /api/health HTTP/1.1" 200 -
[2026-09-13 22:24:38] 
[2026-09-13 22:24:38] [GET] /api/mapping from 127.0.0.1 cookie=***
[2026-09-13 22:24:38] 
[2026-09-13 22:24:38] [GET] /api/recharge from 127.0.0.1 cookie=***
[2026-09-13 22:24:38] [GET] /api/payment from 127.0.0.1 cookie=***
[2026-09-13 22:24:38] 
[2026-09-13 22:24:38] [GET] /api/refund from 127.0.0.1 cookie=***
[2026-09-13 22:24:38] [GET] /api/client_status from 127.0.0.1 cookie=***
[2026-09-13 22:24:38] 
[2026-09-13 22:24:38] [GET] /api/consume from 127.0.0.1 cookie=***
[2026-09-13 22:24:38] 
[2026-09-13 22:24:38] 
[2026-09-13 22:24:38] 
[2026-09-13 22:24:38] [22:24:38] "GET /api/payment HTTP/1.1" 200 -
[2026-09-13 22:24:38] 
[2026-09-13 22:24:38] [22:24:38] "GET /api/mapping HTTP/1.1" 200 -
[2026-09-13 22:24:38] [22:24:38] "GET /api/refund HTTP/1.1" 200 -
[2026-09-13 22:24:38] 
[2026-09-13 22:24:38] 
[2026-09-13 22:24:38] [GET] /api/service-fee from 127.0.0.1 cookie=***
[2026-09-13 22:24:38] [GET] /api/meta/tokens from 127.0.0.1 cookie=***
[2026-09-13 22:24:38] [22:24:38] "GET /api/client_status HTTP/1.1" 200 -
[2026-09-13 22:24:38] 
[2026-09-13 22:24:38] 
[2026-09-13 22:24:38] [GET] /api/meta/auto-sync-cfg from 127.0.0.1 cookie=***
[2026-09-13 22:24:38] 
[2026-09-13 22:24:38] 
[2026-09-13 22:24:38] [22:24:38] "GET /api/service-fee HTTP/1.1" 200 -
[2026-09-13 22:24:38] 
[2026-09-13 22:24:38] [22:24:38] "GET /api/meta/tokens HTTP/1.1" 200 -
[2026-09-13 22:24:38] [22:24:38] "GET /api/consume HTTP/1.1" 200 -
[2026-09-13 22:24:38] 
[2026-09-13 22:24:38] 
[2026-09-13 22:24:38] [22:24:38] "GET /api/meta/auto-sync-cfg HTTP/1.1" 200 -
[2026-09-13 22:24:38] 
[2026-09-13 22:24:38] [22:24:38] "GET /api/recharge HTTP/1.1" 200 -
[2026-09-13 22:24:38] 
[2026-09-13 22:24:39] [GET] /api/stats from 127.0.0.1 cookie=***
[2026-09-13 22:24:39] [GET] /api/consume/stats from 127.0.0.1 cookie=***
[2026-09-13 22:24:39] 
[2026-09-13 22:24:39] 
[2026-09-13 22:24:40] [GET] /api/health from 127.0.0.1 cookie=***
[2026-09-13 22:24:40] 
[2026-09-13 22:24:40] [22:24:40] "GET /api/health HTTP/1.1" 200 -
[2026-09-13 22:24:40] 
[2026-09-13 22:24:40] [22:24:40] "GET /api/stats HTTP/1.1" 200 -
[2026-09-13 22:24:40] [GET] /api/mapping from 127.0.0.1 cookie=***
[2026-09-13 22:24:40] 
[2026-09-13 22:24:40] [GET] /api/payment from 127.0.0.1 cookie=***
[2026-09-13 22:24:40] [GET] /api/refund from 127.0.0.1 cookie=***
[2026-09-13 22:24:40] 
[2026-09-13 22:24:40] 
[2026-09-13 22:24:40] [GET] /api/recharge from 127.0.0.1 cookie=***
[2026-09-13 22:24:40] 
[2026-09-13 22:24:40] 
[2026-09-13 22:24:40] [GET] /api/client_status from 127.0.0.1 cookie=***
[2026-09-13 22:24:40] 
[2026-09-13 22:24:40] [22:24:40] "GET /api/refund HTTP/1.1" 200 -
[2026-09-13 22:24:40] [22:24:40] "GET /api/mapping HTTP/1.1" 200 -
[2026-09-13 22:24:40] 
[2026-09-13 22:24:40] 
[2026-09-13 22:24:40] [GET] /api/consume from 127.0.0.1 cookie=***
[2026-09-13 22:24:40] 
[2026-09-13 22:24:40] [GET] /api/service-fee from 127.0.0.1 cookie=***
[2026-09-13 22:24:40] 
[2026-09-13 22:24:40] [22:24:40] "GET /api/payment HTTP/1.1" 200 -
[2026-09-13 22:24:40] [22:24:40] "GET /api/client_status HTTP/1.1" 200 -
[2026-09-13 22:24:40] 
[2026-09-13 22:24:40] 
[2026-09-13 22:24:40] [22:24:40] "GET /api/service-fee HTTP/1.1" 200 -
[2026-09-13 22:24:40] 
[2026-09-13 22:24:40] [刷新匹配] 保留 10879 条, 更新了 0 条
[2026-09-13 22:24:40] 
[2026-09-13 22:24:40] [22:24:40] "GET /api/consume HTTP/1.1" 200 -
[2026-09-13 22:24:40] 
[2026-09-13 22:24:41] [22:24:41] "GET /api/recharge HTTP/1.1" 200 -
[2026-09-13 22:24:41] 
[2026-09-13 22:24:42] [GET] /api/stats from 127.0.0.1 cookie=***
[2026-09-13 22:24:42] 
[2026-09-13 22:24:42] [22:24:42] "GET /api/consume/stats HTTP/1.1" 200 -
[2026-09-13 22:24:42] [22:24:42] "GET /api/stats HTTP/1.1" 200 -
[2026-09-13 22:24:42] 
[2026-09-13 22:24:42] 
[2026-09-13 22:24:42] [GET] /api/consume/stats from 127.0.0.1 cookie=***
[2026-09-13 22:24:42] 
[2026-09-13 22:24:42] [22:24:42] "GET /api/consume/stats HTTP/1.1" 200 -
[2026-09-13 22:24:42] 
[2026-09-13 22:24:43] [GET] /api/meta/tokens/1789309384346_ef17c8/test from 127.0.0.1 cookie=***
[2026-09-13 22:24:43] 
[2026-09-13 22:24:45] [22:24:45] "GET /api/meta/tokens/1789309384346_ef17c8/test HTTP/1.1" 200 -
[2026-09-13 22:24:45] 
[2026-09-13 22:24:45] [GET] /api/meta/tokens from 127.0.0.1 cookie=***
[2026-09-13 22:24:45] 
[2026-09-13 22:24:45] [22:24:45] "GET /api/meta/tokens HTTP/1.1" 200 -
[2026-09-13 22:24:45] 
[2026-09-13 22:24:48] [GET] /api/meta/tokens from 127.0.0.1 cookie=***
[2026-09-13 22:24:48] 
[2026-09-13 22:24:48] [22:24:48] "GET /api/meta/tokens HTTP/1.1" 200 -
[2026-09-13 22:24:48] 
[2026-09-13 22:24:51] [GET] /api/meta/tokens/1789309384346_ef17c8/test from 127.0.0.1 cookie=***
[2026-09-13 22:24:51] 
[2026-09-13 22:24:52] [22:24:52] "GET /api/meta/tokens/1789309384346_ef17c8/test HTTP/1.1" 200 -
[2026-09-13 22:24:52] 
[2026-09-13 22:24:52] [GET] /api/meta/tokens from 127.0.0.1 cookie=***
[2026-09-13 22:24:52] 
[2026-09-13 22:24:52] [22:24:52] "GET /api/meta/tokens HTTP/1.1" 200 -
[2026-09-13 22:24:52] 
[2026-09-14 14:32:58] [boot] 日志重定向已启用 -> /Users/mac/Library/Application Support/TRAE SOLO CN/ModularData/ai-agent/work-mode-projects/6aa2769ead555511aa7a9041/fb_project/FB广告账户管理系统 v3.912/data/server.log
[2026-09-14 14:32:58] 
[2026-09-14 14:32:58] [preload] ✅ 预加载 2 个静态文件 (1371KB → 442KB gzip, 节省 68%)
[2026-09-14 14:32:58] 
[2026-09-14 14:32:58] =======================================================
[2026-09-14 14:32:58] 
[2026-09-14 14:32:58]   FB 广告账户管理系统 v4 · 单机完整版
[2026-09-14 14:32:58] 
[2026-09-14 14:32:58]   地址: http://localhost:3000
[2026-09-14 14:32:58] 
[2026-09-14 14:32:58]   数据目录: /Users/mac/Library/Application Support/TRAE SOLO CN/ModularData/ai-agent/work-mode-projects/6aa2769ead555511aa7a9041/fb_project/FB广告账户管理系统 v3.912/data
[2026-09-14 14:32:58] 
[2026-09-14 14:32:58]   默认账号: admin / admin123456
[2026-09-14 14:32:58] 
[2026-09-14 14:32:58]   按 Ctrl+C 停止
[2026-09-14 14:32:58] 
[2026-09-14 14:32:58] =======================================================
[2026-09-14 14:32:58] 
[2026-09-14 14:33:13] [GET]  from 127.0.0.1 cookie=***
[2026-09-14 14:33:13] 
[2026-09-14 14:33:13] [14:33:13] "GET / HTTP/1.1" 200 -
[2026-09-14 14:33:13] 
[2026-09-14 14:33:14] [GET] /xlsx.full.min.js from 127.0.0.1 cookie=***
[2026-09-14 14:33:14] 
[2026-09-14 14:33:14] [14:33:14] "GET /xlsx.full.min.js HTTP/1.1" 200 -
[2026-09-14 14:33:14] 
[2026-09-14 14:33:14] [GET] /api/auth/me from 127.0.0.1 cookie=***
[2026-09-14 14:33:14] 
[2026-09-14 14:33:14] [14:33:14] "GET /api/auth/me?t=1789367594473 HTTP/1.1" 200 -
[2026-09-14 14:33:14] 
[2026-09-14 14:33:14] [GET] /@vite/client from 127.0.0.1 cookie=***
[2026-09-14 14:33:14] 
[2026-09-14 14:33:14] [14:33:14] "GET /@vite/client HTTP/1.1" 404 -
[2026-09-14 14:33:14] [GET] /api/consume/import-log from 127.0.0.1 cookie=***
[2026-09-14 14:33:14] 
[2026-09-14 14:33:14] 
[2026-09-14 14:33:14] [GET] /api/users from 127.0.0.1 cookie=***
[2026-09-14 14:33:14] [GET] /api/settings from 127.0.0.1 cookie=***
[2026-09-14 14:33:14] 
[2026-09-14 14:33:14] 
[2026-09-14 14:33:14] [GET] /api/ops-log from 127.0.0.1 cookie=***
[2026-09-14 14:33:14] 
[2026-09-14 14:33:14] [GET] /api/stats from 127.0.0.1 cookie=***
[2026-09-14 14:33:14] 
[2026-09-14 14:33:14] [14:33:14] "GET /api/consume/import-log HTTP/1.1" 200 -
[2026-09-14 14:33:14] 
[2026-09-14 14:33:14] [14:33:14] "GET /api/users HTTP/1.1" 200 -
[2026-09-14 14:33:14] [14:33:14] "GET /api/settings HTTP/1.1" 200 -
[2026-09-14 14:33:14] 
[2026-09-14 14:33:14] 
[2026-09-14 14:33:14] [14:33:14] "GET /api/ops-log HTTP/1.1" 200 -
[2026-09-14 14:33:14] 
[2026-09-14 14:33:15] [GET] /api/meta/tokens from 127.0.0.1 cookie=***
[2026-09-14 14:33:15] 
[2026-09-14 14:33:15] [14:33:15] "GET /api/stats?_t=1789367594581 HTTP/1.1" 200 -
[2026-09-14 14:33:15] 
[2026-09-14 14:33:15] [GET] /api/health from 127.0.0.1 cookie=***
[2026-09-14 14:33:15] 
[2026-09-14 14:33:15] [14:33:15] "GET /api/health HTTP/1.1" 200 -
[2026-09-14 14:33:15] 
[2026-09-14 14:33:15] [14:33:15] "GET /api/meta/tokens HTTP/1.1" 200 -
[2026-09-14 14:33:15] 
[2026-09-14 14:33:15] [GET] /api/mapping from 127.0.0.1 cookie=***
[2026-09-14 14:33:15] [GET] /api/recharge from 127.0.0.1 cookie=***
[2026-09-14 14:33:15] [GET] /api/payment from 127.0.0.1 cookie=***
[2026-09-14 14:33:15] 
[2026-09-14 14:33:15] 
[2026-09-14 14:33:15] [GET] /api/consume from 127.0.0.1 cookie=***
[2026-09-14 14:33:15] 
[2026-09-14 14:33:15] [GET] /api/client_status from 127.0.0.1 cookie=***
[2026-09-14 14:33:15] 
[2026-09-14 14:33:15] [GET] /api/refund from 127.0.0.1 cookie=***
[2026-09-14 14:33:15] 
[2026-09-14 14:33:15] 
[2026-09-14 14:33:15] [14:33:15] "GET /api/mapping HTTP/1.1" 200 -
[2026-09-14 14:33:15] 
[2026-09-14 14:33:15] [14:33:15] "GET /api/payment HTTP/1.1" 200 -
[2026-09-14 14:33:15] [GET] /api/service-fee from 127.0.0.1 cookie=***
[2026-09-14 14:33:15] 
[2026-09-14 14:33:15] 
[2026-09-14 14:33:15] [GET] /api/meta/auto-sync-cfg from 127.0.0.1 cookie=***
[2026-09-14 14:33:15] 
[2026-09-14 14:33:15] [14:33:15] "GET /api/client_status HTTP/1.1" 200 -
[2026-09-14 14:33:15] 
[2026-09-14 14:33:15] [14:33:15] "GET /api/refund HTTP/1.1" 200 -
[2026-09-14 14:33:15] [14:33:15] "GET /api/consume HTTP/1.1" 200 -
[2026-09-14 14:33:15] 
[2026-09-14 14:33:15] [14:33:15] "GET /api/meta/auto-sync-cfg HTTP/1.1" 200 -
[2026-09-14 14:33:15] [14:33:15] "GET /api/service-fee HTTP/1.1" 200 -
[2026-09-14 14:33:15] 
[2026-09-14 14:33:15] 
[2026-09-14 14:33:15] 
[2026-09-14 14:33:15] [14:33:15] "GET /api/recharge HTTP/1.1" 200 -
[2026-09-14 14:33:15] 
[2026-09-14 14:33:16] [GET] /api/stats from 127.0.0.1 cookie=***
[2026-09-14 14:33:16] 
[2026-09-14 14:33:16] [GET] /api/consume/stats from 127.0.0.1 cookie=***
[2026-09-14 14:33:16] 
[2026-09-14 14:33:16] [14:33:16] "GET /api/stats HTTP/1.1" 200 -
[2026-09-14 14:33:16] 
[2026-09-14 14:33:17] [刷新匹配] 保留 10879 条, 更新了 0 条
[2026-09-14 14:33:17] 
[2026-09-14 14:33:17] [GET] /api/health from 127.0.0.1 cookie=***
[2026-09-14 14:33:17] 
[2026-09-14 14:33:17] [14:33:17] "GET /api/health HTTP/1.1" 200 -
[2026-09-14 14:33:17] 
[2026-09-14 14:33:17] [GET] /api/mapping from 127.0.0.1 cookie=***
[2026-09-14 14:33:17] [GET] /api/recharge from 127.0.0.1 cookie=***
[2026-09-14 14:33:17] 
[2026-09-14 14:33:17] [GET] /api/refund from 127.0.0.1 cookie=***
[2026-09-14 14:33:17] [GET] /api/payment from 127.0.0.1 cookie=***
[2026-09-14 14:33:17] [GET] /api/client_status from 127.0.0.1 cookie=***
[2026-09-14 14:33:17] 
[2026-09-14 14:33:17] 
[2026-09-14 14:33:17] 
[2026-09-14 14:33:17] 
[2026-09-14 14:33:17] [14:33:17] "GET /api/mapping HTTP/1.1" 200 -
[2026-09-14 14:33:17] 
[2026-09-14 14:33:17] [GET] /api/consume from 127.0.0.1 cookie=***
[2026-09-14 14:33:17] 
[2026-09-14 14:33:17] [14:33:17] "GET /api/payment HTTP/1.1" 200 -
[2026-09-14 14:33:17] 
[2026-09-14 14:33:17] [14:33:17] "GET /api/refund HTTP/1.1" 200 -
[2026-09-14 14:33:17] [14:33:17] "GET /api/client_status HTTP/1.1" 200 -
[2026-09-14 14:33:17] 
[2026-09-14 14:33:17] 
[2026-09-14 14:33:18] [GET] /api/service-fee from 127.0.0.1 cookie=***
[2026-09-14 14:33:18] 
[2026-09-14 14:33:18] [14:33:18] "GET /api/service-fee HTTP/1.1" 200 -
[2026-09-14 14:33:18] 
[2026-09-14 14:33:18] [14:33:18] "GET /api/consume HTTP/1.1" 200 -
[2026-09-14 14:33:18] 
[2026-09-14 14:33:18] [14:33:18] "GET /api/recharge HTTP/1.1" 200 -
[2026-09-14 14:33:18] 
[2026-09-14 14:33:19] [14:33:19] "GET /api/consume/stats HTTP/1.1" 200 -
[2026-09-14 14:33:19] 
[2026-09-14 14:33:19] [GET] /api/stats from 127.0.0.1 cookie=***
[2026-09-14 14:33:19] 
[2026-09-14 14:33:19] [GET] /api/consume/stats from 127.0.0.1 cookie=***
[2026-09-14 14:33:19] 
[2026-09-14 14:33:19] [GET] /api/health from 127.0.0.1 cookie=***
[2026-09-14 14:33:19] 
[2026-09-14 14:33:19] [14:33:19] "GET /api/health HTTP/1.1" 200 -
[2026-09-14 14:33:19] 
[2026-09-14 14:33:19] [14:33:19] "GET /api/consume/stats HTTP/1.1" 200 -
[2026-09-14 14:33:19] [14:33:19] "GET /api/stats HTTP/1.1" 200 -
[2026-09-14 14:33:19] 
[2026-09-14 14:33:19] 
[2026-09-14 14:33:20] [GET] /api/mapping from 127.0.0.1 cookie=***
[2026-09-14 14:33:20] [GET] /api/recharge from 127.0.0.1 cookie=***
[2026-09-14 14:33:20] [GET] /api/refund from 127.0.0.1 cookie=***
[2026-09-14 14:33:20] [GET] /api/consume from 127.0.0.1 cookie=***
[2026-09-14 14:33:20] [GET] /api/payment from 127.0.0.1 cookie=***
[2026-09-14 14:33:20] 
[2026-09-14 14:33:20] 
[2026-09-14 14:33:20] 
[2026-09-14 14:33:20] 
[2026-09-14 14:33:20] 
[2026-09-14 14:33:20] [GET] /api/client_status from 127.0.0.1 cookie=***
[2026-09-14 14:33:20] 
[2026-09-14 14:33:20] [14:33:20] "GET /api/refund HTTP/1.1" 200 -
[2026-09-14 14:33:20] 
[2026-09-14 14:33:20] [GET] /api/service-fee from 127.0.0.1 cookie=***
[2026-09-14 14:33:20] 
[2026-09-14 14:33:20] [14:33:20] "GET /api/payment HTTP/1.1" 200 -
[2026-09-14 14:33:20] 
[2026-09-14 14:33:20] [14:33:20] "GET /api/client_status HTTP/1.1" 200 -
[2026-09-14 14:33:20] 
[2026-09-14 14:33:20] [14:33:20] "GET /api/mapping HTTP/1.1" 200 -
[2026-09-14 14:33:20] 
[2026-09-14 14:33:20] [14:33:20] "GET /api/service-fee HTTP/1.1" 200 -
[2026-09-14 14:33:20] 
[2026-09-14 14:33:20] [14:33:20] "GET /api/consume HTTP/1.1" 200 -
[2026-09-14 14:33:20] 
[2026-09-14 14:33:21] [14:33:21] "GET /api/recharge HTTP/1.1" 200 -
[2026-09-14 14:33:21] 
[2026-09-14 14:33:22] [GET] /api/meta/tokens/1789309384346_ef17c8/test from 127.0.0.1 cookie=***
[2026-09-14 14:33:22] 
[2026-09-14 14:33:23] [14:33:23] "GET /api/meta/tokens/1789309384346_ef17c8/test HTTP/1.1" 200 -
[2026-09-14 14:33:23] 
[2026-09-14 14:33:24] [GET] /api/stats from 127.0.0.1 cookie=***
[2026-09-14 14:33:24] 
[2026-09-14 14:33:24] [GET] /api/consume/stats from 127.0.0.1 cookie=***
[2026-09-14 14:33:24] 
[2026-09-14 14:33:24] [GET] /api/meta/tokens from 127.0.0.1 cookie=***
[2026-09-14 14:33:24] 
[2026-09-14 14:33:24] [14:33:24] "GET /api/meta/tokens HTTP/1.1" 200 -
[2026-09-14 14:33:24] 
[2026-09-14 14:33:24] [14:33:24] "GET /api/stats HTTP/1.1" 200 -
[2026-09-14 14:33:24] 
[2026-09-14 14:33:25] [刷新匹配] 保留 10879 条, 更新了 0 条
[2026-09-14 14:33:25] 
[2026-09-14 14:33:26] [14:33:26] "GET /api/consume/stats HTTP/1.1" 200 -
[2026-09-14 14:33:26] 
[2026-09-14 14:33:32] [GET] /api/meta/sync from 127.0.0.1 cookie=***
[2026-09-14 14:33:32] 
[2026-09-14 14:33:38] [Meta] 绿通：落库 新增 0 / 更新 23 / 未下户拒绝 0
[2026-09-14 14:33:38] 
[2026-09-14 14:33:39] [14:33:39] "GET /api/meta/sync?mode=manual&since=2026-08-15&until=2026-09-14 HTTP/1.1" 200 -
[2026-09-14 14:33:39] 
[2026-09-14 14:33:50] [GET] /api/stats from 127.0.0.1 cookie=***
[2026-09-14 14:33:50] 
[2026-09-14 14:33:50] [14:33:50] "GET /api/stats HTTP/1.1" 200 -
[2026-09-14 14:33:50] 
[2026-09-14 14:34:20] [GET] /api/stats from 127.0.0.1 cookie=***
[2026-09-14 14:34:20] 
[2026-09-14 14:34:20] [14:34:20] "GET /api/stats HTTP/1.1" 200 -
[2026-09-14 14:34:20] 
[2026-09-14 14:34:39] [GET] /api/server-logs from 127.0.0.1 cookie=***
[2026-09-14 14:34:39] 
[2026-09-14 14:34:39] [14:34:39] "GET /api/server-logs?lines=200 HTTP/1.1" 200 -
[2026-09-14 14:34:39] 
[2026-09-14 14:34:50] [GET] /api/stats from 127.0.0.1 cookie=***
[2026-09-14 14:34:50] 
[2026-09-14 14:34:50] [14:34:50] "GET /api/stats HTTP/1.1" 200 -
[2026-09-14 14:34:50] 
[2026-09-14 14:35:20] [GET] /api/stats from 127.0.0.1 cookie=***
[2026-09-14 14:35:20] 
[2026-09-14 14:35:20] [14:35:20] "GET /api/stats HTTP/1.1" 200 -
[2026-09-14 14:35:20] 
[2026-09-14 14:35:50] [GET] /api/stats from 127.0.0.1 cookie=***
[2026-09-14 14:35:50] 
[2026-09-14 14:35:50] [14:35:50] "GET /api/stats HTTP/1.1" 200 -
[2026-09-14 14:35:50] 
[2026-09-14 14:36:20] [GET] /api/stats from 127.0.0.1 cookie=***
[2026-09-14 14:36:20] 
[2026-09-14 14:36:20] [14:36:20] "GET /api/stats HTTP/1.1" 200 -
[2026-09-14 14:36:20] 
[2026-09-14 14:36:50] [GET] /api/stats from 127.0.0.1 cookie=***
[2026-09-14 14:36:50] 
[2026-09-14 14:36:50] [14:36:50] "GET /api/stats HTTP/1.1" 200 -
[2026-09-14 14:36:50] 
[2026-09-14 14:37:20] [GET] /api/stats from 127.0.0.1 cookie=***
[2026-09-14 14:37:20] 
[2026-09-14 14:37:20] [14:37:20] "GET /api/stats HTTP/1.1" 200 -
[2026-09-14 14:37:20] 
[2026-09-14 14:37:50] [GET] /api/stats from 127.0.0.1 cookie=***
[2026-09-14 14:37:50] 
[2026-09-14 14:37:50] [14:37:50] "GET /api/stats HTTP/1.1" 200 -
[2026-09-14 14:37:50] 
[2026-09-14 14:38:20] [GET] /api/stats from 127.0.0.1 cookie=***
[2026-09-14 14:38:20] 
[2026-09-14 14:38:20] [14:38:20] "GET /api/stats HTTP/1.1" 200 -
[2026-09-14 14:38:20] 
[2026-09-14 14:38:50] [GET] /api/stats from 127.0.0.1 cookie=***
[2026-09-14 14:38:50] 
[2026-09-14 14:38:50] [14:38:50] "GET /api/stats HTTP/1.1" 200 -
[2026-09-14 14:38:50] 
[2026-09-14 14:39:03] [boot] 日志重定向已启用 -> /Users/mac/Library/Application Support/TRAE SOLO CN/ModularData/ai-agent/work-mode-projects/6aa2769ead555511aa7a9041/fb_project/FB广告账户管理系统 v3.912/data/server.log
[2026-09-14 14:39:03] 
[2026-09-14 14:39:03] [preload] ✅ 预加载 2 个静态文件 (1371KB → 442KB gzip, 节省 68%)
[2026-09-14 14:39:03] 
[2026-09-14 14:39:03] =======================================================
[2026-09-14 14:39:03] 
[2026-09-14 14:39:03]   FB 广告账户管理系统 v4 · 单机完整版
[2026-09-14 14:39:03] 
[2026-09-14 14:39:03]   地址: http://localhost:3000
[2026-09-14 14:39:03] 
[2026-09-14 14:39:03]   数据目录: /Users/mac/Library/Application Support/TRAE SOLO CN/ModularData/ai-agent/work-mode-projects/6aa2769ead555511aa7a9041/fb_project/FB广告账户管理系统 v3.912/data
[2026-09-14 14:39:03] 
[2026-09-14 14:39:03]   默认账号: admin / admin123456
[2026-09-14 14:39:03] 
[2026-09-14 14:39:03]   按 Ctrl+C 停止
[2026-09-14 14:39:03] 
[2026-09-14 14:39:03] =======================================================
[2026-09-14 14:39:03] 
[2026-09-14 14:39:20] [GET] /api/stats from 127.0.0.1 cookie=***
[2026-09-14 14:39:20] 
[2026-09-14 14:39:20] [14:39:20] "GET /api/stats HTTP/1.1" 200 -
[2026-09-14 14:39:20] 
[2026-09-14 14:39:30] [GET] /api/meta/tokens from 127.0.0.1 cookie=***
[2026-09-14 14:39:30] 
[2026-09-14 14:39:30] [14:39:30] "GET /api/meta/tokens HTTP/1.1" 200 -
[2026-09-14 14:39:30] 
[2026-09-14 14:39:47] [GET] /api/meta/sync from 127.0.0.1 cookie=***
[2026-09-14 14:39:47] 
[2026-09-14 14:39:50] [GET] /api/stats from 127.0.0.1 cookie=***
[2026-09-14 14:39:50] 
[2026-09-14 14:39:50] [14:39:50] "GET /api/stats HTTP/1.1" 200 -
[2026-09-14 14:39:50] 
[2026-09-14 14:39:51] [Meta] 绿通：落库 新增 0 / 更新 23 / 未下户拒绝 0
[2026-09-14 14:39:51] 
[2026-09-14 14:39:58] [Meta] 上海中庭政bm：落库 新增 0 / 更新 1 / 未下户拒绝 0
[2026-09-14 14:39:58] 
[2026-09-14 14:39:58] [14:39:58] "GET /api/meta/sync?mode=manual&since=2026-08-15&until=2026-09-14 HTTP/1.1" 200 -
[2026-09-14 14:39:58] 
[2026-09-14 14:40:18] [GET] /api/meta/tokens/1789309384346_ef17c8/test from 127.0.0.1 cookie=***
[2026-09-14 14:40:18] 
[2026-09-14 14:40:19] [14:40:19] "GET /api/meta/tokens/1789309384346_ef17c8/test HTTP/1.1" 200 -
[2026-09-14 14:40:19] 
[2026-09-14 14:40:19] [GET] /api/meta/tokens from 127.0.0.1 cookie=***
[2026-09-14 14:40:19] 
[2026-09-14 14:40:19] [14:40:19] "GET /api/meta/tokens HTTP/1.1" 200 -
[2026-09-14 14:40:19] 
[2026-09-14 14:40:20] [GET] /api/stats from 127.0.0.1 cookie=***
[2026-09-14 14:40:20] 
[2026-09-14 14:40:20] [14:40:20] "GET /api/stats HTTP/1.1" 200 -
[2026-09-14 14:40:20] 
[2026-09-14 14:40:50] [GET] /api/stats from 127.0.0.1 cookie=***
[2026-09-14 14:40:50] 
[2026-09-14 14:40:50] [14:40:50] "GET /api/stats HTTP/1.1" 200 -
[2026-09-14 14:40:50] 
[2026-09-14 14:40:53] [GET] /api/health from 127.0.0.1 cookie=***
[2026-09-14 14:40:53] 
[2026-09-14 14:40:53] [14:40:53] "GET /api/health HTTP/1.1" 200 -
[2026-09-14 14:40:53] 
[2026-09-14 14:40:53] [GET] /api/mapping from 127.0.0.1 cookie=***
[2026-09-14 14:40:53] [GET] /api/recharge from 127.0.0.1 cookie=***
[2026-09-14 14:40:53] 
[2026-09-14 14:40:53] [GET] /api/refund from 127.0.0.1 cookie=***
[2026-09-14 14:40:53] [GET] /api/payment from 127.0.0.1 cookie=***
[2026-09-14 14:40:53] [GET] /api/consume from 127.0.0.1 cookie=***
[2026-09-14 14:40:53] [GET] /api/client_status from 127.0.0.1 cookie=***
[2026-09-14 14:40:53] 
[2026-09-14 14:40:53] 
[2026-09-14 14:40:53] 
[2026-09-14 14:40:53] 
[2026-09-14 14:40:53] 
[2026-09-14 14:40:53] [14:40:53] "GET /api/client_status HTTP/1.1" 200 -
[2026-09-14 14:40:53] 
[2026-09-14 14:40:53] [14:40:53] "GET /api/payment HTTP/1.1" 200 -
[2026-09-14 14:40:53] [GET] /api/service-fee from 127.0.0.1 cookie=***
[2026-09-14 14:40:53] 
[2026-09-14 14:40:53] 
[2026-09-14 14:40:54] [14:40:54] "GET /api/mapping HTTP/1.1" 200 -
[2026-09-14 14:40:54] 
[2026-09-14 14:40:54] [14:40:54] "GET /api/refund HTTP/1.1" 200 -
[2026-09-14 14:40:54] 
[2026-09-14 14:40:54] [14:40:54] "GET /api/service-fee HTTP/1.1" 200 -
[2026-09-14 14:40:54] 
[2026-09-14 14:40:54] [14:40:54] "GET /api/consume HTTP/1.1" 200 -
[2026-09-14 14:40:54] 
[2026-09-14 14:40:54] [14:40:54] "GET /api/recharge HTTP/1.1" 200 -
[2026-09-14 14:40:54] 
[2026-09-14 14:40:57] [GET] /api/stats from 127.0.0.1 cookie=***
[2026-09-14 14:40:57] 
[2026-09-14 14:40:57] [GET] /api/consume/stats from 127.0.0.1 cookie=***
[2026-09-14 14:40:57] 
[2026-09-14 14:40:57] [14:40:57] "GET /api/stats HTTP/1.1" 200 -
[2026-09-14 14:40:57] 
[2026-09-14 14:40:58] [刷新匹配] 保留 10880 条, 更新了 0 条
[2026-09-14 14:40:58] 
[2026-09-14 14:41:04] [boot] 日志重定向已启用 -> /Users/mac/Library/Application Support/TRAE SOLO CN/ModularData/ai-agent/work-mode-projects/6aa2769ead555511aa7a9041/fb_project/FB广告账户管理系统 v3.912/data/server.log
[2026-09-14 14:41:04] 
[2026-09-14 14:41:04] [preload] ✅ 预加载 2 个静态文件 (1371KB → 442KB gzip, 节省 68%)
[2026-09-14 14:41:04] 
[2026-09-14 14:41:04] =======================================================
[2026-09-14 14:41:04] 
[2026-09-14 14:41:04]   FB 广告账户管理系统 v4 · 单机完整版
[2026-09-14 14:41:04] 
[2026-09-14 14:41:04]   地址: http://localhost:3000
[2026-09-14 14:41:04] 
[2026-09-14 14:41:04]   数据目录: /Users/mac/Library/Application Support/TRAE SOLO CN/ModularData/ai-agent/work-mode-projects/6aa2769ead555511aa7a9041/fb_project/FB广告账户管理系统 v3.912/data
[2026-09-14 14:41:04] 
[2026-09-14 14:41:04]   默认账号: admin / admin123456
[2026-09-14 14:41:04] 
[2026-09-14 14:41:04]   按 Ctrl+C 停止
[2026-09-14 14:41:04] 
[2026-09-14 14:41:04] =======================================================
[2026-09-14 14:41:04] 
[2026-09-14 14:41:20] [GET] /api/stats from 127.0.0.1 cookie=***
[2026-09-14 14:41:20] 
[2026-09-14 14:41:20] [14:41:20] "GET /api/stats HTTP/1.1" 200 -
[2026-09-14 14:41:20] 
[2026-09-14 14:41:50] [GET] /api/stats from 127.0.0.1 cookie=***
[2026-09-14 14:41:50] 
[2026-09-14 14:41:50] [14:41:50] "GET /api/stats HTTP/1.1" 200 -
[2026-09-14 14:41:50] 
[2026-09-14 14:42:20] [GET] /api/stats from 127.0.0.1 cookie=***
[2026-09-14 14:42:20] 
[2026-09-14 14:42:20] [14:42:20] "GET /api/stats HTTP/1.1" 200 -
[2026-09-14 14:42:20] 
[2026-09-14 14:42:50] [GET] /api/stats from 127.0.0.1 cookie=***
[2026-09-14 14:42:50] 
[2026-09-14 14:42:50] [14:42:50] "GET /api/stats HTTP/1.1" 200 -
[2026-09-14 14:42:50] 
[2026-09-14 14:43:20] [GET] /api/stats from 127.0.0.1 cookie=***
[2026-09-14 14:43:20] 
[2026-09-14 14:43:21] [14:43:21] "GET /api/stats HTTP/1.1" 200 -
[2026-09-14 14:43:21] 
[2026-09-14 14:43:50] [GET] /api/stats from 127.0.0.1 cookie=***
[2026-09-14 14:43:50] 
[2026-09-14 14:43:51] [14:43:51] "GET /api/stats HTTP/1.1" 200 -
[2026-09-14 14:43:51] 
[2026-09-14 14:44:20] [GET] /api/stats from 127.0.0.1 cookie=***
[2026-09-14 14:44:20] 
[2026-09-14 14:44:21] [14:44:21] "GET /api/stats HTTP/1.1" 200 -
[2026-09-14 14:44:21] 
[2026-09-14 14:44:50] [GET] /api/stats from 127.0.0.1 cookie=***
[2026-09-14 14:44:50] 
[2026-09-14 14:44:51] [14:44:51] "GET /api/stats HTTP/1.1" 200 -
[2026-09-14 14:44:51] 
[2026-09-14 14:45:20] [GET] /api/stats from 127.0.0.1 cookie=***
[2026-09-14 14:45:20] 
[2026-09-14 14:45:21] [14:45:21] "GET /api/stats HTTP/1.1" 200 -
[2026-09-14 14:45:21] 
[2026-09-14 14:45:50] [GET] /api/stats from 127.0.0.1 cookie=***
[2026-09-14 14:45:50] 
[2026-09-14 14:45:51] [14:45:51] "GET /api/stats HTTP/1.1" 200 -
[2026-09-14 14:45:51] 
[2026-09-14 14:46:20] [GET] /api/stats from 127.0.0.1 cookie=***
[2026-09-14 14:46:20] 
[2026-09-14 14:46:21] [14:46:21] "GET /api/stats HTTP/1.1" 200 -
[2026-09-14 14:46:21] 
[2026-09-14 14:46:50] [GET] /api/stats from 127.0.0.1 cookie=***
[2026-09-14 14:46:50] 
[2026-09-14 14:46:51] [14:46:51] "GET /api/stats HTTP/1.1" 200 -
[2026-09-14 14:46:51] 
[2026-09-14 14:47:20] [GET] /api/stats from 127.0.0.1 cookie=***
[2026-09-14 14:47:20] 
[2026-09-14 14:47:21] [14:47:21] "GET /api/stats HTTP/1.1" 200 -
[2026-09-14 14:47:21] 
[2026-09-14 14:47:50] [GET] /api/stats from 127.0.0.1 cookie=***
[2026-09-14 14:47:50] 
[2026-09-14 14:47:51] [14:47:51] "GET /api/stats HTTP/1.1" 200 -
[2026-09-14 14:47:51] 
[2026-09-14 14:48:20] [GET] /api/stats from 127.0.0.1 cookie=***
[2026-09-14 14:48:20] 
[2026-09-14 14:48:21] [14:48:21] "GET /api/stats HTTP/1.1" 200 -
[2026-09-14 14:48:21] 
[2026-09-14 14:48:50] [GET] /api/stats from 127.0.0.1 cookie=***
[2026-09-14 14:48:50] 
[2026-09-14 14:48:51] [14:48:51] "GET /api/stats HTTP/1.1" 200 -
[2026-09-14 14:48:51] 
[2026-09-14 14:49:20] [GET] /api/stats from 127.0.0.1 cookie=***
[2026-09-14 14:49:20] 
[2026-09-14 14:49:21] [14:49:21] "GET /api/stats HTTP/1.1" 200 -
[2026-09-14 14:49:21] 
[2026-09-14 14:49:50] [GET] /api/stats from 127.0.0.1 cookie=***
[2026-09-14 14:49:50] 
[2026-09-14 14:49:51] [14:49:51] "GET /api/stats HTTP/1.1" 200 -
[2026-09-14 14:49:51] 
[2026-09-14 14:50:20] [GET] /api/stats from 127.0.0.1 cookie=***
[2026-09-14 14:50:20] 
[2026-09-14 14:50:21] [14:50:21] "GET /api/stats HTTP/1.1" 200 -
[2026-09-14 14:50:21] 
[2026-09-14 14:50:50] [GET] /api/stats from 127.0.0.1 cookie=***
[2026-09-14 14:50:50] 
[2026-09-14 14:50:51] [14:50:51] "GET /api/stats HTTP/1.1" 200 -
[2026-09-14 14:50:51] 
[2026-09-14 14:51:20] [GET] /api/stats from 127.0.0.1 cookie=***
[2026-09-14 14:51:20] 
[2026-09-14 14:51:21] [14:51:21] "GET /api/stats HTTP/1.1" 200 -
[2026-09-14 14:51:21] 
[2026-09-14 14:51:50] [GET] /api/stats from 127.0.0.1 cookie=***
[2026-09-14 14:51:50] 
[2026-09-14 14:51:51] [14:51:51] "GET /api/stats HTTP/1.1" 200 -
[2026-09-14 14:51:51] 
[2026-09-14 14:52:20] [GET] /api/stats from 127.0.0.1 cookie=***
[2026-09-14 14:52:20] 
[2026-09-14 14:52:21] [14:52:21] "GET /api/stats HTTP/1.1" 200 -
[2026-09-14 14:52:21] 
[2026-09-14 14:52:50] [GET] /api/stats from 127.0.0.1 cookie=***
[2026-09-14 14:52:50] 
[2026-09-14 14:52:51] [14:52:51] "GET /api/stats HTTP/1.1" 200 -
[2026-09-14 14:52:51] 
[2026-09-14 14:53:20] [GET] /api/stats from 127.0.0.1 cookie=***
[2026-09-14 14:53:20] 
[2026-09-14 14:53:21] [14:53:21] "GET /api/stats HTTP/1.1" 200 -
[2026-09-14 14:53:21] 
[2026-09-14 14:53:50] [GET] /api/stats from 127.0.0.1 cookie=***
[2026-09-14 14:53:50] 
[2026-09-14 14:53:51] [14:53:51] "GET /api/stats HTTP/1.1" 200 -
[2026-09-14 14:53:51] 
[2026-09-14 14:54:20] [GET] /api/stats from 127.0.0.1 cookie=***
[2026-09-14 14:54:20] 
[2026-09-14 14:54:21] [14:54:21] "GET /api/stats HTTP/1.1" 200 -
[2026-09-14 14:54:21] 
[2026-09-14 14:54:50] [GET] /api/stats from 127.0.0.1 cookie=***
[2026-09-14 14:54:50] 
[2026-09-14 14:54:51] [14:54:51] "GET /api/stats HTTP/1.1" 200 -
[2026-09-14 14:54:51] 
[2026-09-14 14:55:20] [GET] /api/stats from 127.0.0.1 cookie=***
[2026-09-14 14:55:20] 
[2026-09-14 14:55:21] [14:55:21] "GET /api/stats HTTP/1.1" 200 -
[2026-09-14 14:55:21] 
[2026-09-14 14:55:50] [GET] /api/stats from 127.0.0.1 cookie=***
[2026-09-14 14:55:50] 
[2026-09-14 14:55:51] [14:55:51] "GET /api/stats HTTP/1.1" 200 -
[2026-09-14 14:55:51] 
[2026-09-14 14:56:20] [GET] /api/stats from 127.0.0.1 cookie=***
[2026-09-14 14:56:20] 
[2026-09-14 14:56:21] [14:56:21] "GET /api/stats HTTP/1.1" 200 -
[2026-09-14 14:56:21] 
[2026-09-14 14:56:50] [GET] /api/stats from 127.0.0.1 cookie=***
[2026-09-14 14:56:50] 
[2026-09-14 14:56:51] [14:56:51] "GET /api/stats HTTP/1.1" 200 -
[2026-09-14 14:56:51] 
[2026-09-14 14:57:20] [GET] /api/stats from 127.0.0.1 cookie=***
[2026-09-14 14:57:20] 
[2026-09-14 14:57:21] [14:57:21] "GET /api/stats HTTP/1.1" 200 -
[2026-09-14 14:57:21] 
[2026-09-14 14:57:50] [GET] /api/stats from 127.0.0.1 cookie=***
[2026-09-14 14:57:50] 
[2026-09-14 14:57:51] [14:57:51] "GET /api/stats HTTP/1.1" 200 -
[2026-09-14 14:57:51] 
[2026-09-14 14:58:20] [GET] /api/stats from 127.0.0.1 cookie=***
[2026-09-14 14:58:20] 
[2026-09-14 14:58:21] [14:58:21] "GET /api/stats HTTP/1.1" 200 -
[2026-09-14 14:58:21] 
[2026-09-14 14:58:50] [GET] /api/stats from 127.0.0.1 cookie=***
[2026-09-14 14:58:50] 
[2026-09-14 14:58:51] [14:58:51] "GET /api/stats HTTP/1.1" 200 -
[2026-09-14 14:58:51] 
[2026-09-14 14:59:20] [GET] /api/stats from 127.0.0.1 cookie=***
[2026-09-14 14:59:20] 
[2026-09-14 14:59:21] [14:59:21] "GET /api/stats HTTP/1.1" 200 -
[2026-09-14 14:59:21] 
[2026-09-14 14:59:27] [GET] /api/meta/sync from 127.0.0.1 cookie=***
[2026-09-14 14:59:27] 
[2026-09-14 14:59:31] [Meta] 绿通：落库 新增 0 / 更新 6 / 未下户拒绝 0
[2026-09-14 14:59:31] 
[2026-09-14 14:59:40] [Meta] 上海中庭政bm：落库 新增 0 / 更新 1 / 未下户拒绝 0
[2026-09-14 14:59:40] 
[2026-09-14 14:59:40] [14:59:40] "GET /api/meta/sync?mode=manual&since=2026-09-07&until=2026-09-14 HTTP/1.1" 200 -
[2026-09-14 14:59:40] 
[2026-09-14 14:59:50] [GET] /api/stats from 127.0.0.1 cookie=***
[2026-09-14 14:59:50] 
[2026-09-14 14:59:51] [14:59:51] "GET /api/stats HTTP/1.1" 200 -
[2026-09-14 14:59:51] 
[2026-09-14 15:00:10] [GET] /api/consume/account/1398205222433560 from 127.0.0.1 cookie=***
[2026-09-14 15:00:10] 
[2026-09-14 15:00:10] [15:00:10] "GET /api/consume/account/1398205222433560 HTTP/1.1" 200 -
[2026-09-14 15:00:10] 
[2026-09-14 15:00:14] [GET] /api/consume/account/1383161003971264 from 127.0.0.1 cookie=***
[2026-09-14 15:00:14] 
[2026-09-14 15:00:14] [15:00:14] "GET /api/consume/account/1383161003971264 HTTP/1.1" 200 -
[2026-09-14 15:00:14] 
[2026-09-14 15:00:20] [GET] /api/stats from 127.0.0.1 cookie=***
[2026-09-14 15:00:20] 
[2026-09-14 15:00:21] [15:00:21] "GET /api/stats HTTP/1.1" 200 -
[2026-09-14 15:00:21] 
[2026-09-14 15:00:24] [GET] /api/health from 127.0.0.1 cookie=***
[2026-09-14 15:00:24] 
[2026-09-14 15:00:24] [15:00:24] "GET /api/health HTTP/1.1" 200 -
[2026-09-14 15:00:24] 
[2026-09-14 15:00:24] [GET] /api/mapping from 127.0.0.1 cookie=***
[2026-09-14 15:00:24] [GET] /api/recharge from 127.0.0.1 cookie=***
[2026-09-14 15:00:24] [GET] /api/refund from 127.0.0.1 cookie=***
[2026-09-14 15:00:24] [GET] /api/client_status from 127.0.0.1 cookie=***
[2026-09-14 15:00:24] [GET] /api/payment from 127.0.0.1 cookie=***
[2026-09-14 15:00:24] [GET] /api/consume from 127.0.0.1 cookie=***
[2026-09-14 15:00:24] 
[2026-09-14 15:00:24] 
[2026-09-14 15:00:24] 
[2026-09-14 15:00:24] 
[2026-09-14 15:00:24] 
[2026-09-14 15:00:24] 
[2026-09-14 15:00:24] [15:00:24] "GET /api/refund HTTP/1.1" 200 -
[2026-09-14 15:00:24] 
[2026-09-14 15:00:24] [GET] /api/service-fee from 127.0.0.1 cookie=***
[2026-09-14 15:00:24] 
[2026-09-14 15:00:24] [15:00:24] "GET /api/mapping HTTP/1.1" 200 -
[2026-09-14 15:00:25] 
[2026-09-14 15:00:25] [15:00:25] "GET /api/client_status HTTP/1.1" 200 -
[2026-09-14 15:00:25] 
[2026-09-14 15:00:25] [15:00:25] "GET /api/payment HTTP/1.1" 200 -
[2026-09-14 15:00:25] 
[2026-09-14 15:00:25] [15:00:25] "GET /api/service-fee HTTP/1.1" 200 -
[2026-09-14 15:00:25] 
[2026-09-14 15:00:25] [15:00:25] "GET /api/consume HTTP/1.1" 200 -
[2026-09-14 15:00:25] 
[2026-09-14 15:00:25] [15:00:25] "GET /api/recharge HTTP/1.1" 200 -
[2026-09-14 15:00:25] 
[2026-09-14 15:00:27] [GET] /api/stats from 127.0.0.1 cookie=***
[2026-09-14 15:00:27] 
[2026-09-14 15:00:27] [GET] /api/consume/stats from 127.0.0.1 cookie=***
[2026-09-14 15:00:27] 
[2026-09-14 15:00:28] [15:00:28] "GET /api/stats HTTP/1.1" 200 -
[2026-09-14 15:00:28] 
[2026-09-14 15:00:28] [刷新匹配] 保留 10880 条, 更新了 0 条
[2026-09-14 15:00:28] 
[2026-09-14 15:00:29] [15:00:29] "GET /api/consume/stats HTTP/1.1" 200 -
[2026-09-14 15:00:29] 
[2026-09-14 15:00:39] [GET] /api/consume/account/1383161003971264 from 127.0.0.1 cookie=***
[2026-09-14 15:00:39] 
[2026-09-14 15:00:39] [15:00:39] "GET /api/consume/account/1383161003971264 HTTP/1.1" 200 -
[2026-09-14 15:00:39] 
[2026-09-14 15:00:50] [GET] /api/stats from 127.0.0.1 cookie=***
[2026-09-14 15:00:50] 
[2026-09-14 15:00:51] [15:00:51] "GET /api/stats HTTP/1.1" 200 -
[2026-09-14 15:00:51] 
[2026-09-14 15:01:20] [GET] /api/stats from 127.0.0.1 cookie=***
[2026-09-14 15:01:20] 
[2026-09-14 15:01:21] [15:01:21] "GET /api/stats HTTP/1.1" 200 -
[2026-09-14 15:01:21] 
[2026-09-14 15:01:50] [GET] /api/stats from 127.0.0.1 cookie=***
[2026-09-14 15:01:50] 
[2026-09-14 15:01:51] [15:01:51] "GET /api/stats HTTP/1.1" 200 -
[2026-09-14 15:01:51] 
[2026-09-15 10:14:52] [boot] 日志重定向已启用 -> /Users/mac/Library/Application Support/TRAE SOLO CN/ModularData/ai-agent/work-mode-projects/6aa2769ead555511aa7a9041/fb_project/FB广告账户管理系统 v3.912/data/server.log
[2026-09-15 10:14:52] 
[2026-09-15 10:14:52] [preload] ✅ 预加载 2 个静态文件 (1372KB → 443KB gzip, 节省 68%)
[2026-09-15 10:14:52] 
[2026-09-15 10:14:52] =======================================================
[2026-09-15 10:14:52] 
[2026-09-15 10:14:52]   FB 广告账户管理系统 v4 · 单机完整版
[2026-09-15 10:14:52] 
[2026-09-15 10:14:52]   地址: http://localhost:3000
[2026-09-15 10:14:52] 
[2026-09-15 10:14:52]   数据目录: /Users/mac/Library/Application Support/TRAE SOLO CN/ModularData/ai-agent/work-mode-projects/6aa2769ead555511aa7a9041/fb_project/FB广告账户管理系统 v3.912/data
[2026-09-15 10:14:52] 
[2026-09-15 10:14:52]   默认账号: admin / admin123456
[2026-09-15 10:14:52] 
[2026-09-15 10:14:52]   按 Ctrl+C 停止
[2026-09-15 10:14:52] 
[2026-09-15 10:14:52] =======================================================
[2026-09-15 10:14:52] 
[2026-09-15 10:15:03] [POST] /api/auth/login from 127.0.0.1 no-cookie
[2026-09-15 10:15:03] 
[2026-09-15 10:15:03] [10:15:03] "POST /api/auth/login HTTP/1.1" 401 -
[2026-09-15 10:15:03] 
[2026-09-15 10:15:03] [POST] /api/auth/login from 127.0.0.1 no-cookie
[2026-09-15 10:15:03] 
[2026-09-15 10:15:03] [10:15:03] "POST /api/auth/login HTTP/1.1" 401 -
[2026-09-15 10:15:03] 
[2026-09-15 10:15:03] [POST] /api/auth/login from 127.0.0.1 no-cookie
[2026-09-15 10:15:03] 
[2026-09-15 10:15:03] [10:15:03] "POST /api/auth/login HTTP/1.1" 401 -
[2026-09-15 10:15:03] 
[2026-09-15 10:15:03] [POST] /api/auth/login from 127.0.0.1 no-cookie
[2026-09-15 10:15:03] 
[2026-09-15 10:15:03] [10:15:03] "POST /api/auth/login HTTP/1.1" 401 -
[2026-09-15 10:15:03] 
[2026-09-15 10:15:03] [POST] /api/auth/login from 127.0.0.1 no-cookie
[2026-09-15 10:15:03] 
[2026-09-15 10:15:03] [10:15:03] "POST /api/auth/login HTTP/1.1" 429 -
[2026-09-15 10:15:03] 
[2026-09-15 10:15:03] [POST] /api/auth/login from 127.0.0.1 no-cookie
[2026-09-15 10:15:03] 
[2026-09-15 10:15:03] [10:15:03] "POST /api/auth/login HTTP/1.1" 429 -
[2026-09-15 10:15:03] 
[2026-09-15 10:15:03] [429] rate-limit login ip=127.0.0.1 count=11
[2026-09-15 10:15:03] 
[2026-09-15 10:15:03] [POST] /api/auth/login from 127.0.0.1 no-cookie
[2026-09-15 10:15:03] 
[2026-09-15 10:15:03] [10:15:03] "POST /api/auth/login HTTP/1.1" 429 -
[2026-09-15 10:15:03] 
[2026-09-15 10:15:03] [429] rate-limit login ip=127.0.0.1 count=12
[2026-09-15 10:15:03] 
[2026-09-15 10:15:14] [boot] 日志重定向已启用 -> /Users/mac/Library/Application Support/TRAE SOLO CN/ModularData/ai-agent/work-mode-projects/6aa2769ead555511aa7a9041/fb_project/FB广告账户管理系统 v3.912/data/server.log
[2026-09-15 10:15:14] 
[2026-09-15 10:15:14] [preload] ✅ 预加载 2 个静态文件 (1372KB → 443KB gzip, 节省 68%)
[2026-09-15 10:15:14] 
[2026-09-15 10:15:14] =======================================================
[2026-09-15 10:15:14] 
[2026-09-15 10:15:14]   FB 广告账户管理系统 v4 · 单机完整版
[2026-09-15 10:15:14] 
[2026-09-15 10:15:14]   地址: http://localhost:3000
[2026-09-15 10:15:14] 
[2026-09-15 10:15:14]   数据目录: /Users/mac/Library/Application Support/TRAE SOLO CN/ModularData/ai-agent/work-mode-projects/6aa2769ead555511aa7a9041/fb_project/FB广告账户管理系统 v3.912/data
[2026-09-15 10:15:14] 
[2026-09-15 10:15:14]   默认账号: admin / admin123456
[2026-09-15 10:15:14] 
[2026-09-15 10:15:14]   按 Ctrl+C 停止
[2026-09-15 10:15:14] 
[2026-09-15 10:15:14] =======================================================
[2026-09-15 10:15:14] 
[2026-09-15 10:15:15] [GET] /api/health from 127.0.0.1 no-cookie
[2026-09-15 10:15:15] 
[2026-09-15 10:15:15] [10:15:15] "GET /api/health HTTP/1.1" 200 -
[2026-09-15 10:15:15] 
[2026-09-15 10:31:16] [POST] /api/auth/login from 127.0.0.1 no-cookie
[2026-09-15 10:31:16] 
[2026-09-15 10:31:16] [10:31:16] "POST /api/auth/login HTTP/1.1" 200 -
[2026-09-15 10:31:16] 
[2026-09-15 10:31:16] [GET] /api/health from 127.0.0.1 cookie=***
[2026-09-15 10:31:16] 
[2026-09-15 10:31:16] [10:31:16] "GET /api/health HTTP/1.1" 200 -
[2026-09-15 10:31:16] 
[2026-09-15 10:31:16] [10:31:16] "GET /api/settings HTTP/1.1" 403 -
[2026-09-15 10:31:16] 
[2026-09-15 10:31:16] [10:31:16] "GET /api/users HTTP/1.1" 403 -
[2026-09-15 10:31:16] 
[2026-09-15 10:31:16] [10:31:16] "GET /api/ops-log HTTP/1.1" 403 -
[2026-09-15 10:31:16] 
[2026-09-15 10:31:16] [10:31:16] "GET /api/stats HTTP/1.1" 403 -
[2026-09-15 10:31:16] 
[2026-09-15 10:31:16] [10:31:16] "GET /api/consume HTTP/1.1" 403 -
[2026-09-15 10:31:16] 
[2026-09-15 10:31:16] [10:31:16] "GET /api/consume/stats HTTP/1.1" 403 -
[2026-09-15 10:31:16] 
[2026-09-15 10:31:16] [10:31:16] "GET /api/mapping HTTP/1.1" 403 -
[2026-09-15 10:31:16] 
[2026-09-15 10:31:16] [10:31:16] "GET /api/recharge HTTP/1.1" 403 -
[2026-09-15 10:31:16] 
[2026-09-15 10:31:16] [10:31:16] "GET /api/refund HTTP/1.1" 403 -
[2026-09-15 10:31:16] 
[2026-09-15 10:31:16] [10:31:16] "GET /api/payment HTTP/1.1" 403 -
[2026-09-15 10:31:16] 
[2026-09-15 10:31:16] [10:31:16] "GET /api/service-fee HTTP/1.1" 403 -
[2026-09-15 10:31:16] 
[2026-09-15 10:31:16] [10:31:16] "GET /api/client_status HTTP/1.1" 403 -
[2026-09-15 10:31:16] 
[2026-09-15 10:31:16] [10:31:16] "GET /api/meta/tokens HTTP/1.1" 403 -
[2026-09-15 10:31:16] 
[2026-09-15 10:31:16] [10:31:16] "GET /api/meta/auto-sync-cfg HTTP/1.1" 403 -
[2026-09-15 10:31:16] 
[2026-09-15 10:31:16] [10:31:16] "GET /api/auth/me HTTP/1.1" 403 -
[2026-09-15 10:31:16] 
[2026-09-15 10:31:29] [POST] /api/auth/login from 127.0.0.1 no-cookie
[2026-09-15 10:31:29] 
[2026-09-15 10:31:29] [10:31:29] "POST /api/auth/login HTTP/1.1" 429 -
[2026-09-15 10:31:29] 
[2026-09-15 10:31:29] [429] rate-limit login ip=127.0.0.1 count=19
[2026-09-15 10:31:29] 
[2026-09-15 10:31:47] [boot] 日志重定向已启用 -> /Users/mac/Library/Application Support/TRAE SOLO CN/ModularData/ai-agent/work-mode-projects/6aa2769ead555511aa7a9041/fb_project/FB广告账户管理系统 v3.912/data/server.log
[2026-09-15 10:31:47] 
[2026-09-15 10:31:47] [preload] ✅ 预加载 2 个静态文件 (1372KB → 443KB gzip, 节省 68%)
[2026-09-15 10:31:47] 
[2026-09-15 10:31:47] =======================================================
[2026-09-15 10:31:47] 
[2026-09-15 10:31:47]   FB 广告账户管理系统 v4 · 单机完整版
[2026-09-15 10:31:47] 
[2026-09-15 10:31:47]   地址: http://localhost:3000
[2026-09-15 10:31:47] 
[2026-09-15 10:31:47]   数据目录: /Users/mac/Library/Application Support/TRAE SOLO CN/ModularData/ai-agent/work-mode-projects/6aa2769ead555511aa7a9041/fb_project/FB广告账户管理系统 v3.912/data
[2026-09-15 10:31:47] 
[2026-09-15 10:31:47]   默认账号: admin / admin123456
[2026-09-15 10:31:47] 
[2026-09-15 10:31:47]   按 Ctrl+C 停止
[2026-09-15 10:31:47] 
[2026-09-15 10:31:47] =======================================================
[2026-09-15 10:31:47] 
[2026-09-15 10:32:10] [POST] /api/auth/login from 127.0.0.1 no-cookie
[2026-09-15 10:32:10] 
[2026-09-15 10:32:10] [10:32:10] "POST /api/auth/login HTTP/1.1" 200 -
[2026-09-15 10:32:10] 
[2026-09-15 10:32:10] [10:32:10] "GET /api/auth/me HTTP/1.1" 403 -
[2026-09-15 10:32:10] 
[2026-09-15 10:32:10] [GET] /api/health from 127.0.0.1 cookie=***
[2026-09-15 10:32:10] 
[2026-09-15 10:32:10] [10:32:10] "GET /api/health HTTP/1.1" 200 -
[2026-09-15 10:32:10] 
[2026-09-15 10:32:10] [10:32:10] "GET /api/settings HTTP/1.1" 403 -
[2026-09-15 10:32:10] 
[2026-09-15 10:32:10] [10:32:10] "GET /api/users HTTP/1.1" 403 -
[2026-09-15 10:32:10] 
[2026-09-15 10:32:11] [10:32:11] "GET /api/ops-log HTTP/1.1" 403 -
[2026-09-15 10:32:11] 
[2026-09-15 10:32:11] [10:32:11] "GET /api/stats HTTP/1.1" 403 -
[2026-09-15 10:32:11] 
[2026-09-15 10:32:11] [10:32:11] "GET /api/consume/stats HTTP/1.1" 403 -
[2026-09-15 10:32:11] 
[2026-09-15 10:32:11] [10:32:11] "GET /api/mapping HTTP/1.1" 403 -
[2026-09-15 10:32:11] 
[2026-09-15 10:32:11] [10:32:11] "GET /api/consume HTTP/1.1" 403 -
[2026-09-15 10:32:11] 
[2026-09-15 10:32:11] [10:32:11] "GET /api/recharge HTTP/1.1" 403 -
[2026-09-15 10:32:11] 
[2026-09-15 10:32:11] [10:32:11] "GET /api/refund HTTP/1.1" 403 -
[2026-09-15 10:32:11] 
[2026-09-15 10:32:11] [10:32:11] "GET /api/payment HTTP/1.1" 403 -
[2026-09-15 10:32:11] 
[2026-09-15 10:32:11] [10:32:11] "GET /api/service-fee HTTP/1.1" 403 -
[2026-09-15 10:32:11] 
[2026-09-15 10:32:11] [10:32:11] "GET /api/client_status HTTP/1.1" 403 -
[2026-09-15 10:32:11] 
[2026-09-15 10:32:11] [10:32:11] "GET /api/meta/tokens HTTP/1.1" 403 -
[2026-09-15 10:32:11] 
[2026-09-15 10:32:11] [10:32:11] "GET /api/meta/auto-sync-cfg HTTP/1.1" 403 -
[2026-09-15 10:32:11] 
[2026-09-15 10:32:11] [10:32:11] "GET /api/backup/download HTTP/1.1" 403 -
[2026-09-15 10:32:11] 
[2026-09-15 10:32:37] [POST] /api/auth/login from 127.0.0.1 no-cookie
[2026-09-15 10:32:37] 
[2026-09-15 10:32:37] [10:32:37] "POST /api/auth/login HTTP/1.1" 429 -
[2026-09-15 10:32:37] 
[2026-09-15 10:32:37] [429] rate-limit login ip=127.0.0.1 count=20
[2026-09-15 10:32:37] 
[2026-09-15 10:35:12] [boot] 日志重定向已启用 -> /Users/mac/Library/Application Support/TRAE SOLO CN/ModularData/ai-agent/work-mode-projects/6aa2769ead555511aa7a9041/fb_project/FB广告账户管理系统 v3.912/data/server.log
[2026-09-15 10:35:12] 
[2026-09-15 10:35:12] [preload] ✅ 预加载 2 个静态文件 (1372KB → 443KB gzip, 节省 68%)
[2026-09-15 10:35:12] 
[2026-09-15 10:35:12] =======================================================
[2026-09-15 10:35:12] 
[2026-09-15 10:35:12]   FB 广告账户管理系统 v4 · 单机完整版
[2026-09-15 10:35:12] 
[2026-09-15 10:35:12]   地址: http://localhost:3000
[2026-09-15 10:35:12] 
[2026-09-15 10:35:12]   数据目录: /Users/mac/Library/Application Support/TRAE SOLO CN/ModularData/ai-agent/work-mode-projects/6aa2769ead555511aa7a9041/fb_project/FB广告账户管理系统 v3.912/data
[2026-09-15 10:35:12] 
[2026-09-15 10:35:12]   默认账号: admin / admin123456
[2026-09-15 10:35:12] 
[2026-09-15 10:35:12]   按 Ctrl+C 停止
[2026-09-15 10:35:12] 
[2026-09-15 10:35:12] =======================================================
[2026-09-15 10:35:12] 
[2026-09-15 10:35:49] [POST] /api/auth/login from 127.0.0.1 no-cookie
[2026-09-15 10:35:49] 
[2026-09-15 10:35:49] [10:35:49] "POST /api/auth/login HTTP/1.1" 200 -
[2026-09-15 10:35:49] 
[2026-09-15 10:35:49] [10:35:49] "GET /api/auth/me HTTP/1.1" 403 -
[2026-09-15 10:35:49] 
[2026-09-15 10:35:49] [GET] /api/health from 127.0.0.1 cookie=***
[2026-09-15 10:35:49] 
[2026-09-15 10:35:49] [10:35:49] "GET /api/health HTTP/1.1" 200 -
[2026-09-15 10:35:49] 
[2026-09-15 10:35:49] [10:35:49] "GET /api/settings HTTP/1.1" 403 -
[2026-09-15 10:35:49] 
[2026-09-15 10:35:49] [10:35:49] "GET /api/users HTTP/1.1" 403 -
[2026-09-15 10:35:49] 
[2026-09-15 10:35:49] [10:35:49] "GET /api/ops-log HTTP/1.1" 403 -
[2026-09-15 10:35:49] 
[2026-09-15 10:35:49] [10:35:49] "GET /api/stats HTTP/1.1" 403 -
[2026-09-15 10:35:49] 
[2026-09-15 10:35:49] [10:35:49] "GET /api/consume/stats HTTP/1.1" 403 -
[2026-09-15 10:35:49] 
[2026-09-15 10:35:49] [10:35:49] "GET /api/mapping HTTP/1.1" 403 -
[2026-09-15 10:35:49] 
[2026-09-15 10:35:49] [10:35:49] "GET /api/consume HTTP/1.1" 403 -
[2026-09-15 10:35:49] 
[2026-09-15 10:35:49] [10:35:49] "GET /api/recharge HTTP/1.1" 403 -
[2026-09-15 10:35:49] 
[2026-09-15 10:35:49] [10:35:49] "GET /api/refund HTTP/1.1" 403 -
[2026-09-15 10:35:49] 
[2026-09-15 10:35:49] [10:35:49] "GET /api/payment HTTP/1.1" 403 -
[2026-09-15 10:35:49] 
[2026-09-15 10:35:49] [10:35:49] "GET /api/service-fee HTTP/1.1" 403 -
[2026-09-15 10:35:49] 
[2026-09-15 10:35:49] [10:35:49] "GET /api/client_status HTTP/1.1" 403 -
[2026-09-15 10:35:49] 
[2026-09-15 10:35:49] [10:35:49] "GET /api/meta/tokens HTTP/1.1" 403 -
[2026-09-15 10:35:49] 
[2026-09-15 10:35:49] [10:35:49] "GET /api/meta/auto-sync-cfg HTTP/1.1" 403 -
[2026-09-15 10:35:49] 
[2026-09-15 10:35:49] [10:35:49] "GET /api/backup/download HTTP/1.1" 403 -
[2026-09-15 10:35:49] 
[2026-09-15 10:35:49] [GET] /xlsx.full.min.js from 127.0.0.1 cookie=***
[2026-09-15 10:35:49] 
[2026-09-15 10:35:49] [10:35:49] "GET /xlsx.full.min.js HTTP/1.1" 200 -
[2026-09-15 10:35:49] 
[2026-09-15 10:36:04] [POST] /api/auth/login from 127.0.0.1 no-cookie
[2026-09-15 10:36:04] 
[2026-09-15 10:36:04] [10:36:04] "POST /api/auth/login HTTP/1.1" 429 -
[2026-09-15 10:36:04] 
[2026-09-15 10:36:04] [429] rate-limit login ip=127.0.0.1 count=21
[2026-09-15 10:36:04] 
[2026-09-15 10:36:28] [boot] 日志重定向已启用 -> /Users/mac/Library/Application Support/TRAE SOLO CN/ModularData/ai-agent/work-mode-projects/6aa2769ead555511aa7a9041/fb_project/FB广告账户管理系统 v3.912/data/server.log
[2026-09-15 10:36:28] 
[2026-09-15 10:36:28] [preload] ✅ 预加载 2 个静态文件 (1372KB → 443KB gzip, 节省 68%)
[2026-09-15 10:36:28] 
[2026-09-15 10:36:28] =======================================================
[2026-09-15 10:36:28] 
[2026-09-15 10:36:28]   FB 广告账户管理系统 v4 · 单机完整版
[2026-09-15 10:36:28] 
[2026-09-15 10:36:28]   地址: http://localhost:3000
[2026-09-15 10:36:28] 
[2026-09-15 10:36:28]   数据目录: /Users/mac/Library/Application Support/TRAE SOLO CN/ModularData/ai-agent/work-mode-projects/6aa2769ead555511aa7a9041/fb_project/FB广告账户管理系统 v3.912/data
[2026-09-15 10:36:28] 
[2026-09-15 10:36:28]   默认账号: admin / admin123456
[2026-09-15 10:36:28] 
[2026-09-15 10:36:28]   按 Ctrl+C 停止
[2026-09-15 10:36:28] 
[2026-09-15 10:36:28] =======================================================
[2026-09-15 10:36:28] 
[2026-09-15 10:36:30] [POST] /api/auth/login from 127.0.0.1 no-cookie
[2026-09-15 10:36:30] 
[2026-09-15 10:36:30] [10:36:30] "POST /api/auth/login HTTP/1.1" 200 -
[2026-09-15 10:36:30] 
[2026-09-15 10:36:30] [POST] /api/auth/login from 127.0.0.1 no-cookie
[2026-09-15 10:36:30] 
[2026-09-15 10:36:30] [10:36:30] "POST /api/auth/login HTTP/1.1" 200 -
[2026-09-15 10:36:30] 
[2026-09-15 10:36:30] [GET] /api/auth/me from 127.0.0.1 cookie=***
[2026-09-15 10:36:30] 
[2026-09-15 10:36:30] [10:36:30] "GET /api/auth/me HTTP/1.1" 200 -
[2026-09-15 10:36:30] 
[2026-09-15 15:49:57] [boot] 日志重定向已启用 -> /Users/mac/Library/Application Support/TRAE SOLO CN/ModularData/ai-agent/work-mode-projects/6aa2769ead555511aa7a9041/fb_project/FB广告账户管理系统 v3.915/data/server.log
[2026-09-15 15:49:57] 
[2026-09-15 15:49:57] [preload] ✅ 预加载 2 个静态文件 (1372KB → 443KB gzip, 节省 68%)
[2026-09-15 15:49:57] 
[2026-09-15 15:49:57] =======================================================
[2026-09-15 15:49:57] 
[2026-09-15 15:49:57]   FB 广告账户管理系统 v4 · 单机完整版
[2026-09-15 15:49:57] 
[2026-09-15 15:49:57]   地址: http://localhost:3000
[2026-09-15 15:49:57] 
[2026-09-15 15:49:57]   数据目录: /Users/mac/Library/Application Support/TRAE SOLO CN/ModularData/ai-agent/work-mode-projects/6aa2769ead555511aa7a9041/fb_project/FB广告账户管理系统 v3.915/data
[2026-09-15 15:49:57] 
[2026-09-15 15:49:57]   默认账号: admin / admin123456
[2026-09-15 15:49:57] 
[2026-09-15 15:49:57]   按 Ctrl+C 停止
[2026-09-15 15:49:57] 
[2026-09-15 15:49:57] =======================================================
[2026-09-15 15:49:57] 
[2026-09-15 15:49:58] [GET] /api/health from 127.0.0.1 no-cookie
[2026-09-15 15:49:58] 
[2026-09-15 15:49:58] [15:49:58] "GET /api/health HTTP/1.1" 200 -
[2026-09-15 15:49:58] 
[2026-09-24 16:19:08] [boot] 日志重定向已启用 -> /Users/mac/Library/Application Support/TRAE SOLO CN/ModularData/ai-agent/work-mode-projects/6aa2769ead555511aa7a9041/fb_project/FB广告账户管理系统 v3.915/data/server.log
[2026-09-24 16:19:08] 
[2026-09-24 16:19:08] [preload] ✅ 预加载 2 个静态文件 (1372KB → 443KB gzip, 节省 68%)
[2026-09-24 16:19:08] 
[2026-09-24 16:19:08] =======================================================
[2026-09-24 16:19:08] 
[2026-09-24 16:19:08]   FB 广告账户管理系统 v4 · 单机完整版
[2026-09-24 16:19:08] 
[2026-09-24 16:19:08]   地址: http://localhost:3000
[2026-09-24 16:19:08] 
[2026-09-24 16:19:08]   数据目录: /Users/mac/Library/Application Support/TRAE SOLO CN/ModularData/ai-agent/work-mode-projects/6aa2769ead555511aa7a9041/fb_project/FB广告账户管理系统 v3.915/data
[2026-09-24 16:19:08] 
[2026-09-24 16:19:08]   默认账号: admin / admin123456
[2026-09-24 16:19:08] 
[2026-09-24 16:19:08]   按 Ctrl+C 停止
[2026-09-24 16:19:08] 
[2026-09-24 16:19:08] =======================================================
[2026-09-24 16:19:08] 
[2026-09-24 16:19:15] [GET] /api/health from 127.0.0.1 no-cookie
[2026-09-24 16:19:15] 
[2026-09-24 16:19:15] [16:19:15] "GET /api/health HTTP/1.1" 200 -
[2026-09-24 16:19:15] 
[2026-09-24 16:19:15] [16:19:15] "POST /api/auth/login HTTP/1.1" 403 -
[2026-09-24 16:19:15] 
[2026-09-24 16:19:15] [16:19:15] "GET /api/tiktok/tokens HTTP/1.1" 403 -
[2026-09-24 16:19:15] 
[2026-09-24 16:19:15] [16:19:15] "GET /api/google/tokens HTTP/1.1" 403 -
[2026-09-24 16:19:15] 
[2026-09-24 16:19:21] [16:19:21] "GET /api/meta/tokens HTTP/1.1" 403 -
[2026-09-24 16:19:21] 
[2026-09-24 16:19:21] [16:19:21] "POST /api/auth/login HTTP/1.1" 403 -
[2026-09-24 16:19:21] 
[2026-09-24 16:20:14] [POST] /api/auth/login from 127.0.0.1 no-cookie
[2026-09-24 16:20:14] 
[2026-09-24 16:20:14] [16:20:14] "POST /api/auth/login HTTP/1.1" 200 -
[2026-09-24 16:20:14] 
[2026-09-24 16:20:14] [GET] /api/tiktok/tokens from 127.0.0.1 cookie=***
[2026-09-24 16:20:14] 
[2026-09-24 16:20:14] [16:20:14] "GET /api/tiktok/tokens HTTP/1.1" 200 -
[2026-09-24 16:20:14] 
[2026-09-24 16:20:14] [GET] /api/google/tokens from 127.0.0.1 cookie=***
[2026-09-24 16:20:14] 
[2026-09-24 16:20:14] [16:20:14] "GET /api/google/tokens HTTP/1.1" 200 -
[2026-09-24 16:20:14] 
[2026-09-24 16:20:14] [GET] /api/meta/tokens from 127.0.0.1 cookie=***
[2026-09-24 16:20:14] 
[2026-09-24 16:20:14] [16:20:14] "GET /api/meta/tokens HTTP/1.1" 200 -
[2026-09-24 16:20:14] 
[2026-09-24 16:20:29] [POST] /api/auth/login from 127.0.0.1 no-cookie
[2026-09-24 16:20:29] 
[2026-09-24 16:20:29] [16:20:29] "POST /api/auth/login HTTP/1.1" 200 -
[2026-09-24 16:20:29] 
[2026-09-24 16:20:29] [POST] /api/tiktok/tokens from 127.0.0.1 cookie=***
[2026-09-24 16:20:29] 
[2026-09-24 16:20:29] [16:20:29] "POST /api/tiktok/tokens HTTP/1.1" 200 -
[2026-09-24 16:20:29] 
[2026-09-24 16:20:29] [POST] /api/google/tokens from 127.0.0.1 cookie=***
[2026-09-24 16:20:29] 
[2026-09-24 16:20:30] [16:20:30] "POST /api/google/tokens HTTP/1.1" 200 -
[2026-09-24 16:20:30] 
[2026-09-24 16:20:44] [GET] /api/tiktok/tokens from 127.0.0.1 cookie=***
[2026-09-24 16:20:44] 
[2026-09-24 16:20:44] [16:20:44] "GET /api/tiktok/tokens HTTP/1.1" 200 -
[2026-09-24 16:20:44] 
[2026-09-24 16:20:44] [16:20:44] "PUT /api/tiktok/tokens/1790238029891_8b8102 HTTP/1.1" 200 -
[2026-09-24 16:20:44] 
[2026-09-24 16:20:44] [GET] /api/tiktok/tokens/1790238029891_8b8102/test from 127.0.0.1 cookie=***
[2026-09-24 16:20:44] 
[2026-09-24 16:20:44] [16:20:44] "GET /api/tiktok/tokens/1790238029891_8b8102/test HTTP/1.1" 200 -
[2026-09-24 16:20:44] 
[2026-09-24 16:20:44] [GET] /api/tiktok/sync from 127.0.0.1 cookie=***
[2026-09-24 16:20:44] 
[2026-09-24 16:20:44] [16:20:44] "GET /api/tiktok/sync?since=2026-08-01&until=2026-08-31 HTTP/1.1" 200 -
[2026-09-24 16:20:44] 
[2026-09-24 16:20:44] [16:20:44] "DELETE /api/tiktok/tokens/1790238029891_8b8102 HTTP/1.1" 200 -
[2026-09-24 16:20:44] 
[2026-09-24 16:20:44] [GET] /api/tiktok/tokens from 127.0.0.1 cookie=***
[2026-09-24 16:20:44] 
[2026-09-24 16:20:44] [16:20:44] "GET /api/tiktok/tokens HTTP/1.1" 200 -
[2026-09-24 16:20:44] 
[2026-09-24 16:20:44] [GET] /api/google/tokens from 127.0.0.1 cookie=***
[2026-09-24 16:20:44] 
[2026-09-24 16:20:44] [16:20:44] "GET /api/google/tokens HTTP/1.1" 200 -
[2026-09-24 16:20:44] 
[2026-09-24 16:20:44] [16:20:44] "DELETE /api/google/tokens/1790238029973_44e2c0 HTTP/1.1" 200 -
[2026-09-24 16:20:44] 
[2026-09-24 16:20:44] [GET] /api/google/tokens from 127.0.0.1 cookie=***
[2026-09-24 16:20:44] 
[2026-09-24 16:20:44] [16:20:44] "GET /api/google/tokens HTTP/1.1" 200 -
[2026-09-24 16:20:44] 
[2026-09-24 16:20:55] [POST] /api/auth/login from 127.0.0.1 no-cookie
[2026-09-24 16:20:55] 
[2026-09-24 16:20:55] [16:20:55] "POST /api/auth/login HTTP/1.1" 429 -
[2026-09-24 16:20:55] 
[2026-09-24 16:20:55] [429] rate-limit login ip=127.0.0.1 count=19
[2026-09-24 16:20:55] 
[2026-09-24 16:20:55] [GET] /api/meta/tokens from 127.0.0.1 no-cookie
[2026-09-24 16:20:55] 
[2026-09-24 16:20:55] [16:20:55] "GET /api/meta/tokens HTTP/1.1" 401 -
[2026-09-24 16:20:55] 
[2026-09-24 16:20:55] [GET] /api/meta/sync from 127.0.0.1 no-cookie
[2026-09-24 16:20:55] 
[2026-09-24 16:20:55] [16:20:55] "GET /api/meta/sync?since=2026-08-01&until=2026-08-31 HTTP/1.1" 401 -
[2026-09-24 16:20:55] 
[2026-09-24 16:21:04] [POST] /api/auth/login from 127.0.0.1 no-cookie
[2026-09-24 16:21:04] 
[2026-09-24 16:21:04] [16:21:04] "POST /api/auth/login HTTP/1.1" 429 -
[2026-09-24 16:21:04] 
[2026-09-24 16:21:04] [429] rate-limit login ip=127.0.0.1 count=22
[2026-09-24 16:21:04] 
[2026-09-24 16:21:04] [GET] /api/meta/tokens from 127.0.0.1 no-cookie
[2026-09-24 16:21:04] 
[2026-09-24 16:21:04] [16:21:04] "GET /api/meta/tokens HTTP/1.1" 401 -
[2026-09-24 16:21:04] 
[2026-09-24 16:23:38] [boot] 日志重定向已启用 -> /Users/mac/Library/Application Support/TRAE SOLO CN/ModularData/ai-agent/work-mode-projects/6aa2769ead555511aa7a9041/fb_project/FB广告账户管理系统 v3.915/data/server.log
[2026-09-24 16:23:38] 
[2026-09-24 16:23:38] [preload] ✅ 预加载 2 个静态文件 (1398KB → 445KB gzip, 节省 68%)
[2026-09-24 16:23:38] 
[2026-09-24 16:23:38] =======================================================
[2026-09-24 16:23:38] 
[2026-09-24 16:23:38]   FB 广告账户管理系统 v4 · 单机完整版
[2026-09-24 16:23:38] 
[2026-09-24 16:23:38]   地址: http://localhost:3000
[2026-09-24 16:23:38] 
[2026-09-24 16:23:38]   数据目录: /Users/mac/Library/Application Support/TRAE SOLO CN/ModularData/ai-agent/work-mode-projects/6aa2769ead555511aa7a9041/fb_project/FB广告账户管理系统 v3.915/data
[2026-09-24 16:23:38] 
[2026-09-24 16:23:38]   默认账号: admin / admin123456
[2026-09-24 16:23:38] 
[2026-09-24 16:23:38]   按 Ctrl+C 停止
[2026-09-24 16:23:38] 
[2026-09-24 16:23:38] =======================================================
[2026-09-24 16:23:38] 
[2026-09-24 16:24:00] [GET] /api/health from 127.0.0.1 no-cookie
[2026-09-24 16:24:00] 
[2026-09-24 16:24:00] [16:24:00] "GET /api/health HTTP/1.1" 200 -
[2026-09-24 16:24:00] 
[2026-09-24 16:24:00] [16:24:00] "POST /api/auth/login HTTP/1.1" 403 -
[2026-09-24 16:24:00] 
[2026-09-24 16:24:00] [16:24:00] "GET /api/tiktok/tokens HTTP/1.1" 403 -
[2026-09-24 16:24:00] 
[2026-09-24 16:24:00] [16:24:00] "GET /api/google/tokens HTTP/1.1" 403 -
[2026-09-24 16:24:00] 
[2026-09-24 16:24:00] [16:24:00] "GET /api/meta/tokens HTTP/1.1" 403 -
[2026-09-24 16:24:00] 
[2026-09-24 16:24:00] [16:24:00] "POST /api/tiktok/tokens HTTP/1.1" 403 -
[2026-09-24 16:24:00] 
[2026-09-24 16:24:00] [16:24:00] "PUT /api/tiktok/tokens/ HTTP/1.1" 403 -
[2026-09-24 16:24:00] 
[2026-09-24 16:24:00] [16:24:00] "GET /api/tiktok/tokens//test HTTP/1.1" 403 -
[2026-09-24 16:24:00] 
[2026-09-24 16:24:00] [16:24:00] "GET /api/tiktok/sync?since=2026-09-01&until=2026-09-15 HTTP/1.1" 403 -
[2026-09-24 16:24:00] 
[2026-09-24 16:24:00] [16:24:00] "DELETE /api/tiktok/tokens/ HTTP/1.1" 403 -
[2026-09-24 16:24:00] 
[2026-09-24 16:24:00] [16:24:00] "POST /api/google/tokens HTTP/1.1" 403 -
[2026-09-24 16:24:00] 
[2026-09-24 16:24:00] [16:24:00] "PUT /api/google/tokens/ HTTP/1.1" 403 -
[2026-09-24 16:24:00] 
[2026-09-24 16:24:00] [16:24:00] "DELETE /api/google/tokens/ HTTP/1.1" 403 -
[2026-09-24 16:24:00] 
[2026-09-24 16:24:19] [POST] /api/auth/login from 127.0.0.1 no-cookie
[2026-09-24 16:24:19] 
[2026-09-24 16:24:19] [16:24:19] "POST /api/auth/login HTTP/1.1" 429 -
[2026-09-24 16:24:19] 
[2026-09-24 16:24:19] [429] rate-limit login ip=127.0.0.1 count=14
[2026-09-24 16:24:19] 
[2026-09-24 16:24:29] [boot] 日志重定向已启用 -> /Users/mac/Library/Application Support/TRAE SOLO CN/ModularData/ai-agent/work-mode-projects/6aa2769ead555511aa7a9041/fb_project/FB广告账户管理系统 v3.915/data/server.log
[2026-09-24 16:24:29] 
[2026-09-24 16:24:29] [preload] ✅ 预加载 2 个静态文件 (1398KB → 445KB gzip, 节省 68%)
[2026-09-24 16:24:29] 
[2026-09-24 16:24:29] =======================================================
[2026-09-24 16:24:29] 
[2026-09-24 16:24:29]   FB 广告账户管理系统 v4 · 单机完整版
[2026-09-24 16:24:29] 
[2026-09-24 16:24:29]   地址: http://localhost:3000
[2026-09-24 16:24:29] 
[2026-09-24 16:24:29]   数据目录: /Users/mac/Library/Application Support/TRAE SOLO CN/ModularData/ai-agent/work-mode-projects/6aa2769ead555511aa7a9041/fb_project/FB广告账户管理系统 v3.915/data
[2026-09-24 16:24:29] 
[2026-09-24 16:24:29]   默认账号: admin / admin123456
[2026-09-24 16:24:29] 
[2026-09-24 16:24:29]   按 Ctrl+C 停止
[2026-09-24 16:24:29] 
[2026-09-24 16:24:29] =======================================================
[2026-09-24 16:24:29] 
[2026-09-24 16:24:49] [GET] /api/health from 127.0.0.1 no-cookie
[2026-09-24 16:24:49] 
[2026-09-24 16:24:49] [16:24:49] "GET /api/health HTTP/1.1" 200 -
[2026-09-24 16:24:49] 
[2026-09-24 16:24:49] [16:24:49] "POST /api/auth/login HTTP/1.1" 403 -
[2026-09-24 16:24:49] 
[2026-09-24 16:24:49] [16:24:49] "GET /api/tiktok/tokens HTTP/1.1" 403 -
[2026-09-24 16:24:49] 
[2026-09-24 16:24:49] [16:24:49] "GET /api/google/tokens HTTP/1.1" 403 -
[2026-09-24 16:24:49] 
[2026-09-24 16:24:49] [16:24:49] "GET /api/meta/tokens HTTP/1.1" 403 -
[2026-09-24 16:24:49] 
[2026-09-24 16:24:49] [16:24:49] "POST /api/tiktok/tokens HTTP/1.1" 403 -
[2026-09-24 16:24:49] 
[2026-09-24 16:24:49] [16:24:49] "PUT /api/tiktok/tokens/ HTTP/1.1" 403 -
[2026-09-24 16:24:49] 
[2026-09-24 16:24:49] [16:24:49] "DELETE /api/tiktok/tokens/ HTTP/1.1" 403 -
[2026-09-24 16:24:49] 
[2026-09-24 16:24:49] [16:24:49] "POST /api/google/tokens HTTP/1.1" 403 -
[2026-09-24 16:24:49] 
[2026-09-24 16:24:49] [16:24:49] "PUT /api/google/tokens/ HTTP/1.1" 403 -
[2026-09-24 16:24:49] 
[2026-09-24 16:24:49] [16:24:49] "DELETE /api/google/tokens/ HTTP/1.1" 403 -
[2026-09-24 16:24:49] 
[2026-09-24 16:24:49] [16:24:49] "GET /api/tiktok/sync?since=2026-09-01&until=2026-09-15 HTTP/1.1" 403 -
[2026-09-24 16:24:49] 
[2026-09-24 16:24:49] [16:24:49] "GET /api/google/sync?since=2026-09-01&until=2026-09-15 HTTP/1.1" 403 -
[2026-09-24 16:24:49] 
[2026-09-24 16:25:03] [POST] /api/auth/login from 127.0.0.1 no-cookie
[2026-09-24 16:25:03] 
[2026-09-24 16:25:03] [16:25:03] "POST /api/auth/login HTTP/1.1" 429 -
[2026-09-24 16:25:03] 
[2026-09-24 16:25:03] [429] rate-limit login ip=127.0.0.1 count=14
[2026-09-24 16:25:03] 
[2026-09-24 16:26:01] [POST] /api/auth/login from 127.0.0.1 no-cookie
[2026-09-24 16:26:01] 
[2026-09-24 16:26:01] [16:26:01] "POST /api/auth/login HTTP/1.1" 200 -
[2026-09-24 16:26:01] 
[2026-09-24 16:26:21] [16:26:21] "POST /api/tiktok/tokens HTTP/1.1" 403 -
[2026-09-24 16:26:21] 
[2026-09-24 16:26:21] [16:26:21] "PUT /api/tiktok/tokens/ HTTP/1.1" 403 -
[2026-09-24 16:26:21] 
[2026-09-24 16:26:21] [16:26:21] "DELETE /api/tiktok/tokens/ HTTP/1.1" 403 -
[2026-09-24 16:26:21] 
[2026-09-24 16:26:21] [16:26:21] "POST /api/google/tokens HTTP/1.1" 403 -
[2026-09-24 16:26:21] 
[2026-09-24 16:26:21] [16:26:21] "PUT /api/google/tokens/ HTTP/1.1" 403 -
[2026-09-24 16:26:21] 
[2026-09-24 16:26:21] [16:26:21] "DELETE /api/google/tokens/ HTTP/1.1" 403 -
[2026-09-24 16:26:21] 
[2026-09-24 16:26:21] [16:26:21] "GET /api/meta/tokens HTTP/1.1" 403 -
[2026-09-24 16:26:21] 
[2026-09-24 16:26:26] [16:26:26] "POST /api/tiktok/tokens HTTP/1.1" 403 -
[2026-09-24 16:26:26] 
[2026-09-24 16:26:34] [16:26:34] "POST /api/auth/login HTTP/1.1" 403 -
[2026-09-24 16:26:34] 
[2026-09-24 16:26:34] [16:26:34] "GET /api/meta/tokens HTTP/1.1" 403 -
[2026-09-24 16:26:34] 
[2026-09-24 16:26:34] [16:26:34] "POST /api/tiktok/tokens HTTP/1.1" 403 -
[2026-09-24 16:26:34] 
[2026-09-24 16:26:41] [16:26:41] "POST /api/auth/login HTTP/1.1" 403 -
[2026-09-24 16:26:41] 
[2026-09-24 16:26:48] [POST] /api/auth/login from 127.0.0.1 no-cookie
[2026-09-24 16:26:48] 
[2026-09-24 16:26:48] [16:26:48] "POST /api/auth/login HTTP/1.1" 429 -
[2026-09-24 16:26:48] 
[2026-09-24 16:26:48] [429] rate-limit login ip=127.0.0.1 count=15
[2026-09-24 16:26:48] 
[2026-09-24 16:27:01] [boot] 日志重定向已启用 -> /Users/mac/Library/Application Support/TRAE SOLO CN/ModularData/ai-agent/work-mode-projects/6aa2769ead555511aa7a9041/fb_project/FB广告账户管理系统 v3.915/data/server.log
[2026-09-24 16:27:01] 
[2026-09-24 16:27:01] [preload] ✅ 预加载 2 个静态文件 (1398KB → 445KB gzip, 节省 68%)
[2026-09-24 16:27:01] 
[2026-09-24 16:27:01] =======================================================
[2026-09-24 16:27:01] 
[2026-09-24 16:27:01]   FB 广告账户管理系统 v4 · 单机完整版
[2026-09-24 16:27:01] 
[2026-09-24 16:27:01]   地址: http://localhost:3000
[2026-09-24 16:27:01] 
[2026-09-24 16:27:01]   数据目录: /Users/mac/Library/Application Support/TRAE SOLO CN/ModularData/ai-agent/work-mode-projects/6aa2769ead555511aa7a9041/fb_project/FB广告账户管理系统 v3.915/data
[2026-09-24 16:27:01] 
[2026-09-24 16:27:01]   默认账号: admin / admin123456
[2026-09-24 16:27:01] 
[2026-09-24 16:27:01]   按 Ctrl+C 停止
[2026-09-24 16:27:01] 
[2026-09-24 16:27:01] =======================================================
[2026-09-24 16:27:01] 
[2026-09-24 16:27:02] [POST] /api/auth/login from 127.0.0.1 no-cookie
[2026-09-24 16:27:02] 
[2026-09-24 16:27:02] [16:27:02] "POST /api/auth/login HTTP/1.1" 200 -
[2026-09-24 16:27:02] 
[2026-09-24 16:27:19] [GET] /api/health from 127.0.0.1 no-cookie
[2026-09-24 16:27:19] 
[2026-09-24 16:27:19] [16:27:19] "GET /api/health HTTP/1.1" 200 -
[2026-09-24 16:27:19] 
[2026-09-24 16:27:19] [16:27:19] "GET /api/meta/tokens HTTP/1.1" 403 -
[2026-09-24 16:27:19] 
[2026-09-24 16:27:19] [16:27:19] "GET /api/tiktok/tokens HTTP/1.1" 403 -
[2026-09-24 16:27:19] 
[2026-09-24 16:27:19] [16:27:19] "GET /api/google/tokens HTTP/1.1" 403 -
[2026-09-24 16:27:19] 
[2026-09-24 16:27:19] [16:27:19] "POST /api/tiktok/tokens HTTP/1.1" 403 -
[2026-09-24 16:27:19] 
[2026-09-24 16:27:19] [16:27:19] "PUT /api/tiktok/tokens/ HTTP/1.1" 403 -
[2026-09-24 16:27:19] 
[2026-09-24 16:27:19] [16:27:19] "GET /api/tiktok/tokens HTTP/1.1" 403 -
[2026-09-24 16:27:19] 
[2026-09-24 16:27:19] [16:27:19] "DELETE /api/tiktok/tokens/ HTTP/1.1" 403 -
[2026-09-24 16:27:19] 
[2026-09-24 16:27:19] [16:27:19] "POST /api/google/tokens HTTP/1.1" 403 -
[2026-09-24 16:27:19] 
[2026-09-24 16:27:19] [16:27:19] "PUT /api/google/tokens/ HTTP/1.1" 403 -
[2026-09-24 16:27:19] 
[2026-09-24 16:27:19] [16:27:19] "DELETE /api/google/tokens/ HTTP/1.1" 403 -
[2026-09-24 16:27:19] 
[2026-09-24 16:27:43] [GET] /api/health from 127.0.0.1 no-cookie
[2026-09-24 16:27:43] 
[2026-09-24 16:27:43] [16:27:43] "GET /api/health HTTP/1.1" 200 -
[2026-09-24 16:27:43] 
[2026-09-24 16:27:43] [POST] /api/auth/login from 127.0.0.1 no-cookie
[2026-09-24 16:27:43] 
[2026-09-24 16:27:43] [16:27:43] "POST /api/auth/login HTTP/1.1" 429 -
[2026-09-24 16:27:43] 
[2026-09-24 16:27:43] [429] rate-limit login ip=127.0.0.1 count=15
[2026-09-24 16:27:43] 
[2026-09-24 16:27:43] [GET] /api/meta/tokens from 127.0.0.1 no-cookie
[2026-09-24 16:27:43] 
[2026-09-24 16:27:43] [16:27:43] "GET /api/meta/tokens HTTP/1.1" 401 -
[2026-09-24 16:27:43] 
[2026-09-24 16:27:43] [GET] /api/tiktok/tokens from 127.0.0.1 no-cookie
[2026-09-24 16:27:43] 
[2026-09-24 16:27:43] [16:27:43] "GET /api/tiktok/tokens HTTP/1.1" 401 -
[2026-09-24 16:27:43] 
[2026-09-24 16:27:43] [GET] /api/google/tokens from 127.0.0.1 no-cookie
[2026-09-24 16:27:43] 
[2026-09-24 16:27:43] [16:27:43] "GET /api/google/tokens HTTP/1.1" 401 -
[2026-09-24 16:27:43] 
[2026-09-24 16:27:43] [POST] /api/tiktok/tokens from 127.0.0.1 no-cookie
[2026-09-24 16:27:43] 
[2026-09-24 16:27:43] [16:27:43] "POST /api/tiktok/tokens HTTP/1.1" 401 -
[2026-09-24 16:27:43] 
[2026-09-24 16:27:43] [16:27:43] "PUT /api/tiktok/tokens/None HTTP/1.1" 401 -
[2026-09-24 16:27:43] 
[2026-09-24 16:27:43] [16:27:43] "DELETE /api/tiktok/tokens/None HTTP/1.1" 401 -
[2026-09-24 16:27:43] 
[2026-09-24 16:27:43] [POST] /api/google/tokens from 127.0.0.1 no-cookie
[2026-09-24 16:27:43] 
[2026-09-24 16:27:43] [16:27:43] "POST /api/google/tokens HTTP/1.1" 401 -
[2026-09-24 16:27:43] 
[2026-09-24 16:27:43] [16:27:43] "DELETE /api/google/tokens/None HTTP/1.1" 401 -
[2026-09-24 16:27:43] 
[2026-09-24 16:27:52] [POST] /api/auth/login from 127.0.0.1 no-cookie
[2026-09-24 16:27:52] 
[2026-09-24 16:27:52] [16:27:52] "POST /api/auth/login HTTP/1.1" 429 -
[2026-09-24 16:27:52] 
[2026-09-24 16:27:52] [429] rate-limit login ip=127.0.0.1 count=24
[2026-09-24 16:27:52] 
[2026-09-24 16:27:52] [GET] /api/meta/tokens from 127.0.0.1 no-cookie
[2026-09-24 16:27:52] 
[2026-09-24 16:27:52] [16:27:52] "GET /api/meta/tokens HTTP/1.1" 401 -
[2026-09-24 16:27:52] 
[2026-09-24 16:28:15] [boot] 日志重定向已启用 -> /Users/mac/Library/Application Support/TRAE SOLO CN/ModularData/ai-agent/work-mode-projects/6aa2769ead555511aa7a9041/fb_project/FB广告账户管理系统 v3.915/data/server.log
[2026-09-24 16:28:15] 
[2026-09-24 16:28:15] [preload] ✅ 预加载 2 个静态文件 (1398KB → 445KB gzip, 节省 68%)
[2026-09-24 16:28:15] 
[2026-09-24 16:28:15] Traceback (most recent call last):
[2026-09-24 16:28:15]   File "/Users/mac/Library/Application Support/TRAE SOLO CN/ModularData/ai-agent/work-mode-projects/6aa2769ead555511aa7a9041/fb_project/FB广告账户管理系统 v3.915/server.py", line 6537, in <module>
[2026-09-24 16:28:15]     
[2026-09-24 16:28:15] main()
[2026-09-24 16:28:15] 
[2026-09-24 16:28:15]   File "/Users/mac/Library/Application Support/TRAE SOLO CN/ModularData/ai-agent/work-mode-projects/6aa2769ead555511aa7a9041/fb_project/FB广告账户管理系统 v3.915/server.py", line 6521, in main
[2026-09-24 16:28:15]     
[2026-09-24 16:28:15] server = SecureServer(('0.0.0.0', port), ApiHandler)
[2026-09-24 16:28:15] 
[2026-09-24 16:28:15]   File "/Library/Developer/CommandLineTools/Library/Frameworks/Python3.framework/Versions/3.9/lib/python3.9/socketserver.py", line 452, in __init__
[2026-09-24 16:28:15]     
[2026-09-24 16:28:15] self.server_bind()
[2026-09-24 16:28:15] 
[2026-09-24 16:28:15]   File "/Users/mac/Library/Application Support/TRAE SOLO CN/ModularData/ai-agent/work-mode-projects/6aa2769ead555511aa7a9041/fb_project/FB广告账户管理系统 v3.915/server.py", line 2877, in server_bind
[2026-09-24 16:28:15]     
[2026-09-24 16:28:15] super().server_bind()
[2026-09-24 16:28:15] 
[2026-09-24 16:28:15]   File "/Library/Developer/CommandLineTools/Library/Frameworks/Python3.framework/Versions/3.9/lib/python3.9/http/server.py", line 138, in server_bind
[2026-09-24 16:28:15]     
[2026-09-24 16:28:15] socketserver.TCPServer.server_bind(self)
[2026-09-24 16:28:15] 
[2026-09-24 16:28:15]   File "/Library/Developer/CommandLineTools/Library/Frameworks/Python3.framework/Versions/3.9/lib/python3.9/socketserver.py", line 466, in server_bind
[2026-09-24 16:28:15]     
[2026-09-24 16:28:15] self.socket.bind(self.server_address)
[2026-09-24 16:28:15] 
[2026-09-24 16:28:15] OSError
[2026-09-24 16:28:15] : 
[2026-09-24 16:28:15] [Errno 48] Address already in use
[2026-09-24 16:28:15] 
[2026-09-24 16:28:18] [POST] /api/auth/login from 127.0.0.1 no-cookie
[2026-09-24 16:28:18] 
[2026-09-24 16:28:18] [16:28:18] "POST /api/auth/login HTTP/1.1" 429 -
[2026-09-24 16:28:18] 
[2026-09-24 16:28:18] [429] rate-limit login ip=127.0.0.1 count=24
[2026-09-24 16:28:18] 
[2026-09-24 16:28:18] [GET] /api/health from 127.0.0.1 no-cookie
[2026-09-24 16:28:18] 
[2026-09-24 16:28:18] [16:28:18] "GET /api/health HTTP/1.1" 200 -
[2026-09-24 16:28:18] 
[2026-09-24 16:28:18] [GET] /api/meta/tokens from 127.0.0.1 no-cookie
[2026-09-24 16:28:18] 
[2026-09-24 16:28:18] [16:28:18] "GET /api/meta/tokens HTTP/1.1" 401 -
[2026-09-24 16:28:18] 
[2026-09-24 16:28:18] [POST] /api/tiktok/tokens from 127.0.0.1 no-cookie
[2026-09-24 16:28:18] 
[2026-09-24 16:28:18] [16:28:18] "POST /api/tiktok/tokens HTTP/1.1" 401 -
[2026-09-24 16:28:18] 
[2026-09-24 16:28:18] [16:28:18] "PUT /api/tiktok/tokens/None HTTP/1.1" 401 -
[2026-09-24 16:28:18] 
[2026-09-24 16:28:18] [GET] /api/tiktok/tokens from 127.0.0.1 no-cookie
[2026-09-24 16:28:18] 
[2026-09-24 16:28:18] [16:28:18] "GET /api/tiktok/tokens HTTP/1.1" 401 -
[2026-09-24 16:28:18] 
[2026-09-24 16:28:18] [16:28:18] "DELETE /api/tiktok/tokens/None HTTP/1.1" 401 -
[2026-09-24 16:28:18] 
[2026-09-24 16:28:18] [POST] /api/google/tokens from 127.0.0.1 no-cookie
[2026-09-24 16:28:18] 
[2026-09-24 16:28:18] [16:28:18] "POST /api/google/tokens HTTP/1.1" 401 -
[2026-09-24 16:28:18] 
[2026-09-24 16:28:18] [16:28:18] "PUT /api/google/tokens/None HTTP/1.1" 401 -
[2026-09-24 16:28:18] 
[2026-09-24 16:28:18] [16:28:18] "DELETE /api/google/tokens/None HTTP/1.1" 401 -
[2026-09-24 16:28:18] 
[2026-09-24 16:30:06] [boot] 日志重定向已启用 -> /Users/mac/Library/Application Support/TRAE SOLO CN/ModularData/ai-agent/work-mode-projects/6aa2769ead555511aa7a9041/fb_project/FB广告账户管理系统 v3.915/data/server.log
[2026-09-24 16:30:06] 
[2026-09-24 16:30:06] [preload] ✅ 预加载 2 个静态文件 (1398KB → 445KB gzip, 节省 68%)
[2026-09-24 16:30:06] 
[2026-09-24 16:30:06] Traceback (most recent call last):
[2026-09-24 16:30:06]   File "/Users/mac/Library/Application Support/TRAE SOLO CN/ModularData/ai-agent/work-mode-projects/6aa2769ead555511aa7a9041/fb_project/FB广告账户管理系统 v3.915/server.py", line 6537, in <module>
[2026-09-24 16:30:06]     
[2026-09-24 16:30:06] main()
[2026-09-24 16:30:06] 
[2026-09-24 16:30:06]   File "/Users/mac/Library/Application Support/TRAE SOLO CN/ModularData/ai-agent/work-mode-projects/6aa2769ead555511aa7a9041/fb_project/FB广告账户管理系统 v3.915/server.py", line 6521, in main
[2026-09-24 16:30:06]     
[2026-09-24 16:30:06] server = SecureServer(('0.0.0.0', port), ApiHandler)
[2026-09-24 16:30:06] 
[2026-09-24 16:30:06]   File "/Library/Developer/CommandLineTools/Library/Frameworks/Python3.framework/Versions/3.9/lib/python3.9/socketserver.py", line 452, in __init__
[2026-09-24 16:30:06]     
[2026-09-24 16:30:06] self.server_bind()
[2026-09-24 16:30:06] 
[2026-09-24 16:30:06]   File "/Users/mac/Library/Application Support/TRAE SOLO CN/ModularData/ai-agent/work-mode-projects/6aa2769ead555511aa7a9041/fb_project/FB广告账户管理系统 v3.915/server.py", line 2877, in server_bind
[2026-09-24 16:30:06]     
[2026-09-24 16:30:06] super().server_bind()
[2026-09-24 16:30:06] 
[2026-09-24 16:30:06]   File "/Library/Developer/CommandLineTools/Library/Frameworks/Python3.framework/Versions/3.9/lib/python3.9/http/server.py", line 138, in server_bind
[2026-09-24 16:30:06]     
[2026-09-24 16:30:06] socketserver.TCPServer.server_bind(self)
[2026-09-24 16:30:06] 
[2026-09-24 16:30:06]   File "/Library/Developer/CommandLineTools/Library/Frameworks/Python3.framework/Versions/3.9/lib/python3.9/socketserver.py", line 466, in server_bind
[2026-09-24 16:30:06]     
[2026-09-24 16:30:06] self.socket.bind(self.server_address)
[2026-09-24 16:30:06] 
[2026-09-24 16:30:06] OSError
[2026-09-24 16:30:06] : 
[2026-09-24 16:30:06] [Errno 48] Address already in use
[2026-09-24 16:30:06] 
[2026-09-24 16:30:09] [POST] /api/auth/login from 127.0.0.1 no-cookie
[2026-09-24 16:30:09] 
[2026-09-24 16:30:09] [16:30:09] "POST /api/auth/login HTTP/1.1" 200 -
[2026-09-24 16:30:09] 
[2026-09-24 16:30:09] [GET] /api/health from 127.0.0.1 cookie=***
[2026-09-24 16:30:09] 
[2026-09-24 16:30:09] [16:30:09] "GET /api/health HTTP/1.1" 200 -
[2026-09-24 16:30:09] 
[2026-09-24 16:30:09] [GET] /api/meta/tokens from 127.0.0.1 cookie=***
[2026-09-24 16:30:09] 
[2026-09-24 16:30:09] [16:30:09] "GET /api/meta/tokens HTTP/1.1" 200 -
[2026-09-24 16:30:09] 
[2026-09-24 16:30:09] [POST] /api/tiktok/tokens from 127.0.0.1 cookie=***
[2026-09-24 16:30:09] 
[2026-09-24 16:30:09] [16:30:09] "POST /api/tiktok/tokens HTTP/1.1" 200 -
[2026-09-24 16:30:09] 
[2026-09-24 16:30:09] [16:30:09] "PUT /api/tiktok/tokens/1790238609270_7853af HTTP/1.1" 200 -
[2026-09-24 16:30:09] 
[2026-09-24 16:30:09] [GET] /api/tiktok/tokens from 127.0.0.1 cookie=***
[2026-09-24 16:30:09] 
[2026-09-24 16:30:09] [16:30:09] "GET /api/tiktok/tokens HTTP/1.1" 200 -
[2026-09-24 16:30:09] 
[2026-09-24 16:30:09] [16:30:09] "DELETE /api/tiktok/tokens/1790238609270_7853af HTTP/1.1" 200 -
[2026-09-24 16:30:09] 
[2026-09-24 16:30:09] [POST] /api/google/tokens from 127.0.0.1 cookie=***
[2026-09-24 16:30:09] 
[2026-09-24 16:30:09] [16:30:09] "POST /api/google/tokens HTTP/1.1" 200 -
[2026-09-24 16:30:09] 
[2026-09-24 16:30:09] [16:30:09] "PUT /api/google/tokens/1790238609362_ef115b HTTP/1.1" 200 -
[2026-09-24 16:30:09] 
[2026-09-24 16:30:09] [16:30:09] "DELETE /api/google/tokens/1790238609362_ef115b HTTP/1.1" 200 -
[2026-09-24 16:30:09] 
[2026-09-24 16:31:17] [boot] 日志重定向已启用 -> /Users/mac/Library/Application Support/TRAE SOLO CN/ModularData/ai-agent/work-mode-projects/6aa2769ead555511aa7a9041/fb_project/FB广告账户管理系统 v3.915/data/server.log
[2026-09-24 16:31:17] 
[2026-09-24 16:31:17] [preload] ✅ 预加载 2 个静态文件 (1398KB → 445KB gzip, 节省 68%)
[2026-09-24 16:31:17] 
[2026-09-24 16:31:17] =======================================================
[2026-09-24 16:31:17] 
[2026-09-24 16:31:17]   FB 广告账户管理系统 v4 · 单机完整版
[2026-09-24 16:31:17] 
[2026-09-24 16:31:17]   地址: http://localhost:3000
[2026-09-24 16:31:17] 
[2026-09-24 16:31:17]   数据目录: /Users/mac/Library/Application Support/TRAE SOLO CN/ModularData/ai-agent/work-mode-projects/6aa2769ead555511aa7a9041/fb_project/FB广告账户管理系统 v3.915/data
[2026-09-24 16:31:17] 
[2026-09-24 16:31:17]   默认账号: admin / admin123456
[2026-09-24 16:31:17] 
[2026-09-24 16:31:17]   按 Ctrl+C 停止
[2026-09-24 16:31:17] 
[2026-09-24 16:31:17] =======================================================
[2026-09-24 16:31:17] 
[2026-09-24 16:31:19] [GET] /api/health from 127.0.0.1 no-cookie
[2026-09-24 16:31:19] 
[2026-09-24 16:31:19] [16:31:19] "GET /api/health HTTP/1.1" 200 -
[2026-09-24 16:31:19] 
[2026-09-24 16:31:20] [16:31:20] "POST /api/auth/login HTTP/1.1" 403 -
[2026-09-24 16:31:20] 
[2026-09-24 16:31:20] [16:31:20] "GET /api/tiktok/tokens HTTP/1.1" 403 -
[2026-09-24 16:31:20] 
[2026-09-24 16:31:20] [16:31:20] "POST /api/auth/login HTTP/1.1" 403 -
[2026-09-24 16:31:20] 
[2026-09-24 16:31:20] [16:31:20] "GET /api/google/tokens HTTP/1.1" 403 -
[2026-09-24 16:31:20] 
[2026-09-24 16:31:44] [POST] /api/auth/login from 127.0.0.1 no-cookie
[2026-09-24 16:31:44] 
[2026-09-24 16:31:44] [16:31:44] "POST /api/auth/login HTTP/1.1" 200 -
[2026-09-24 16:31:44] 
[2026-09-24 16:31:44] [GET] /api/health from 127.0.0.1 cookie=***
[2026-09-24 16:31:44] 
[2026-09-24 16:31:44] [16:31:44] "GET /api/health HTTP/1.1" 200 -
[2026-09-24 16:31:44] 
[2026-09-24 16:31:44] [16:31:44] "GET /api/tiktok/tokens HTTP/1.1" 403 -
[2026-09-24 16:31:44] 
[2026-09-24 16:31:44] [16:31:44] "GET /api/google/tokens HTTP/1.1" 403 -
[2026-09-24 16:31:44] 
[2026-09-24 16:31:44] [16:31:44] "GET /api/meta/tokens HTTP/1.1" 403 -
[2026-09-24 16:31:44] 
[2026-09-24 16:31:44] [POST] /api/tiktok/tokens from 127.0.0.1 cookie=***
[2026-09-24 16:31:44] 
[2026-09-24 16:31:44] [16:31:44] "POST /api/tiktok/tokens HTTP/1.1" 200 -
[2026-09-24 16:31:44] 
[2026-09-24 16:31:44] [16:31:44] "PUT /api/tiktok/tokens/1790238704440_423718 HTTP/1.1" 200 -
[2026-09-24 16:31:44] 
[2026-09-24 16:31:44] [16:31:44] "DELETE /api/tiktok/tokens/1790238704440_423718 HTTP/1.1" 200 -
[2026-09-24 16:31:44] 
[2026-09-24 16:31:44] [POST] /api/google/tokens from 127.0.0.1 cookie=***
[2026-09-24 16:31:44] 
[2026-09-24 16:31:44] [16:31:44] "POST /api/google/tokens HTTP/1.1" 200 -
[2026-09-24 16:31:44] 
[2026-09-24 16:31:45] [16:31:45] "DELETE /api/google/tokens/1790238704833_acebe3 HTTP/1.1" 200 -
[2026-09-24 16:31:45] 
[2026-09-24 16:31:55] [boot] 日志重定向已启用 -> /Users/mac/Library/Application Support/TRAE SOLO CN/ModularData/ai-agent/work-mode-projects/6aa2769ead555511aa7a9041/fb_project/FB广告账户管理系统 v3.915/data/server.log
[2026-09-24 16:31:55] 
[2026-09-24 16:31:55] [preload] ✅ 预加载 2 个静态文件 (1398KB → 445KB gzip, 节省 68%)
[2026-09-24 16:31:55] 
[2026-09-24 16:31:55] =======================================================
[2026-09-24 16:31:55] 
[2026-09-24 16:31:55]   FB 广告账户管理系统 v4 · 单机完整版
[2026-09-24 16:31:55] 
[2026-09-24 16:31:55]   地址: http://localhost:3000
[2026-09-24 16:31:55] 
[2026-09-24 16:31:55]   数据目录: /Users/mac/Library/Application Support/TRAE SOLO CN/ModularData/ai-agent/work-mode-projects/6aa2769ead555511aa7a9041/fb_project/FB广告账户管理系统 v3.915/data
[2026-09-24 16:31:55] 
[2026-09-24 16:31:55]   默认账号: admin / admin123456
[2026-09-24 16:31:55] 
[2026-09-24 16:31:55]   按 Ctrl+C 停止
[2026-09-24 16:31:55] 
[2026-09-24 16:31:55] =======================================================
[2026-09-24 16:31:55] 
[2026-09-24 16:31:57] [GET] /api/health from 127.0.0.1 no-cookie
[2026-09-24 16:31:57] 
[2026-09-24 16:31:57] [16:31:57] "GET /api/health HTTP/1.1" 200 -
[2026-09-24 16:31:57] 
[2026-09-24 16:48:23] [GET]  from 127.0.0.1 no-cookie
[2026-09-24 16:48:23] 
[2026-09-24 16:48:23] [16:48:23] "GET / HTTP/1.1" 200 -
[2026-09-24 16:48:23] 
[2026-09-24 16:48:23] [GET] /xlsx.full.min.js from 127.0.0.1 no-cookie
[2026-09-24 16:48:23] 
[2026-09-24 16:48:23] [16:48:23] "GET /xlsx.full.min.js HTTP/1.1" 200 -
[2026-09-24 16:48:23] 
[2026-09-24 16:48:23] [GET] /api/auth/me from 127.0.0.1 no-cookie
[2026-09-24 16:48:23] 
[2026-09-24 16:48:23] [16:48:23] "GET /api/auth/me?t=1790239703529 HTTP/1.1" 200 -
[2026-09-24 16:48:23] 
[2026-09-24 16:48:23] [GET] /@vite/client from 127.0.0.1 no-cookie
[2026-09-24 16:48:23] 
[2026-09-24 16:48:23] [16:48:23] "GET /@vite/client HTTP/1.1" 404 -
[2026-09-24 16:48:23] 
[2026-09-24 16:48:24] [GET] /api/meta/tokens from 127.0.0.1 no-cookie
[2026-09-24 16:48:24] 
[2026-09-24 16:48:24] [16:48:24] "GET /api/meta/tokens HTTP/1.1" 401 -
[2026-09-24 16:48:24] 
[2026-09-24 16:48:24] [GET] /api/meta/auto-sync-cfg from 127.0.0.1 no-cookie
[2026-09-24 16:48:24] 
[2026-09-24 16:48:24] [16:48:24] "GET /api/meta/auto-sync-cfg HTTP/1.1" 401 -
[2026-09-24 16:48:24] 
[2026-09-24 16:48:24] [GET] /api/tiktok/tokens from 127.0.0.1 no-cookie
[2026-09-24 16:48:24] 
[2026-09-24 16:48:24] [16:48:24] "GET /api/tiktok/tokens HTTP/1.1" 401 -
[2026-09-24 16:48:24] 
[2026-09-24 16:48:24] [GET] /api/google/tokens from 127.0.0.1 no-cookie
[2026-09-24 16:48:24] 
[2026-09-24 16:48:24] [16:48:24] "GET /api/google/tokens HTTP/1.1" 401 -
[2026-09-24 16:48:24] 
[2026-09-24 16:48:36] [POST] /api/auth/login from 127.0.0.1 no-cookie
[2026-09-24 16:48:36] 
[2026-09-24 16:48:36] [16:48:36] "POST /api/auth/login HTTP/1.1" 200 -
[2026-09-24 16:48:36] 
[2026-09-24 16:48:36] [GET] /api/consume/import-log from 127.0.0.1 cookie=***
[2026-09-24 16:48:36] [GET] /api/users from 127.0.0.1 cookie=***
[2026-09-24 16:48:36] [GET] /api/ops-log from 127.0.0.1 cookie=***
[2026-09-24 16:48:36] [GET] /api/settings from 127.0.0.1 cookie=***
[2026-09-24 16:48:36] 
[2026-09-24 16:48:36] 
[2026-09-24 16:48:36] [GET] /api/stats from 127.0.0.1 cookie=***
[2026-09-24 16:48:36] 
[2026-09-24 16:48:36] 
[2026-09-24 16:48:36] 
[2026-09-24 16:48:36] [16:48:36] "GET /api/settings HTTP/1.1" 200 -
[2026-09-24 16:48:36] [16:48:36] "GET /api/consume/import-log HTTP/1.1" 200 -
[2026-09-24 16:48:36] 
[2026-09-24 16:48:36] 
[2026-09-24 16:48:36] [16:48:36] "GET /api/users HTTP/1.1" 200 -
[2026-09-24 16:48:36] [16:48:36] "GET /api/ops-log HTTP/1.1" 200 -
[2026-09-24 16:48:36] 
[2026-09-24 16:48:36] 
[2026-09-24 16:48:36] [16:48:36] "GET /api/stats?_t=1790239716321 HTTP/1.1" 200 -
[2026-09-24 16:48:36] 
[2026-09-24 16:48:36] [GET] /api/health from 127.0.0.1 cookie=***
[2026-09-24 16:48:36] 
[2026-09-24 16:48:36] [16:48:36] "GET /api/health HTTP/1.1" 200 -
[2026-09-24 16:48:36] 
[2026-09-24 16:48:36] [GET] /api/mapping from 127.0.0.1 cookie=***
[2026-09-24 16:48:36] 
[2026-09-24 16:48:36] [GET] /api/recharge from 127.0.0.1 cookie=***
[2026-09-24 16:48:36] 
[2026-09-24 16:48:36] [GET] /api/refund from 127.0.0.1 cookie=***
[2026-09-24 16:48:36] 
[2026-09-24 16:48:36] [GET] /api/payment from 127.0.0.1 cookie=***
[2026-09-24 16:48:36] 
[2026-09-24 16:48:36] [GET] /api/client_status from 127.0.0.1 cookie=***
[2026-09-24 16:48:36] [GET] /api/consume from 127.0.0.1 cookie=***
[2026-09-24 16:48:36] 
[2026-09-24 16:48:36] 
[2026-09-24 16:48:36] [16:48:36] "GET /api/refund HTTP/1.1" 200 -
[2026-09-24 16:48:36] 
[2026-09-24 16:48:36] [16:48:36] "GET /api/mapping HTTP/1.1" 200 -
[2026-09-24 16:48:36] 
[2026-09-24 16:48:36] [16:48:36] "GET /api/payment HTTP/1.1" 200 -
[2026-09-24 16:48:36] [GET] /api/service-fee from 127.0.0.1 cookie=***
[2026-09-24 16:48:36] 
[2026-09-24 16:48:36] [16:48:36] "GET /api/client_status HTTP/1.1" 200 -
[2026-09-24 16:48:36] 
[2026-09-24 16:48:36] 
[2026-09-24 16:48:37] [16:48:37] "GET /api/consume HTTP/1.1" 200 -
[2026-09-24 16:48:37] [16:48:37] "GET /api/service-fee HTTP/1.1" 200 -
[2026-09-24 16:48:37] 
[2026-09-24 16:48:37] 
[2026-09-24 16:48:37] [16:48:37] "GET /api/recharge HTTP/1.1" 200 -
[2026-09-24 16:48:37] 
[2026-09-24 16:48:38] [GET] /api/stats from 127.0.0.1 cookie=***
[2026-09-24 16:48:38] 
[2026-09-24 16:48:38] [GET] /api/consume/stats from 127.0.0.1 cookie=***
[2026-09-24 16:48:38] 
[2026-09-24 16:48:38] [16:48:38] "GET /api/stats HTTP/1.1" 200 -
[2026-09-24 16:48:38] 
[2026-09-24 16:48:38] [刷新匹配] 保留 10880 条, 更新了 0 条
[2026-09-24 16:48:38] 
[2026-09-24 16:48:40] [16:48:40] "GET /api/consume/stats HTTP/1.1" 200 -
[2026-09-24 16:48:40] 
[2026-09-24 16:49:11] [GET] /api/stats from 127.0.0.1 cookie=***
[2026-09-24 16:49:11] 
[2026-09-24 16:49:11] [16:49:11] "GET /api/stats HTTP/1.1" 200 -
[2026-09-24 16:49:11] 
[2026-09-24 16:49:37] [GET] /api/server-logs from 127.0.0.1 cookie=***
[2026-09-24 16:49:37] 
[2026-09-24 16:49:37] [16:49:37] "GET /api/server-logs?lines=200 HTTP/1.1" 200 -
[2026-09-24 16:49:37] 
[2026-09-24 16:49:41] [GET] /api/stats from 127.0.0.1 cookie=***
[2026-09-24 16:49:41] 
[2026-09-24 16:49:41] [16:49:41] "GET /api/stats HTTP/1.1" 200 -
[2026-09-24 16:49:41] 
[2026-09-24 16:50:11] [GET] /api/stats from 127.0.0.1 cookie=***
[2026-09-24 16:50:11] 
[2026-09-24 16:50:11] [16:50:11] "GET /api/stats HTTP/1.1" 200 -
[2026-09-24 16:50:11] 
[2026-09-24 16:50:41] [GET] /api/stats from 127.0.0.1 cookie=***
[2026-09-24 16:50:41] 
[2026-09-24 16:50:41] [16:50:41] "GET /api/stats HTTP/1.1" 200 -
[2026-09-24 16:50:41] 
[2026-09-24 16:51:11] [GET] /api/stats from 127.0.0.1 cookie=***
[2026-09-24 16:51:11] 
[2026-09-24 16:51:11] [16:51:11] "GET /api/stats HTTP/1.1" 200 -
[2026-09-24 16:51:11] 
[2026-09-24 16:51:41] [GET] /api/stats from 127.0.0.1 cookie=***
[2026-09-24 16:51:41] 
[2026-09-24 16:51:41] [16:51:41] "GET /api/stats HTTP/1.1" 200 -
[2026-09-24 16:51:41] 
[2026-09-24 16:52:10] [GET] /api/stats from 127.0.0.1 cookie=***
[2026-09-24 16:52:10] 
[2026-09-24 16:52:11] [16:52:11] "GET /api/stats HTTP/1.1" 200 -
[2026-09-24 16:52:11] 
[2026-09-24 16:52:40] [GET] /api/stats from 127.0.0.1 cookie=***
[2026-09-24 16:52:40] 
[2026-09-24 16:52:41] [16:52:41] "GET /api/stats HTTP/1.1" 200 -
[2026-09-24 16:52:41] 
[2026-09-24 16:53:10] [GET] /api/stats from 127.0.0.1 cookie=***
[2026-09-24 16:53:10] 
[2026-09-24 16:53:11] [16:53:11] "GET /api/stats HTTP/1.1" 200 -
[2026-09-24 16:53:11] 
[2026-09-24 16:53:40] [GET] /api/stats from 127.0.0.1 cookie=***
[2026-09-24 16:53:40] 
[2026-09-24 16:53:41] [16:53:41] "GET /api/stats HTTP/1.1" 200 -
[2026-09-24 16:53:41] 
[2026-09-24 16:54:10] [GET] /api/stats from 127.0.0.1 cookie=***
[2026-09-24 16:54:10] 
[2026-09-24 16:54:11] [16:54:11] "GET /api/stats HTTP/1.1" 200 -
[2026-09-24 16:54:11] 
[2026-09-24 16:54:41] [GET] /api/stats from 127.0.0.1 cookie=***
[2026-09-24 16:54:41] 
[2026-09-24 16:54:41] [16:54:41] "GET /api/stats HTTP/1.1" 200 -
[2026-09-24 16:54:41] 
[2026-09-24 16:54:48] [boot] 日志重定向已启用 -> /Users/mac/Library/Application Support/TRAE SOLO CN/ModularData/ai-agent/work-mode-projects/6aa2769ead555511aa7a9041/fb_project/FB广告账户管理系统 v3.915/data/server.log
[2026-09-24 16:54:48] 
[2026-09-24 16:54:48] [preload] ✅ 预加载 2 个静态文件 (1398KB → 445KB gzip, 节省 68%)
[2026-09-24 16:54:48] 
[2026-09-24 16:54:48] =======================================================
[2026-09-24 16:54:48] 
[2026-09-24 16:54:48]   FB 广告账户管理系统 v4 · 单机完整版
[2026-09-24 16:54:48] 
[2026-09-24 16:54:48]   地址: http://localhost:3000
[2026-09-24 16:54:48] 
[2026-09-24 16:54:48]   数据目录: /Users/mac/Library/Application Support/TRAE SOLO CN/ModularData/ai-agent/work-mode-projects/6aa2769ead555511aa7a9041/fb_project/FB广告账户管理系统 v3.915/data
[2026-09-24 16:54:48] 
[2026-09-24 16:54:48]   默认账号: admin / admin123456
[2026-09-24 16:54:48] 
[2026-09-24 16:54:48]   按 Ctrl+C 停止
[2026-09-24 16:54:48] 
[2026-09-24 16:54:48] =======================================================
[2026-09-24 16:54:48] 
[2026-09-24 16:54:56] [GET] /api/health from 127.0.0.1 no-cookie
[2026-09-24 16:54:56] 
[2026-09-24 16:54:56] [16:54:56] "GET /api/health HTTP/1.1" 200 -
[2026-09-24 16:54:56] 
[2026-09-24 16:54:56] [POST] /api/auth/login from 127.0.0.1 no-cookie
[2026-09-24 16:54:56] 
[2026-09-24 16:54:56] [16:54:56] "POST /api/auth/login HTTP/1.1" 200 -
[2026-09-24 16:54:56] 
[2026-09-24 16:55:02] [16:55:02] "GET /api/platform/auto-sync-cfg HTTP/1.1" 403 -
[2026-09-24 16:55:02] 
[2026-09-24 16:55:02] [16:55:02] "GET /api/meta/auto-sync-cfg HTTP/1.1" 403 -
[2026-09-24 16:55:02] 
[2026-09-24 16:55:08] [16:55:08] "GET /api/platform/auto-sync-cfg HTTP/1.1" 403 -
[2026-09-24 16:55:08] 
[2026-09-24 16:55:08] [16:55:08] "GET /api/meta/auto-sync-cfg HTTP/1.1" 403 -
[2026-09-24 16:55:08] 
[2026-09-24 16:55:11] [GET] /api/stats from 127.0.0.1 cookie=***
[2026-09-24 16:55:11] 
[2026-09-24 16:55:11] [16:55:11] "GET /api/stats HTTP/1.1" 200 -
[2026-09-24 16:55:11] 
[2026-09-24 16:55:33] [GET] /api/platform/auto-sync-cfg from 127.0.0.1 cookie=***
[2026-09-24 16:55:33] 
[2026-09-24 16:55:33] [16:55:33] "GET /api/platform/auto-sync-cfg HTTP/1.1" 200 -
[2026-09-24 16:55:33] 
[2026-09-24 16:55:42] [GET] /api/platform/auto-sync-cfg from 127.0.0.1 cookie=***
[2026-09-24 16:55:42] 
[2026-09-24 16:55:42] [16:55:42] "GET /api/platform/auto-sync-cfg HTTP/1.1" 200 -
[2026-09-24 16:55:42] 
[2026-09-24 16:55:42] [GET] /api/meta/auto-sync-cfg from 127.0.0.1 cookie=***
[2026-09-24 16:55:42] 
[2026-09-24 16:55:42] [16:55:42] "GET /api/meta/auto-sync-cfg HTTP/1.1" 200 -
[2026-09-24 16:55:42] 
[2026-09-24 16:55:43] [GET] /api/tiktok/tokens from 127.0.0.1 cookie=***
[2026-09-24 16:55:43] 
[2026-09-24 16:55:43] [16:55:43] "GET /api/tiktok/tokens HTTP/1.1" 200 -
[2026-09-24 16:55:43] 
[2026-09-24 16:55:43] [GET] /api/google/tokens from 127.0.0.1 cookie=***
[2026-09-24 16:55:43] 
[2026-09-24 16:55:43] [16:55:43] "GET /api/google/tokens HTTP/1.1" 200 -
[2026-09-24 16:55:43] 
[2026-09-24 16:55:54] [POST] /api/platform/auto-sync-cfg from 127.0.0.1 cookie=***
[2026-09-24 16:55:54] 
[2026-09-24 16:55:54] [16:55:54] "POST /api/platform/auto-sync-cfg HTTP/1.1" 200 -
[2026-09-24 16:55:54] 
[2026-09-24 16:55:54] [GET] /api/platform/auto-sync-cfg from 127.0.0.1 cookie=***
[2026-09-24 16:55:54] 
[2026-09-24 16:55:54] [16:55:54] "GET /api/platform/auto-sync-cfg HTTP/1.1" 200 -
[2026-09-24 16:55:54] 
[2026-09-24 16:55:54] [POST] /api/platform/auto-sync-cfg from 127.0.0.1 cookie=***
[2026-09-24 16:55:54] 
[2026-09-24 16:55:54] [16:55:54] "POST /api/platform/auto-sync-cfg HTTP/1.1" 200 -
[2026-09-24 16:55:54] 
[2026-09-24 16:55:54] [POST] /api/meta/auto-sync-cfg from 127.0.0.1 cookie=***
[2026-09-24 16:55:54] 
[2026-09-24 16:55:54] [16:55:54] "POST /api/meta/auto-sync-cfg HTTP/1.1" 200 -
[2026-09-24 16:55:54] 
[2026-09-24 16:55:54] [GET] /api/platform/auto-sync-cfg from 127.0.0.1 cookie=***
[2026-09-24 16:55:54] 
[2026-09-24 16:55:54] [16:55:54] "GET /api/platform/auto-sync-cfg HTTP/1.1" 200 -
[2026-09-24 16:55:54] 
[2026-09-24 16:56:02] [GET] /api/meta/sync from 127.0.0.1 cookie=***
[2026-09-24 16:56:02] 
[2026-09-24 16:56:09] [Meta] 绿通：落库 新增 0 / 更新 20 / 未下户拒绝 0
[2026-09-24 16:56:09] 
[2026-09-24 16:56:12] [GET] /api/stats from 127.0.0.1 cookie=***
[2026-09-24 16:56:12] 
[2026-09-24 16:56:12] [16:56:12] "GET /api/stats HTTP/1.1" 200 -
[2026-09-24 16:56:12] 
[2026-09-24 16:56:16] [Meta] 上海中庭政bm：落库 新增 1 / 更新 0 / 未下户拒绝 0
[2026-09-24 16:56:16] 
[2026-09-24 16:56:16] [16:56:16] "GET /api/meta/sync?since=2026-09-01&until=2026-09-14&mode=test HTTP/1.1" 200 -
[2026-09-24 16:56:16] 
[2026-09-24 16:59:05] [boot] 日志重定向已启用 -> /Users/mac/Library/Application Support/TRAE SOLO CN/ModularData/ai-agent/work-mode-projects/6aa2769ead555511aa7a9041/fb_project/FB广告账户管理系统 v3.915/data/server.log
[2026-09-24 16:59:05] 
[2026-09-24 16:59:05] [preload] ✅ 预加载 2 个静态文件 (1403KB → 445KB gzip, 节省 68%)
[2026-09-24 16:59:05] 
[2026-09-24 16:59:05] =======================================================
[2026-09-24 16:59:05] 
[2026-09-24 16:59:05]   FB 广告账户管理系统 v4 · 单机完整版
[2026-09-24 16:59:05] 
[2026-09-24 16:59:05]   地址: http://localhost:3000
[2026-09-24 16:59:05] 
[2026-09-24 16:59:05]   数据目录: /Users/mac/Library/Application Support/TRAE SOLO CN/ModularData/ai-agent/work-mode-projects/6aa2769ead555511aa7a9041/fb_project/FB广告账户管理系统 v3.915/data
[2026-09-24 16:59:05] 
[2026-09-24 16:59:05]   默认账号: admin / admin123456
[2026-09-24 16:59:05] 
[2026-09-24 16:59:05]   按 Ctrl+C 停止
[2026-09-24 16:59:05] 
[2026-09-24 16:59:05] =======================================================
[2026-09-24 16:59:05] 
[2026-09-24 16:59:06] [GET] /api/health from 127.0.0.1 no-cookie
[2026-09-24 16:59:06] 
[2026-09-24 16:59:06] [16:59:06] "GET /api/health HTTP/1.1" 200 -
[2026-09-24 16:59:06] 
[2026-09-24 16:59:11] [GET] /api/stats from 127.0.0.1 cookie=***
[2026-09-24 16:59:11] 
[2026-09-24 16:59:11] [16:59:11] "GET /api/stats HTTP/1.1" 200 -
[2026-09-24 16:59:11] 
[2026-09-24 16:59:26] [POST] /api/auth/login from 127.0.0.1 no-cookie
[2026-09-24 16:59:26] 
[2026-09-24 16:59:26] [16:59:26] "POST /api/auth/login HTTP/1.1" 200 -
[2026-09-24 16:59:26] 
[2026-09-24 16:59:26] [16:59:26] "GET /api/platform/auto-sync-cfg HTTP/1.1" 403 -
[2026-09-24 16:59:26] 
[2026-09-24 16:59:26] [16:59:26] "GET /api/meta/auto-sync-cfg HTTP/1.1" 403 -
[2026-09-24 16:59:26] 
[2026-09-24 16:59:26] [16:59:26] "GET /api/tiktok/tokens HTTP/1.1" 403 -
[2026-09-24 16:59:26] 
[2026-09-24 16:59:26] [16:59:26] "GET /api/google/tokens HTTP/1.1" 403 -
[2026-09-24 16:59:26] 
[2026-09-24 16:59:26] [POST] /api/platform/auto-sync-cfg from 127.0.0.1 cookie=***
[2026-09-24 16:59:26] 
[2026-09-24 16:59:26] [16:59:26] "POST /api/platform/auto-sync-cfg HTTP/1.1" 200 -
[2026-09-24 16:59:26] 
[2026-09-24 16:59:26] [16:59:26] "GET /api/platform/auto-sync-cfg HTTP/1.1" 403 -
[2026-09-24 16:59:26] 
[2026-09-24 16:59:26] [POST] /api/meta/auto-sync-cfg from 127.0.0.1 cookie=***
[2026-09-24 16:59:26] 
[2026-09-24 16:59:26] [16:59:26] "POST /api/meta/auto-sync-cfg HTTP/1.1" 200 -
[2026-09-24 16:59:26] 
[2026-09-24 16:59:26] [16:59:26] "GET /api/platform/auto-sync-cfg HTTP/1.1" 403 -
[2026-09-24 16:59:26] 
[2026-09-24 16:59:26] [POST] /api/platform/auto-sync-cfg from 127.0.0.1 cookie=***
[2026-09-24 16:59:26] 
[2026-09-24 16:59:26] [16:59:26] "POST /api/platform/auto-sync-cfg HTTP/1.1" 200 -
[2026-09-24 16:59:26] 
[2026-09-24 16:59:26] [16:59:26] "GET /api/meta/sync?since=2026-09-01&until=2026-09-14&mode=test HTTP/1.1" 403 -
[2026-09-24 16:59:26] 
[2026-09-24 16:59:42] [GET] /api/stats from 127.0.0.1 cookie=***
[2026-09-24 16:59:42] 
[2026-09-24 16:59:43] [16:59:43] "GET /api/stats HTTP/1.1" 200 -
[2026-09-24 16:59:43] 
[2026-09-24 17:00:05] [google自动刷新] 🚀 开始执行
[2026-09-24 17:00:05] 
[2026-09-24 17:00:05] [google自动刷新] ⚠️  没有配置 Token，跳过
[2026-09-24 17:00:05] 
[2026-09-24 17:00:12] [GET] /api/stats from 127.0.0.1 cookie=***
[2026-09-24 17:00:12] 
[2026-09-24 17:00:12] [17:00:12] "GET /api/stats HTTP/1.1" 200 -
[2026-09-24 17:00:12] 
[2026-09-24 17:00:43] [POST] /api/auth/login from 127.0.0.1 no-cookie
[2026-09-24 17:00:43] 
[2026-09-24 17:00:43] [17:00:43] "POST /api/auth/login HTTP/1.1" 200 -
[2026-09-24 17:00:43] 
[2026-09-24 17:00:43] [17:00:43] "GET /api/auth/me HTTP/1.1" 403 -
[2026-09-24 17:00:43] 
[2026-09-24 17:00:43] [17:00:43] "GET /api/platform/auto-sync-cfg HTTP/1.1" 403 -
[2026-09-24 17:00:43] 
[2026-09-24 17:00:43] [17:00:43] "GET /api/tiktok/tokens HTTP/1.1" 403 -
[2026-09-24 17:00:43] 
[2026-09-24 17:00:43] [17:00:43] "GET /api/meta/sync?since=2026-09-01&until=2026-09-14&mode=test HTTP/1.1" 403 -
[2026-09-24 17:00:43] 
[2026-09-24 17:01:05] [google自动刷新] 🚀 开始执行
[2026-09-24 17:01:05] 
[2026-09-24 17:01:05] [google自动刷新] ⚠️  没有配置 Token，跳过
[2026-09-24 17:01:05] 
[2026-09-24 17:01:12] [GET] /api/stats from 127.0.0.1 cookie=***
[2026-09-24 17:01:12] 
[2026-09-24 17:01:12] [17:01:12] "GET /api/stats HTTP/1.1" 200 -
[2026-09-24 17:01:12] 
[2026-09-24 17:01:46] [POST] /api/auth/login from 127.0.0.1 no-cookie
[2026-09-24 17:01:46] 
[2026-09-24 17:01:46] [17:01:46] "POST /api/auth/login HTTP/1.1" 200 -
[2026-09-24 17:01:46] 
[2026-09-24 17:01:46] [17:01:46] "GET /api/platform/auto-sync-cfg HTTP/1.1" 403 -
[2026-09-24 17:01:46] 
[2026-09-24 17:01:46] [POST] /api/platform/auto-sync-cfg from 127.0.0.1 cookie=***
[2026-09-24 17:01:46] 
[2026-09-24 17:01:46] [17:01:46] "POST /api/platform/auto-sync-cfg HTTP/1.1" 200 -
[2026-09-24 17:01:46] 
[2026-09-24 17:01:46] [17:01:46] "GET /api/platform/auto-sync-cfg HTTP/1.1" 403 -
[2026-09-24 17:01:46] 
[2026-09-24 17:01:46] [17:01:46] "GET /api/meta/auto-sync-cfg HTTP/1.1" 403 -
[2026-09-24 17:01:46] 
[2026-09-24 17:01:46] [POST] /api/meta/auto-sync-cfg from 127.0.0.1 cookie=***
[2026-09-24 17:01:46] 
[2026-09-24 17:01:46] [17:01:46] "POST /api/meta/auto-sync-cfg HTTP/1.1" 200 -
[2026-09-24 17:01:46] 
[2026-09-24 17:01:46] [17:01:46] "GET /api/meta/sync?since=2026-09-01&until=2026-09-14&mode=test HTTP/1.1" 403 -
[2026-09-24 17:01:46] 
[2026-09-24 17:01:46] [17:01:46] "GET /api/tiktok/tokens HTTP/1.1" 403 -
[2026-09-24 17:01:46] 
[2026-09-24 17:01:46] [17:01:46] "GET /api/google/tokens HTTP/1.1" 403 -
[2026-09-24 17:01:46] 
[2026-09-24 17:02:05] [tiktok自动刷新] 🚀 开始执行
[2026-09-24 17:02:05] 
[2026-09-24 17:02:05] [tiktok自动刷新] ⚠️  没有配置 Token，跳过
[2026-09-24 17:02:05] 
[2026-09-24 17:02:05] [google自动刷新] 🚀 开始执行
[2026-09-24 17:02:05] 
[2026-09-24 17:02:05] [google自动刷新] ⚠️  没有配置 Token，跳过
[2026-09-24 17:02:05] 
[2026-09-24 17:02:13] [GET] /api/stats from 127.0.0.1 cookie=***
[2026-09-24 17:02:13] 
[2026-09-24 17:02:13] [17:02:13] "GET /api/stats HTTP/1.1" 200 -
[2026-09-24 17:02:13] 
[2026-09-24 17:02:41] [POST] /api/auth/login from 127.0.0.1 no-cookie
[2026-09-24 17:02:41] 
[2026-09-24 17:02:41] [17:02:41] "POST /api/auth/login HTTP/1.1" 429 -
[2026-09-24 17:02:41] 
[2026-09-24 17:02:41] [429] rate-limit login ip=127.0.0.1 count=12
[2026-09-24 17:02:41] 
[2026-09-24 17:02:41] [17:02:41] "GET /api/auth/me HTTP/1.1" 403 -
[2026-09-24 17:02:41] 
[2026-09-24 17:02:41] [17:02:41] "GET /api/tiktok/tokens HTTP/1.1" 403 -
[2026-09-24 17:02:41] 
[2026-09-24 17:02:41] [17:02:41] "GET /api/platform/auto-sync-cfg HTTP/1.1" 403 -
[2026-09-24 17:02:41] 
[2026-09-24 17:03:05] [tiktok自动刷新] 🚀 开始执行
[2026-09-24 17:03:05] 
[2026-09-24 17:03:05] [tiktok自动刷新] ⚠️  没有配置 Token，跳过
[2026-09-24 17:03:05] 
[2026-09-24 17:03:05] [google自动刷新] 🚀 开始执行
[2026-09-24 17:03:05] 
[2026-09-24 17:03:05] [google自动刷新] ⚠️  没有配置 Token，跳过
[2026-09-24 17:03:05] 
[2026-09-24 17:03:14] [GET] /api/stats from 127.0.0.1 cookie=***
[2026-09-24 17:03:14] 
[2026-09-24 17:03:14] [17:03:14] "GET /api/stats HTTP/1.1" 200 -
[2026-09-24 17:03:14] 
[2026-09-24 17:03:41] [GET] /api/stats from 127.0.0.1 cookie=***
[2026-09-24 17:03:41] 
[2026-09-24 17:03:41] [17:03:41] "GET /api/stats HTTP/1.1" 200 -
[2026-09-24 17:03:41] 
[2026-09-24 17:04:05] [tiktok自动刷新] 🚀 开始执行
[2026-09-24 17:04:05] 
[2026-09-24 17:04:05] [tiktok自动刷新] ⚠️  没有配置 Token，跳过
[2026-09-24 17:04:05] 
[2026-09-24 17:04:05] [google自动刷新] 🚀 开始执行
[2026-09-24 17:04:05] 
[2026-09-24 17:04:05] [google自动刷新] ⚠️  没有配置 Token，跳过
[2026-09-24 17:04:05] 
[2026-09-24 17:05:05] [POST] /api/auth/login from 127.0.0.1 no-cookie
[2026-09-24 17:05:05] 
[2026-09-24 17:05:05] [17:05:05] "POST /api/auth/login HTTP/1.1" 200 -
[2026-09-24 17:05:05] 
[2026-09-24 17:05:05] [17:05:05] "GET /api/platform/auto-sync-cfg HTTP/1.1" 403 -
[2026-09-24 17:05:05] 
[2026-09-24 17:05:05] [tiktok自动刷新] 🚀 开始执行
[2026-09-24 17:05:05] 
[2026-09-24 17:05:05] [tiktok自动刷新] ⚠️  没有配置 Token，跳过
[2026-09-24 17:05:05] 
[2026-09-24 17:05:05] [google自动刷新] 🚀 开始执行
[2026-09-24 17:05:05] 
[2026-09-24 17:05:05] [google自动刷新] ⚠️  没有配置 Token，跳过
[2026-09-24 17:05:05] 
[2026-09-24 17:05:20] [POST] /api/auth/login from 127.0.0.1 no-cookie
[2026-09-24 17:05:20] 
[2026-09-24 17:05:20] [17:05:20] "POST /api/auth/login HTTP/1.1" 200 -
[2026-09-24 17:05:20] 
[2026-09-24 17:05:20] [GET] /api/tiktok/tokens from 127.0.0.1 cookie=***
[2026-09-24 17:05:20] 
[2026-09-24 17:05:20] [17:05:20] "GET /api/tiktok/tokens HTTP/1.1" 200 -
[2026-09-24 17:05:20] 
[2026-09-24 17:05:20] [GET] /api/tiktok/tokens from 127.0.0.1 no-cookie
[2026-09-24 17:05:20] 
[2026-09-24 17:05:20] [17:05:20] "GET /api/tiktok/tokens HTTP/1.1" 200 -
[2026-09-24 17:05:20] 
[2026-09-24 17:05:47] [POST] /api/auth/login from 127.0.0.1 no-cookie
[2026-09-24 17:05:47] 
[2026-09-24 17:05:47] [17:05:47] "POST /api/auth/login HTTP/1.1" 200 -
[2026-09-24 17:05:47] 
[2026-09-24 17:05:47] [17:05:47] "GET /api/platform/auto-sync-cfg HTTP/1.1" 403 -
[2026-09-24 17:05:47] 
[2026-09-24 17:06:05] [tiktok自动刷新] 🚀 开始执行
[2026-09-24 17:06:05] 
[2026-09-24 17:06:05] [tiktok自动刷新] ⚠️  没有配置 Token，跳过
[2026-09-24 17:06:05] 
[2026-09-24 17:06:05] [google自动刷新] 🚀 开始执行
[2026-09-24 17:06:05] 
[2026-09-24 17:06:05] [google自动刷新] ⚠️  没有配置 Token，跳过
[2026-09-24 17:06:05] 
[2026-09-24 17:07:05] [tiktok自动刷新] 🚀 开始执行
[2026-09-24 17:07:05] 
[2026-09-24 17:07:05] [tiktok自动刷新] ⚠️  没有配置 Token，跳过
[2026-09-24 17:07:05] 
[2026-09-24 17:07:05] [google自动刷新] 🚀 开始执行
[2026-09-24 17:07:05] 
[2026-09-24 17:07:05] [google自动刷新] ⚠️  没有配置 Token，跳过
[2026-09-24 17:07:05] 
[2026-09-24 17:08:05] [tiktok自动刷新] 🚀 开始执行
[2026-09-24 17:08:05] 
[2026-09-24 17:08:05] [tiktok自动刷新] ⚠️  没有配置 Token，跳过
[2026-09-24 17:08:05] 
[2026-09-24 17:08:05] [google自动刷新] 🚀 开始执行
[2026-09-24 17:08:05] 
[2026-09-24 17:08:05] [google自动刷新] ⚠️  没有配置 Token，跳过
[2026-09-24 17:08:05] 
[2026-09-24 17:09:05] [tiktok自动刷新] 🚀 开始执行
[2026-09-24 17:09:05] 
[2026-09-24 17:09:05] [tiktok自动刷新] ⚠️  没有配置 Token，跳过
[2026-09-24 17:09:05] 
[2026-09-24 17:09:05] [google自动刷新] 🚀 开始执行
[2026-09-24 17:09:05] 
[2026-09-24 17:09:05] [google自动刷新] ⚠️  没有配置 Token，跳过
[2026-09-24 17:09:05] 
[2026-09-24 17:09:10] [POST] /api/auth/login from 127.0.0.1 no-cookie
[2026-09-24 17:09:10] 
[2026-09-24 17:09:10] [17:09:10] "POST /api/auth/login HTTP/1.1" 200 -
[2026-09-24 17:09:10] 
[2026-09-24 17:09:10] [17:09:10] "GET /api/platform/auto-sync-cfg HTTP/1.1" 403 -
[2026-09-24 17:09:10] 
[2026-09-24 17:10:05] [tiktok自动刷新] 🚀 开始执行
[2026-09-24 17:10:05] 
[2026-09-24 17:10:05] [tiktok自动刷新] ⚠️  没有配置 Token，跳过
[2026-09-24 17:10:05] 
[2026-09-24 17:10:05] [google自动刷新] 🚀 开始执行
[2026-09-24 17:10:05] 
[2026-09-24 17:10:05] [google自动刷新] ⚠️  没有配置 Token，跳过
[2026-09-24 17:10:05] 
[2026-09-24 17:10:56] [POST] /api/auth/login from 127.0.0.1 no-cookie
[2026-09-24 17:10:56] 
[2026-09-24 17:10:56] [17:10:56] "POST /api/auth/login HTTP/1.1" 200 -
[2026-09-24 17:10:56] 
[2026-09-24 17:10:56] [17:10:56] "GET /api/platform/auto-sync-cfg HTTP/1.1" 403 -
[2026-09-24 17:10:56] 
[2026-09-24 17:11:06] [tiktok自动刷新] 🚀 开始执行
[2026-09-24 17:11:06] 
[2026-09-24 17:11:06] [tiktok自动刷新] ⚠️  没有配置 Token，跳过
[2026-09-24 17:11:06] 
[2026-09-24 17:11:06] [google自动刷新] 🚀 开始执行
[2026-09-24 17:11:06] 
[2026-09-24 17:11:06] [google自动刷新] ⚠️  没有配置 Token，跳过
[2026-09-24 17:11:06] 
[2026-09-24 17:11:35] [17:11:35] "POST /api/auth/login HTTP/1.1" 403 -
[2026-09-24 17:11:35] 
[2026-09-24 17:11:44] [boot] 日志重定向已启用 -> /Users/mac/Library/Application Support/TRAE SOLO CN/ModularData/ai-agent/work-mode-projects/6aa2769ead555511aa7a9041/fb_project/FB广告账户管理系统 v3.915/data/server.log
[2026-09-24 17:11:44] 
[2026-09-24 17:11:44] [preload] ✅ 预加载 2 个静态文件 (1403KB → 445KB gzip, 节省 68%)
[2026-09-24 17:11:44] 
[2026-09-24 17:11:44] =======================================================
[2026-09-24 17:11:44] 
[2026-09-24 17:11:44]   FB 广告账户管理系统 v4 · 单机完整版
[2026-09-24 17:11:44] 
[2026-09-24 17:11:44]   地址: http://localhost:3000
[2026-09-24 17:11:44] 
[2026-09-24 17:11:44]   数据目录: /Users/mac/Library/Application Support/TRAE SOLO CN/ModularData/ai-agent/work-mode-projects/6aa2769ead555511aa7a9041/fb_project/FB广告账户管理系统 v3.915/data
[2026-09-24 17:11:44] 
[2026-09-24 17:11:44]   默认账号: admin / admin123456
[2026-09-24 17:11:44] 
[2026-09-24 17:11:44]   按 Ctrl+C 停止
[2026-09-24 17:11:44] 
[2026-09-24 17:11:44] =======================================================
[2026-09-24 17:11:44] 
[2026-09-24 17:11:44] [GET] /api/health from 127.0.0.1 no-cookie
[2026-09-24 17:11:44] 
[2026-09-24 17:11:44] [17:11:44] "GET /api/health HTTP/1.1" 200 -
[2026-09-24 17:11:44] 
[2026-09-24 17:12:07] [POST] /api/auth/login from 127.0.0.1 no-cookie
[2026-09-24 17:12:07] 
[2026-09-24 17:12:07] [17:12:07] "POST /api/auth/login HTTP/1.1" 200 -
[2026-09-24 17:12:07] 
[2026-09-24 17:12:07] [GET] /api/platform/auto-sync-cfg from 127.0.0.1 cookie=***
[2026-09-24 17:12:07] 
[2026-09-24 17:12:07] [17:12:07] "GET /api/platform/auto-sync-cfg HTTP/1.1" 200 -
[2026-09-24 17:12:07] 
[2026-09-24 17:12:07] [POST] /api/platform/auto-sync-cfg from 127.0.0.1 cookie=***
[2026-09-24 17:12:07] 
[2026-09-24 17:12:07] [17:12:07] "POST /api/platform/auto-sync-cfg HTTP/1.1" 200 -
[2026-09-24 17:12:07] 
[2026-09-24 17:12:07] [GET] /api/platform/auto-sync-cfg from 127.0.0.1 cookie=***
[2026-09-24 17:12:07] 
[2026-09-24 17:12:07] [17:12:07] "GET /api/platform/auto-sync-cfg HTTP/1.1" 200 -
[2026-09-24 17:12:07] 
[2026-09-24 17:12:07] [GET] /api/meta/auto-sync-cfg from 127.0.0.1 cookie=***
[2026-09-24 17:12:07] 
[2026-09-24 17:12:07] [17:12:07] "GET /api/meta/auto-sync-cfg HTTP/1.1" 200 -
[2026-09-24 17:12:07] 
[2026-09-24 17:12:07] [POST] /api/meta/auto-sync-cfg from 127.0.0.1 cookie=***
[2026-09-24 17:12:07] 
[2026-09-24 17:12:07] [17:12:07] "POST /api/meta/auto-sync-cfg HTTP/1.1" 200 -
[2026-09-24 17:12:07] 
[2026-09-24 17:12:07] [GET] /api/platform/auto-sync-cfg from 127.0.0.1 cookie=***
[2026-09-24 17:12:07] 
[2026-09-24 17:12:07] [17:12:07] "GET /api/platform/auto-sync-cfg HTTP/1.1" 200 -
[2026-09-24 17:12:07] 
[2026-09-24 17:12:31] [POST] /api/auth/login from 127.0.0.1 no-cookie
[2026-09-24 17:12:31] 
[2026-09-24 17:12:31] [17:12:31] "POST /api/auth/login HTTP/1.1" 429 -
[2026-09-24 17:12:31] 
[2026-09-24 17:12:31] [429] rate-limit login ip=127.0.0.1 count=10
[2026-09-24 17:12:31] 
[2026-09-24 17:12:31] [GET] /api/platform/auto-sync-cfg from 127.0.0.1 no-cookie
[2026-09-24 17:12:31] 
[2026-09-24 17:12:31] [17:12:31] "GET /api/platform/auto-sync-cfg HTTP/1.1" 401 -
[2026-09-24 17:12:31] 
[2026-09-24 17:12:31] [POST] /api/platform/auto-sync-cfg from 127.0.0.1 no-cookie
[2026-09-24 17:12:31] 
[2026-09-24 17:12:31] [17:12:31] "POST /api/platform/auto-sync-cfg HTTP/1.1" 401 -
[2026-09-24 17:12:31] 
[2026-09-24 17:12:31] [POST] /api/platform/auto-sync-cfg from 127.0.0.1 no-cookie
[2026-09-24 17:12:31] 
[2026-09-24 17:12:31] [17:12:31] "POST /api/platform/auto-sync-cfg HTTP/1.1" 401 -
[2026-09-24 17:12:31] 
[2026-09-24 17:12:31] [GET] /api/platform/auto-sync-cfg from 127.0.0.1 no-cookie
[2026-09-24 17:12:31] 
[2026-09-24 17:12:31] [17:12:31] "GET /api/platform/auto-sync-cfg HTTP/1.1" 401 -
[2026-09-24 17:12:31] 
[2026-09-24 17:12:44] [meta自动刷新] 🚀 开始执行
[2026-09-24 17:12:44] 
[2026-09-24 17:12:48] [Meta] 绿通：落库 新增 0 / 更新 0 / 未下户拒绝 0
[2026-09-24 17:12:48] 
[2026-09-24 17:12:53] [GET] /api/health from 127.0.0.1 no-cookie
[2026-09-24 17:12:53] 
[2026-09-24 17:12:53] [17:12:53] "GET /api/health HTTP/1.1" 200 -
[2026-09-24 17:12:53] 
[2026-09-24 17:12:54] [Meta] 上海中庭政bm：落库 新增 0 / 更新 0 / 未下户拒绝 0
[2026-09-24 17:12:54] 
[2026-09-24 17:12:54] [meta自动刷新] ✅ 完成 2026-09-19~2026-09-24，0 行
[2026-09-24 17:12:54] 
[2026-09-24 17:12:54] [tiktok自动刷新] 🚀 开始执行
[2026-09-24 17:12:54] 
[2026-09-24 17:12:54] [tiktok自动刷新] ⚠️  没有配置 Token，跳过
[2026-09-24 17:12:54] 
[2026-09-24 17:12:54] [google自动刷新] 🚀 开始执行
[2026-09-24 17:12:54] 
[2026-09-24 17:12:54] [google自动刷新] ⚠️  没有配置 Token，跳过
[2026-09-24 17:12:54] 
[2026-09-24 17:13:54] [tiktok自动刷新] 🚀 开始执行
[2026-09-24 17:13:54] 
[2026-09-24 17:13:54] [tiktok自动刷新] ⚠️  没有配置 Token，跳过
[2026-09-24 17:13:54] 
[2026-09-24 17:13:54] [google自动刷新] 🚀 开始执行
[2026-09-24 17:13:54] 
[2026-09-24 17:13:54] [google自动刷新] ⚠️  没有配置 Token，跳过
[2026-09-24 17:13:54] 
[2026-09-24 17:14:54] [tiktok自动刷新] 🚀 开始执行
[2026-09-24 17:14:54] 
[2026-09-24 17:14:54] [tiktok自动刷新] ⚠️  没有配置 Token，跳过
[2026-09-24 17:14:54] 
[2026-09-24 17:14:54] [google自动刷新] 🚀 开始执行
[2026-09-24 17:14:54] 
[2026-09-24 17:14:54] [google自动刷新] ⚠️  没有配置 Token，跳过
[2026-09-24 17:14:54] 
[2026-09-24 17:15:24] [boot] 日志重定向已启用 -> /Users/mac/Library/Application Support/TRAE SOLO CN/ModularData/ai-agent/work-mode-projects/6aa2769ead555511aa7a9041/fb_project/FB广告账户管理系统 v3.915/data/server.log
[2026-09-24 17:15:24] 
[2026-09-24 17:15:24] [preload] ✅ 预加载 2 个静态文件 (1398KB → 444KB gzip, 节省 68%)
[2026-09-24 17:15:24] 
[2026-09-24 17:15:24] =======================================================
[2026-09-24 17:15:24] 
[2026-09-24 17:15:24]   FB 广告账户管理系统 v4 · 单机完整版
[2026-09-24 17:15:24] 
[2026-09-24 17:15:24]   地址: http://localhost:3000
[2026-09-24 17:15:24] 
[2026-09-24 17:15:24]   数据目录: /Users/mac/Library/Application Support/TRAE SOLO CN/ModularData/ai-agent/work-mode-projects/6aa2769ead555511aa7a9041/fb_project/FB广告账户管理系统 v3.915/data
[2026-09-24 17:15:24] 
[2026-09-24 17:15:24]   默认账号: admin / admin123456
[2026-09-24 17:15:24] 
[2026-09-24 17:15:24]   按 Ctrl+C 停止
[2026-09-24 17:15:24] 
[2026-09-24 17:15:24] =======================================================
[2026-09-24 17:15:24] 
[2026-09-24 17:15:25] [GET] /api/health from 127.0.0.1 no-cookie
[2026-09-24 17:15:25] 
[2026-09-24 17:15:25] [17:15:25] "GET /api/health HTTP/1.1" 200 -
[2026-09-24 17:15:25] 
[2026-09-24 17:15:25] [GET]  from 127.0.0.1 no-cookie
[2026-09-24 17:15:25] 
[2026-09-24 17:15:25] [17:15:25] "GET / HTTP/1.1" 200 -
[2026-09-24 17:15:25] 
[2026-09-24 17:16:24] [tiktok自动刷新] 🚀 开始执行
[2026-09-24 17:16:24] 
[2026-09-24 17:16:24] [tiktok自动刷新] ⚠️  没有配置 Token，跳过
[2026-09-24 17:16:24] 
[2026-09-24 17:16:24] [google自动刷新] 🚀 开始执行
[2026-09-24 17:16:24] 
[2026-09-24 17:16:24] [google自动刷新] ⚠️  没有配置 Token，跳过
[2026-09-24 17:16:24] 
[2026-09-24 17:17:24] [tiktok自动刷新] 🚀 开始执行
[2026-09-24 17:17:24] 
[2026-09-24 17:17:24] [tiktok自动刷新] ⚠️  没有配置 Token，跳过
[2026-09-24 17:17:24] 
[2026-09-24 17:17:24] [google自动刷新] 🚀 开始执行
[2026-09-24 17:17:24] 
[2026-09-24 17:17:24] [google自动刷新] ⚠️  没有配置 Token，跳过
[2026-09-24 17:17:24] 
[2026-09-24 17:18:24] [tiktok自动刷新] 🚀 开始执行
[2026-09-24 17:18:24] 
[2026-09-24 17:18:24] [tiktok自动刷新] ⚠️  没有配置 Token，跳过
[2026-09-24 17:18:24] 
[2026-09-24 17:18:24] [google自动刷新] 🚀 开始执行
[2026-09-24 17:18:24] 
[2026-09-24 17:18:24] [google自动刷新] ⚠️  没有配置 Token，跳过
[2026-09-24 17:18:24] 
[2026-09-24 17:19:24] [tiktok自动刷新] 🚀 开始执行
[2026-09-24 17:19:24] 
[2026-09-24 17:19:24] [tiktok自动刷新] ⚠️  没有配置 Token，跳过
[2026-09-24 17:19:24] 
[2026-09-24 17:19:24] [google自动刷新] 🚀 开始执行
[2026-09-24 17:19:24] 
[2026-09-24 17:19:24] [google自动刷新] ⚠️  没有配置 Token，跳过
[2026-09-24 17:19:24] 
[2026-09-24 17:20:24] [tiktok自动刷新] 🚀 开始执行
[2026-09-24 17:20:24] 
[2026-09-24 17:20:24] [tiktok自动刷新] ⚠️  没有配置 Token，跳过
[2026-09-24 17:20:24] 
[2026-09-24 17:20:24] [google自动刷新] 🚀 开始执行
[2026-09-24 17:20:24] 
[2026-09-24 17:20:24] [google自动刷新] ⚠️  没有配置 Token，跳过
[2026-09-24 17:20:24] 
[2026-09-24 17:21:10] [boot] 日志重定向已启用 -> /Users/mac/Library/Application Support/TRAE SOLO CN/ModularData/ai-agent/work-mode-projects/6aa2769ead555511aa7a9041/fb_project/FB广告账户管理系统 v3.915/data/server.log
[2026-09-24 17:21:10] 
[2026-09-24 17:21:10] [preload] ✅ 预加载 2 个静态文件 (1398KB → 444KB gzip, 节省 68%)
[2026-09-24 17:21:10] 
[2026-09-24 17:21:10] =======================================================
[2026-09-24 17:21:10] 
[2026-09-24 17:21:10]   FB 广告账户管理系统 v4 · 单机完整版
[2026-09-24 17:21:10] 
[2026-09-24 17:21:10]   地址: http://localhost:3000
[2026-09-24 17:21:10] 
[2026-09-24 17:21:10]   数据目录: /Users/mac/Library/Application Support/TRAE SOLO CN/ModularData/ai-agent/work-mode-projects/6aa2769ead555511aa7a9041/fb_project/FB广告账户管理系统 v3.915/data
[2026-09-24 17:21:10] 
[2026-09-24 17:21:10]   默认账号: admin / admin123456
[2026-09-24 17:21:10] 
[2026-09-24 17:21:10]   按 Ctrl+C 停止
[2026-09-24 17:21:10] 
[2026-09-24 17:21:10] =======================================================
[2026-09-24 17:21:10] 
[2026-09-24 17:21:10] [GET] /api/health from 127.0.0.1 no-cookie
[2026-09-24 17:21:10] 
[2026-09-24 17:21:10] [17:21:10] "GET /api/health HTTP/1.1" 200 -
[2026-09-24 17:21:10] 
[2026-09-24 17:22:10] [tiktok自动刷新] 🚀 开始执行
[2026-09-24 17:22:10] 
[2026-09-24 17:22:10] [tiktok自动刷新] ⚠️  没有配置 Token，跳过
[2026-09-24 17:22:10] 
[2026-09-24 17:22:10] [google自动刷新] 🚀 开始执行
[2026-09-24 17:22:10] 
[2026-09-24 17:22:10] [google自动刷新] ⚠️  没有配置 Token，跳过
[2026-09-24 17:22:10] 
[2026-09-24 17:23:10] [tiktok自动刷新] 🚀 开始执行
[2026-09-24 17:23:10] 
[2026-09-24 17:23:10] [tiktok自动刷新] ⚠️  没有配置 Token，跳过
[2026-09-24 17:23:10] 
[2026-09-24 17:23:10] [google自动刷新] 🚀 开始执行
[2026-09-24 17:23:10] 
[2026-09-24 17:23:10] [google自动刷新] ⚠️  没有配置 Token，跳过
[2026-09-24 17:23:10] 
[2026-09-24 17:24:10] [tiktok自动刷新] 🚀 开始执行
[2026-09-24 17:24:10] 
[2026-09-24 17:24:10] [tiktok自动刷新] ⚠️  没有配置 Token，跳过
[2026-09-24 17:24:10] 
[2026-09-24 17:24:10] [google自动刷新] 🚀 开始执行
[2026-09-24 17:24:10] 
[2026-09-24 17:24:10] [google自动刷新] ⚠️  没有配置 Token，跳过
[2026-09-24 17:24:10] 
[2026-09-24 17:25:10] [tiktok自动刷新] 🚀 开始执行
[2026-09-24 17:25:10] 
[2026-09-24 17:25:10] [tiktok自动刷新] ⚠️  没有配置 Token，跳过
[2026-09-24 17:25:10] 
[2026-09-24 17:25:10] [google自动刷新] 🚀 开始执行
[2026-09-24 17:25:10] 
[2026-09-24 17:25:10] [google自动刷新] ⚠️  没有配置 Token，跳过
[2026-09-24 17:25:10] 
[2026-09-24 17:26:10] [tiktok自动刷新] 🚀 开始执行
[2026-09-24 17:26:10] 
[2026-09-24 17:26:10] [tiktok自动刷新] ⚠️  没有配置 Token，跳过
[2026-09-24 17:26:10] 
[2026-09-24 17:26:10] [google自动刷新] 🚀 开始执行
[2026-09-24 17:26:10] 
[2026-09-24 17:26:10] [google自动刷新] ⚠️  没有配置 Token，跳过
[2026-09-24 17:26:10] 
[2026-09-24 17:27:10] [tiktok自动刷新] 🚀 开始执行
[2026-09-24 17:27:10] 
[2026-09-24 17:27:10] [tiktok自动刷新] ⚠️  没有配置 Token，跳过
[2026-09-24 17:27:10] 
[2026-09-24 17:27:10] [google自动刷新] 🚀 开始执行
[2026-09-24 17:27:10] 
[2026-09-24 17:27:10] [google自动刷新] ⚠️  没有配置 Token，跳过
[2026-09-24 17:27:10] 
[2026-09-24 17:28:10] [tiktok自动刷新] 🚀 开始执行
[2026-09-24 17:28:10] 
[2026-09-24 17:28:10] [tiktok自动刷新] ⚠️  没有配置 Token，跳过
[2026-09-24 17:28:10] 
[2026-09-24 17:28:10] [google自动刷新] 🚀 开始执行
[2026-09-24 17:28:10] 
[2026-09-24 17:28:10] [google自动刷新] ⚠️  没有配置 Token，跳过
[2026-09-24 17:28:10] 
[2026-09-24 17:29:10] [tiktok自动刷新] 🚀 开始执行
[2026-09-24 17:29:10] 
[2026-09-24 17:29:10] [tiktok自动刷新] ⚠️  没有配置 Token，跳过
[2026-09-24 17:29:10] 
[2026-09-24 17:29:10] [google自动刷新] 🚀 开始执行
[2026-09-24 17:29:10] 
[2026-09-24 17:29:10] [google自动刷新] ⚠️  没有配置 Token，跳过
[2026-09-24 17:29:10] 
[2026-09-24 17:30:10] [tiktok自动刷新] 🚀 开始执行
[2026-09-24 17:30:10] 
[2026-09-24 17:30:10] [tiktok自动刷新] ⚠️  没有配置 Token，跳过
[2026-09-24 17:30:10] 
[2026-09-24 17:30:10] [google自动刷新] 🚀 开始执行
[2026-09-24 17:30:10] 
[2026-09-24 17:30:10] [google自动刷新] ⚠️  没有配置 Token，跳过
[2026-09-24 17:30:10] 
[2026-09-24 17:31:10] [tiktok自动刷新] 🚀 开始执行
[2026-09-24 17:31:10] 
[2026-09-24 17:31:10] [tiktok自动刷新] ⚠️  没有配置 Token，跳过
[2026-09-24 17:31:10] 
[2026-09-24 17:31:10] [google自动刷新] 🚀 开始执行
[2026-09-24 17:31:10] 
[2026-09-24 17:31:10] [google自动刷新] ⚠️  没有配置 Token，跳过
[2026-09-24 17:31:10] 
[2026-09-24 17:32:10] [tiktok自动刷新] 🚀 开始执行
[2026-09-24 17:32:10] 
[2026-09-24 17:32:10] [tiktok自动刷新] ⚠️  没有配置 Token，跳过
[2026-09-24 17:32:10] 
[2026-09-24 17:32:10] [google自动刷新] 🚀 开始执行
[2026-09-24 17:32:10] 
[2026-09-24 17:32:10] [google自动刷新] ⚠️  没有配置 Token，跳过
[2026-09-24 17:32:10] 
[2026-09-24 17:33:10] [tiktok自动刷新] 🚀 开始执行
[2026-09-24 17:33:10] 
[2026-09-24 17:33:10] [tiktok自动刷新] ⚠️  没有配置 Token，跳过
[2026-09-24 17:33:10] 
[2026-09-24 17:33:10] [google自动刷新] 🚀 开始执行
[2026-09-24 17:33:10] 
[2026-09-24 17:33:10] [google自动刷新] ⚠️  没有配置 Token，跳过
[2026-09-24 17:33:10] 
[2026-09-24 17:34:10] [tiktok自动刷新] 🚀 开始执行
[2026-09-24 17:34:10] 
[2026-09-24 17:34:10] [tiktok自动刷新] ⚠️  没有配置 Token，跳过
[2026-09-24 17:34:10] 
[2026-09-24 17:34:10] [google自动刷新] 🚀 开始执行
[2026-09-24 17:34:10] 
[2026-09-24 17:34:10] [google自动刷新] ⚠️  没有配置 Token，跳过
[2026-09-24 17:34:10] 
[2026-09-24 17:35:10] [tiktok自动刷新] 🚀 开始执行
[2026-09-24 17:35:10] 
[2026-09-24 17:35:10] [tiktok自动刷新] ⚠️  没有配置 Token，跳过
[2026-09-24 17:35:10] 
[2026-09-24 17:35:10] [google自动刷新] 🚀 开始执行
[2026-09-24 17:35:10] 
[2026-09-24 17:35:10] [google自动刷新] ⚠️  没有配置 Token，跳过
[2026-09-24 17:35:10] 
[2026-09-24 17:36:10] [tiktok自动刷新] 🚀 开始执行
[2026-09-24 17:36:10] 
[2026-09-24 17:36:10] [tiktok自动刷新] ⚠️  没有配置 Token，跳过
[2026-09-24 17:36:10] 
[2026-09-24 17:36:10] [google自动刷新] 🚀 开始执行
[2026-09-24 17:36:10] 
[2026-09-24 17:36:10] [google自动刷新] ⚠️  没有配置 Token，跳过
[2026-09-24 17:36:10] 
[2026-09-24 17:37:10] [tiktok自动刷新] 🚀 开始执行
[2026-09-24 17:37:10] 
[2026-09-24 17:37:10] [tiktok自动刷新] ⚠️  没有配置 Token，跳过
[2026-09-24 17:37:10] 
[2026-09-24 17:37:10] [google自动刷新] 🚀 开始执行
[2026-09-24 17:37:10] 
[2026-09-24 17:37:10] [google自动刷新] ⚠️  没有配置 Token，跳过
[2026-09-24 17:37:10] 
[2026-09-24 17:38:10] [tiktok自动刷新] 🚀 开始执行
[2026-09-24 17:38:10] 
[2026-09-24 17:38:10] [tiktok自动刷新] ⚠️  没有配置 Token，跳过
[2026-09-24 17:38:10] 
[2026-09-24 17:38:10] [google自动刷新] 🚀 开始执行
[2026-09-24 17:38:10] 
[2026-09-24 17:38:10] [google自动刷新] ⚠️  没有配置 Token，跳过
[2026-09-24 17:38:10] 
[2026-09-24 17:39:10] [tiktok自动刷新] 🚀 开始执行
[2026-09-24 17:39:10] 
[2026-09-24 17:39:10] [tiktok自动刷新] ⚠️  没有配置 Token，跳过
[2026-09-24 17:39:10] 
[2026-09-24 17:39:10] [google自动刷新] 🚀 开始执行
[2026-09-24 17:39:10] 
[2026-09-24 17:39:10] [google自动刷新] ⚠️  没有配置 Token，跳过
[2026-09-24 17:39:10] 
[2026-09-24 17:40:10] [tiktok自动刷新] 🚀 开始执行
[2026-09-24 17:40:10] 
[2026-09-24 17:40:10] [tiktok自动刷新] ⚠️  没有配置 Token，跳过
[2026-09-24 17:40:10] 
[2026-09-24 17:40:10] [google自动刷新] 🚀 开始执行
[2026-09-24 17:40:10] 
[2026-09-24 17:40:10] [google自动刷新] ⚠️  没有配置 Token，跳过
[2026-09-24 17:40:10] 
[2026-09-24 17:41:10] [tiktok自动刷新] 🚀 开始执行
[2026-09-24 17:41:10] 
[2026-09-24 17:41:10] [tiktok自动刷新] ⚠️  没有配置 Token，跳过
[2026-09-24 17:41:10] 
[2026-09-24 17:41:10] [google自动刷新] 🚀 开始执行
[2026-09-24 17:41:10] 
[2026-09-24 17:41:10] [google自动刷新] ⚠️  没有配置 Token，跳过
[2026-09-24 17:41:10] 
[2026-09-24 17:42:10] [tiktok自动刷新] 🚀 开始执行
[2026-09-24 17:42:10] 
[2026-09-24 17:42:10] [tiktok自动刷新] ⚠️  没有配置 Token，跳过
[2026-09-24 17:42:10] 
[2026-09-24 17:42:10] [google自动刷新] 🚀 开始执行
[2026-09-24 17:42:10] 
[2026-09-24 17:42:10] [google自动刷新] ⚠️  没有配置 Token，跳过
[2026-09-24 17:42:10] 
[2026-09-24 17:43:10] [tiktok自动刷新] 🚀 开始执行
[2026-09-24 17:43:10] 
[2026-09-24 17:43:10] [tiktok自动刷新] ⚠️  没有配置 Token，跳过
[2026-09-24 17:43:10] 
[2026-09-24 17:43:10] [google自动刷新] 🚀 开始执行
[2026-09-24 17:43:10] 
[2026-09-24 17:43:10] [google自动刷新] ⚠️  没有配置 Token，跳过
[2026-09-24 17:43:10] 
[2026-09-24 17:44:10] [tiktok自动刷新] 🚀 开始执行
[2026-09-24 17:44:10] 
[2026-09-24 17:44:10] [tiktok自动刷新] ⚠️  没有配置 Token，跳过
[2026-09-24 17:44:10] 
[2026-09-24 17:44:10] [google自动刷新] 🚀 开始执行
[2026-09-24 17:44:10] 
[2026-09-24 17:44:10] [google自动刷新] ⚠️  没有配置 Token，跳过
[2026-09-24 17:44:10] 
[2026-09-24 17:45:10] [tiktok自动刷新] 🚀 开始执行
[2026-09-24 17:45:10] 
[2026-09-24 17:45:10] [tiktok自动刷新] ⚠️  没有配置 Token，跳过
[2026-09-24 17:45:10] 
[2026-09-24 17:45:10] [google自动刷新] 🚀 开始执行
[2026-09-24 17:45:10] 
[2026-09-24 17:45:10] [google自动刷新] ⚠️  没有配置 Token，跳过
[2026-09-24 17:45:10] 
[2026-09-24 17:46:10] [tiktok自动刷新] 🚀 开始执行
[2026-09-24 17:46:10] 
[2026-09-24 17:46:10] [tiktok自动刷新] ⚠️  没有配置 Token，跳过
[2026-09-24 17:46:10] 
[2026-09-24 17:46:10] [google自动刷新] 🚀 开始执行
[2026-09-24 17:46:10] 
[2026-09-24 17:46:10] [google自动刷新] ⚠️  没有配置 Token，跳过
[2026-09-24 17:46:10] 
[2026-09-24 17:47:10] [tiktok自动刷新] 🚀 开始执行
[2026-09-24 17:47:10] 
[2026-09-24 17:47:10] [tiktok自动刷新] ⚠️  没有配置 Token，跳过
[2026-09-24 17:47:10] 
[2026-09-24 17:47:10] [google自动刷新] 🚀 开始执行
[2026-09-24 17:47:10] 
[2026-09-24 17:47:10] [google自动刷新] ⚠️  没有配置 Token，跳过
[2026-09-24 17:47:10] 
[2026-09-24 17:48:10] [tiktok自动刷新] 🚀 开始执行
[2026-09-24 17:48:10] 
[2026-09-24 17:48:10] [tiktok自动刷新] ⚠️  没有配置 Token，跳过
[2026-09-24 17:48:10] 
[2026-09-24 17:48:10] [google自动刷新] 🚀 开始执行
[2026-09-24 17:48:10] 
[2026-09-24 17:48:10] [google自动刷新] ⚠️  没有配置 Token，跳过
[2026-09-24 17:48:10] 
[2026-09-24 17:49:10] [tiktok自动刷新] 🚀 开始执行
[2026-09-24 17:49:10] 
[2026-09-24 17:49:10] [tiktok自动刷新] ⚠️  没有配置 Token，跳过
[2026-09-24 17:49:10] 
[2026-09-24 17:49:10] [google自动刷新] 🚀 开始执行
[2026-09-24 17:49:10] 
[2026-09-24 17:49:10] [google自动刷新] ⚠️  没有配置 Token，跳过
[2026-09-24 17:49:10] 
[2026-09-24 17:50:10] [tiktok自动刷新] 🚀 开始执行
[2026-09-24 17:50:10] 
[2026-09-24 17:50:10] [tiktok自动刷新] ⚠️  没有配置 Token，跳过
[2026-09-24 17:50:10] 
[2026-09-24 17:50:10] [google自动刷新] 🚀 开始执行
[2026-09-24 17:50:10] 
[2026-09-24 17:50:10] [google自动刷新] ⚠️  没有配置 Token，跳过
[2026-09-24 17:50:10] 
[2026-09-24 17:51:10] [tiktok自动刷新] 🚀 开始执行
[2026-09-24 17:51:10] 
[2026-09-24 17:51:10] [tiktok自动刷新] ⚠️  没有配置 Token，跳过
[2026-09-24 17:51:10] 
[2026-09-24 17:51:10] [google自动刷新] 🚀 开始执行
[2026-09-24 17:51:10] 
[2026-09-24 17:51:10] [google自动刷新] ⚠️  没有配置 Token，跳过
[2026-09-24 17:51:10] 
[2026-09-24 17:52:10] [tiktok自动刷新] 🚀 开始执行
[2026-09-24 17:52:10] 
[2026-09-24 17:52:10] [tiktok自动刷新] ⚠️  没有配置 Token，跳过
[2026-09-24 17:52:10] 
[2026-09-24 17:52:10] [google自动刷新] 🚀 开始执行
[2026-09-24 17:52:10] 
[2026-09-24 17:52:10] [google自动刷新] ⚠️  没有配置 Token，跳过
[2026-09-24 17:52:10] 
[2026-09-24 17:53:10] [tiktok自动刷新] 🚀 开始执行
[2026-09-24 17:53:10] 
[2026-09-24 17:53:10] [tiktok自动刷新] ⚠️  没有配置 Token，跳过
[2026-09-24 17:53:10] 
[2026-09-24 17:53:10] [google自动刷新] 🚀 开始执行
[2026-09-24 17:53:10] 
[2026-09-24 17:53:10] [google自动刷新] ⚠️  没有配置 Token，跳过
[2026-09-24 17:53:10] 
[2026-09-24 17:54:10] [tiktok自动刷新] 🚀 开始执行
[2026-09-24 17:54:10] 
[2026-09-24 17:54:10] [tiktok自动刷新] ⚠️  没有配置 Token，跳过
[2026-09-24 17:54:10] 
[2026-09-24 17:54:10] [google自动刷新] 🚀 开始执行
[2026-09-24 17:54:10] 
[2026-09-24 17:54:10] [google自动刷新] ⚠️  没有配置 Token，跳过
[2026-09-24 17:54:10] 
[2026-09-24 17:54:48] [boot] 日志重定向已启用 -> /Users/mac/Library/Application Support/TRAE SOLO CN/ModularData/ai-agent/work-mode-projects/6aa2769ead555511aa7a9041/fb_project/FB广告账户管理系统 v3.915/data/server.log
[2026-09-24 17:54:48] 
[2026-09-24 17:54:48] [preload] ✅ 预加载 2 个静态文件 (1398KB → 444KB gzip, 节省 68%)
[2026-09-24 17:54:48] 
[2026-09-24 17:54:48] =======================================================
[2026-09-24 17:54:48] 
[2026-09-24 17:54:48]   FB 广告账户管理系统 v4 · 单机完整版
[2026-09-24 17:54:48] 
[2026-09-24 17:54:48]   地址: http://localhost:3000
[2026-09-24 17:54:48] 
[2026-09-24 17:54:48]   数据目录: /Users/mac/Library/Application Support/TRAE SOLO CN/ModularData/ai-agent/work-mode-projects/6aa2769ead555511aa7a9041/fb_project/FB广告账户管理系统 v3.915/data
[2026-09-24 17:54:48] 
[2026-09-24 17:54:48]   默认账号: admin / admin123456
[2026-09-24 17:54:48] 
[2026-09-24 17:54:48]   按 Ctrl+C 停止
[2026-09-24 17:54:48] 
[2026-09-24 17:54:48] =======================================================
[2026-09-24 17:54:48] 
[2026-09-24 17:54:48] [GET] /api/health from 127.0.0.1 no-cookie
[2026-09-24 17:54:48] 
[2026-09-24 17:54:48] [17:54:48] "GET /api/health HTTP/1.1" 200 -
[2026-09-24 17:54:48] 
[2026-09-24 17:55:48] [tiktok自动刷新] 🚀 开始执行
[2026-09-24 17:55:48] 
[2026-09-24 17:55:48] [tiktok自动刷新] ⚠️  没有配置 Token，跳过
[2026-09-24 17:55:48] 
[2026-09-24 17:55:48] [google自动刷新] 🚀 开始执行
[2026-09-24 17:55:48] 
[2026-09-24 17:55:48] [google自动刷新] ⚠️  没有配置 Token，跳过
[2026-09-24 17:55:48] 
[2026-09-24 17:56:48] [tiktok自动刷新] 🚀 开始执行
[2026-09-24 17:56:48] 
[2026-09-24 17:56:48] [tiktok自动刷新] ⚠️  没有配置 Token，跳过
[2026-09-24 17:56:48] 
[2026-09-24 17:56:48] [google自动刷新] 🚀 开始执行
[2026-09-24 17:56:48] 
[2026-09-24 17:56:48] [google自动刷新] ⚠️  没有配置 Token，跳过
[2026-09-24 17:56:48] 
[2026-09-24 17:57:07] [boot] 日志重定向已启用 -> /Users/mac/Library/Application Support/TRAE SOLO CN/ModularData/ai-agent/work-mode-projects/6aa2769ead555511aa7a9041/fb_project/FB广告账户管理系统 v3.915/data/server.log
[2026-09-24 17:57:07] 
[2026-09-24 17:57:07] [preload] ✅ 预加载 2 个静态文件 (1398KB → 444KB gzip, 节省 68%)
[2026-09-24 17:57:07] 
[2026-09-24 17:57:07] =======================================================
[2026-09-24 17:57:07] 
[2026-09-24 17:57:07]   FB 广告账户管理系统 v4 · 单机完整版
[2026-09-24 17:57:07] 
[2026-09-24 17:57:07]   地址: http://localhost:3000
[2026-09-24 17:57:07] 
[2026-09-24 17:57:07]   数据目录: /Users/mac/Library/Application Support/TRAE SOLO CN/ModularData/ai-agent/work-mode-projects/6aa2769ead555511aa7a9041/fb_project/FB广告账户管理系统 v3.915/data
[2026-09-24 17:57:07] 
[2026-09-24 17:57:07]   默认账号: admin / admin123456
[2026-09-24 17:57:07] 
[2026-09-24 17:57:07]   按 Ctrl+C 停止
[2026-09-24 17:57:07] 
[2026-09-24 17:57:07] =======================================================
[2026-09-24 17:57:07] 
[2026-09-24 17:58:07] [tiktok自动刷新] 🚀 开始执行
[2026-09-24 17:58:07] 
[2026-09-24 17:58:07] [tiktok自动刷新] ⚠️  没有配置 Token，跳过
[2026-09-24 17:58:07] 
[2026-09-24 17:58:07] [google自动刷新] 🚀 开始执行
[2026-09-24 17:58:07] 
[2026-09-24 17:58:07] [google自动刷新] ⚠️  没有配置 Token，跳过
[2026-09-24 17:58:07] 
[2026-09-24 17:59:07] [tiktok自动刷新] 🚀 开始执行
[2026-09-24 17:59:07] 
[2026-09-24 17:59:07] [tiktok自动刷新] ⚠️  没有配置 Token，跳过
[2026-09-24 17:59:07] 
[2026-09-24 17:59:07] [google自动刷新] 🚀 开始执行
[2026-09-24 17:59:07] 
[2026-09-24 17:59:07] [google自动刷新] ⚠️  没有配置 Token，跳过
[2026-09-24 17:59:07] 
[2026-09-24 18:00:07] [tiktok自动刷新] 🚀 开始执行
[2026-09-24 18:00:07] 
[2026-09-24 18:00:07] [tiktok自动刷新] ⚠️  没有配置 Token，跳过
[2026-09-24 18:00:07] 
[2026-09-24 18:00:07] [google自动刷新] 🚀 开始执行
[2026-09-24 18:00:07] 
[2026-09-24 18:00:07] [google自动刷新] ⚠️  没有配置 Token，跳过
[2026-09-24 18:00:07] 
[2026-09-24 18:01:07] [tiktok自动刷新] 🚀 开始执行
[2026-09-24 18:01:07] 
[2026-09-24 18:01:07] [tiktok自动刷新] ⚠️  没有配置 Token，跳过
[2026-09-24 18:01:07] 
[2026-09-24 18:01:07] [google自动刷新] 🚀 开始执行
[2026-09-24 18:01:07] 
[2026-09-24 18:01:07] [google自动刷新] ⚠️  没有配置 Token，跳过
[2026-09-24 18:01:07] 
[2026-09-24 18:02:07] [tiktok自动刷新] 🚀 开始执行
[2026-09-24 18:02:07] 
[2026-09-24 18:02:07] [tiktok自动刷新] ⚠️  没有配置 Token，跳过
[2026-09-24 18:02:07] 
[2026-09-24 18:02:07] [google自动刷新] 🚀 开始执行
[2026-09-24 18:02:07] 
[2026-09-24 18:02:07] [google自动刷新] ⚠️  没有配置 Token，跳过
[2026-09-24 18:02:07] 
[2026-09-24 18:03:07] [tiktok自动刷新] 🚀 开始执行
[2026-09-24 18:03:07] 
[2026-09-24 18:03:07] [tiktok自动刷新] ⚠️  没有配置 Token，跳过
[2026-09-24 18:03:07] 
[2026-09-24 18:03:07] [google自动刷新] 🚀 开始执行
[2026-09-24 18:03:07] 
[2026-09-24 18:03:07] [google自动刷新] ⚠️  没有配置 Token，跳过
[2026-09-24 18:03:07] 
[2026-09-24 18:04:07] [tiktok自动刷新] 🚀 开始执行
[2026-09-24 18:04:07] 
[2026-09-24 18:04:07] [tiktok自动刷新] ⚠️  没有配置 Token，跳过
[2026-09-24 18:04:07] 
[2026-09-24 18:04:07] [google自动刷新] 🚀 开始执行
[2026-09-24 18:04:07] 
[2026-09-24 18:04:07] [google自动刷新] ⚠️  没有配置 Token，跳过
[2026-09-24 18:04:07] 
[2026-09-24 18:05:07] [tiktok自动刷新] 🚀 开始执行
[2026-09-24 18:05:07] 
[2026-09-24 18:05:07] [tiktok自动刷新] ⚠️  没有配置 Token，跳过
[2026-09-24 18:05:07] 
[2026-09-24 18:05:07] [google自动刷新] 🚀 开始执行
[2026-09-24 18:05:07] 
[2026-09-24 18:05:07] [google自动刷新] ⚠️  没有配置 Token，跳过
[2026-09-24 18:05:07] 
[2026-09-24 18:06:07] [tiktok自动刷新] 🚀 开始执行
[2026-09-24 18:06:07] 
[2026-09-24 18:06:07] [tiktok自动刷新] ⚠️  没有配置 Token，跳过
[2026-09-24 18:06:07] 
[2026-09-24 18:06:07] [google自动刷新] 🚀 开始执行
[2026-09-24 18:06:07] 
[2026-09-24 18:06:07] [google自动刷新] ⚠️  没有配置 Token，跳过
[2026-09-24 18:06:07] 
[2026-09-24 18:06:47] [boot] 日志重定向已启用 -> /Users/mac/Library/Application Support/TRAE SOLO CN/ModularData/ai-agent/work-mode-projects/6aa2769ead555511aa7a9041/fb_project/FB广告账户管理系统 v3.915/data/server.log
[2026-09-24 18:06:47] 
[2026-09-24 18:06:47] [preload] ✅ 预加载 2 个静态文件 (1398KB → 444KB gzip, 节省 68%)
[2026-09-24 18:06:47] 
[2026-09-24 18:06:47] =======================================================
[2026-09-24 18:06:47] 
[2026-09-24 18:06:47]   FB 广告账户管理系统 v4 · 单机完整版
[2026-09-24 18:06:47] 
[2026-09-24 18:06:47]   地址: http://localhost:3000
[2026-09-24 18:06:47] 
[2026-09-24 18:06:47]   数据目录: /Users/mac/Library/Application Support/TRAE SOLO CN/ModularData/ai-agent/work-mode-projects/6aa2769ead555511aa7a9041/fb_project/FB广告账户管理系统 v3.915/data
[2026-09-24 18:06:47] 
[2026-09-24 18:06:47]   默认账号: admin / admin123456
[2026-09-24 18:06:47] 
[2026-09-24 18:06:47]   按 Ctrl+C 停止
[2026-09-24 18:06:47] 
[2026-09-24 18:06:47] =======================================================
[2026-09-24 18:06:47] 
[2026-09-24 18:06:48] [GET] /api/health from 127.0.0.1 no-cookie
[2026-09-24 18:06:48] 
[2026-09-24 18:06:48] [18:06:48] "GET /api/health HTTP/1.1" 200 -
[2026-09-24 18:06:48] 
[2026-09-24 18:06:48] [18:06:48] "GET /api/consume?limit=3 HTTP/1.1" 403 -
[2026-09-24 18:06:48] 
[2026-09-24 18:07:01] [18:07:01] "POST /api/login HTTP/1.1" 403 -
[2026-09-24 18:07:01] 
[2026-09-24 18:07:01] [18:07:01] "GET /api/consume?limit=5 HTTP/1.1" 403 -
[2026-09-24 18:07:01] 
[2026-09-24 18:07:27] [18:07:27] "POST /api/auth/login HTTP/1.1" 403 -
[2026-09-24 18:07:27] 
[2026-09-24 18:07:47] [tiktok自动刷新] 🚀 开始执行
[2026-09-24 18:07:47] 
[2026-09-24 18:07:47] [tiktok自动刷新] ⚠️  没有配置 Token，跳过
[2026-09-24 18:07:47] 
[2026-09-24 18:07:47] [google自动刷新] 🚀 开始执行
[2026-09-24 18:07:47] 
[2026-09-24 18:07:47] [google自动刷新] ⚠️  没有配置 Token，跳过
[2026-09-24 18:07:47] 
[2026-09-24 18:08:47] [tiktok自动刷新] 🚀 开始执行
[2026-09-24 18:08:47] 
[2026-09-24 18:08:47] [tiktok自动刷新] ⚠️  没有配置 Token，跳过
[2026-09-24 18:08:47] 
[2026-09-24 18:08:47] [google自动刷新] 🚀 开始执行
[2026-09-24 18:08:47] 
[2026-09-24 18:08:47] [google自动刷新] ⚠️  没有配置 Token，跳过
[2026-09-24 18:08:47] 
[2026-09-24 18:09:47] [tiktok自动刷新] 🚀 开始执行
[2026-09-24 18:09:47] 
[2026-09-24 18:09:47] [tiktok自动刷新] ⚠️  没有配置 Token，跳过
[2026-09-24 18:09:47] 
[2026-09-24 18:09:47] [google自动刷新] 🚀 开始执行
[2026-09-24 18:09:47] 
[2026-09-24 18:09:47] [google自动刷新] ⚠️  没有配置 Token，跳过
[2026-09-24 18:09:47] 
[2026-09-24 18:10:47] [tiktok自动刷新] 🚀 开始执行
[2026-09-24 18:10:47] 
[2026-09-24 18:10:47] [tiktok自动刷新] ⚠️  没有配置 Token，跳过
[2026-09-24 18:10:47] 
[2026-09-24 18:10:47] [google自动刷新] 🚀 开始执行
[2026-09-24 18:10:47] 
[2026-09-24 18:10:47] [google自动刷新] ⚠️  没有配置 Token，跳过
[2026-09-24 18:10:47] 
[2026-09-24 18:11:47] [tiktok自动刷新] 🚀 开始执行
[2026-09-24 18:11:47] 
[2026-09-24 18:11:47] [tiktok自动刷新] ⚠️  没有配置 Token，跳过
[2026-09-24 18:11:47] 
[2026-09-24 18:11:47] [google自动刷新] 🚀 开始执行
[2026-09-24 18:11:47] 
[2026-09-24 18:11:47] [google自动刷新] ⚠️  没有配置 Token，跳过
[2026-09-24 18:11:47] 
[2026-09-24 18:12:47] [tiktok自动刷新] 🚀 开始执行
[2026-09-24 18:12:47] 
[2026-09-24 18:12:47] [tiktok自动刷新] ⚠️  没有配置 Token，跳过
[2026-09-24 18:12:47] 
[2026-09-24 18:12:47] [google自动刷新] 🚀 开始执行
[2026-09-24 18:12:47] 
[2026-09-24 18:12:47] [google自动刷新] ⚠️  没有配置 Token，跳过
[2026-09-24 18:12:47] 
[2026-09-24 18:13:47] [tiktok自动刷新] 🚀 开始执行
[2026-09-24 18:13:47] 
[2026-09-24 18:13:47] [tiktok自动刷新] ⚠️  没有配置 Token，跳过
[2026-09-24 18:13:47] 
[2026-09-24 18:13:47] [google自动刷新] 🚀 开始执行
[2026-09-24 18:13:47] 
[2026-09-24 18:13:47] [google自动刷新] ⚠️  没有配置 Token，跳过
[2026-09-24 18:13:47] 
[2026-09-24 18:14:47] [tiktok自动刷新] 🚀 开始执行
[2026-09-24 18:14:47] 
[2026-09-24 18:14:47] [tiktok自动刷新] ⚠️  没有配置 Token，跳过
[2026-09-24 18:14:47] 
[2026-09-24 18:14:47] [google自动刷新] 🚀 开始执行
[2026-09-24 18:14:47] 
[2026-09-24 18:14:47] [google自动刷新] ⚠️  没有配置 Token，跳过
[2026-09-24 18:14:47] 
[2026-09-24 18:15:47] [tiktok自动刷新] 🚀 开始执行
[2026-09-24 18:15:47] 
[2026-09-24 18:15:47] [tiktok自动刷新] ⚠️  没有配置 Token，跳过
[2026-09-24 18:15:47] 
[2026-09-24 18:15:47] [google自动刷新] 🚀 开始执行
[2026-09-24 18:15:47] 
[2026-09-24 18:15:47] [google自动刷新] ⚠️  没有配置 Token，跳过
[2026-09-24 18:15:47] 
[2026-09-24 18:16:47] [tiktok自动刷新] 🚀 开始执行
[2026-09-24 18:16:47] 
[2026-09-24 18:16:47] [tiktok自动刷新] ⚠️  没有配置 Token，跳过
[2026-09-24 18:16:47] 
[2026-09-24 18:16:47] [google自动刷新] 🚀 开始执行
[2026-09-24 18:16:47] 
[2026-09-24 18:16:47] [google自动刷新] ⚠️  没有配置 Token，跳过
[2026-09-24 18:16:47] 
[2026-09-24 18:17:47] [tiktok自动刷新] 🚀 开始执行
[2026-09-24 18:17:47] 
[2026-09-24 18:17:47] [tiktok自动刷新] ⚠️  没有配置 Token，跳过
[2026-09-24 18:17:47] 
[2026-09-24 18:17:47] [google自动刷新] 🚀 开始执行
[2026-09-24 18:17:47] 
[2026-09-24 18:17:47] [google自动刷新] ⚠️  没有配置 Token，跳过
[2026-09-24 18:17:47] 
[2026-09-24 18:18:47] [tiktok自动刷新] 🚀 开始执行
[2026-09-24 18:18:47] 
[2026-09-24 18:18:47] [tiktok自动刷新] ⚠️  没有配置 Token，跳过
[2026-09-24 18:18:47] 
[2026-09-24 18:18:47] [google自动刷新] 🚀 开始执行
[2026-09-24 18:18:47] 
[2026-09-24 18:18:47] [google自动刷新] ⚠️  没有配置 Token，跳过
[2026-09-24 18:18:47] 
[2026-09-24 18:19:47] [tiktok自动刷新] 🚀 开始执行
[2026-09-24 18:19:47] 
[2026-09-24 18:19:47] [tiktok自动刷新] ⚠️  没有配置 Token，跳过
[2026-09-24 18:19:47] 
[2026-09-24 18:19:47] [google自动刷新] 🚀 开始执行
[2026-09-24 18:19:47] 
[2026-09-24 18:19:47] [google自动刷新] ⚠️  没有配置 Token，跳过
[2026-09-24 18:19:47] 
[2026-09-24 18:20:47] [tiktok自动刷新] 🚀 开始执行
[2026-09-24 18:20:47] 
[2026-09-24 18:20:47] [tiktok自动刷新] ⚠️  没有配置 Token，跳过
[2026-09-24 18:20:47] 
[2026-09-24 18:20:47] [google自动刷新] 🚀 开始执行
[2026-09-24 18:20:47] 
[2026-09-24 18:20:47] [google自动刷新] ⚠️  没有配置 Token，跳过
[2026-09-24 18:20:47] 
[2026-09-24 18:21:47] [tiktok自动刷新] 🚀 开始执行
[2026-09-24 18:21:47] 
[2026-09-24 18:21:47] [tiktok自动刷新] ⚠️  没有配置 Token，跳过
[2026-09-24 18:21:47] 
[2026-09-24 18:21:47] [google自动刷新] 🚀 开始执行
[2026-09-24 18:21:47] 
[2026-09-24 18:21:47] [google自动刷新] ⚠️  没有配置 Token，跳过
[2026-09-24 18:21:47] 
[2026-09-24 18:22:47] [tiktok自动刷新] 🚀 开始执行
[2026-09-24 18:22:47] 
[2026-09-24 18:22:47] [tiktok自动刷新] ⚠️  没有配置 Token，跳过
[2026-09-24 18:22:47] 
[2026-09-24 18:22:47] [google自动刷新] 🚀 开始执行
[2026-09-24 18:22:47] 
[2026-09-24 18:22:47] [google自动刷新] ⚠️  没有配置 Token，跳过
[2026-09-24 18:22:47] 
[2026-09-24 18:23:47] [tiktok自动刷新] 🚀 开始执行
[2026-09-24 18:23:47] 
[2026-09-24 18:23:47] [tiktok自动刷新] ⚠️  没有配置 Token，跳过
[2026-09-24 18:23:47] 
[2026-09-24 18:23:47] [google自动刷新] 🚀 开始执行
[2026-09-24 18:23:47] 
[2026-09-24 18:23:47] [google自动刷新] ⚠️  没有配置 Token，跳过
[2026-09-24 18:23:47] 
[2026-09-24 18:24:47] [tiktok自动刷新] 🚀 开始执行
[2026-09-24 18:24:47] 
[2026-09-24 18:24:47] [tiktok自动刷新] ⚠️  没有配置 Token，跳过
[2026-09-24 18:24:47] 
[2026-09-24 18:24:47] [google自动刷新] 🚀 开始执行
[2026-09-24 18:24:47] 
[2026-09-24 18:24:47] [google自动刷新] ⚠️  没有配置 Token，跳过
[2026-09-24 18:24:47] 
[2026-09-24 18:25:47] [tiktok自动刷新] 🚀 开始执行
[2026-09-24 18:25:47] 
[2026-09-24 18:25:47] [tiktok自动刷新] ⚠️  没有配置 Token，跳过
[2026-09-24 18:25:47] 
[2026-09-24 18:25:47] [google自动刷新] 🚀 开始执行
[2026-09-24 18:25:47] 
[2026-09-24 18:25:47] [google自动刷新] ⚠️  没有配置 Token，跳过
[2026-09-24 18:25:47] 
[2026-09-24 18:26:47] [tiktok自动刷新] 🚀 开始执行
[2026-09-24 18:26:47] 
[2026-09-24 18:26:47] [tiktok自动刷新] ⚠️  没有配置 Token，跳过
[2026-09-24 18:26:47] 
[2026-09-24 18:26:47] [google自动刷新] 🚀 开始执行
[2026-09-24 18:26:47] 
[2026-09-24 18:26:47] [google自动刷新] ⚠️  没有配置 Token，跳过
[2026-09-24 18:26:47] 
[2026-09-24 18:27:47] [tiktok自动刷新] 🚀 开始执行
[2026-09-24 18:27:47] 
[2026-09-24 18:27:47] [tiktok自动刷新] ⚠️  没有配置 Token，跳过
[2026-09-24 18:27:47] 
[2026-09-24 18:27:47] [google自动刷新] 🚀 开始执行
[2026-09-24 18:27:47] 
[2026-09-24 18:27:47] [google自动刷新] ⚠️  没有配置 Token，跳过
[2026-09-24 18:27:47] 
[2026-09-24 18:28:47] [tiktok自动刷新] 🚀 开始执行
[2026-09-24 18:28:47] 
[2026-09-24 18:28:47] [tiktok自动刷新] ⚠️  没有配置 Token，跳过
[2026-09-24 18:28:47] 
[2026-09-24 18:28:47] [google自动刷新] 🚀 开始执行
[2026-09-24 18:28:47] 
[2026-09-24 18:28:47] [google自动刷新] ⚠️  没有配置 Token，跳过
[2026-09-24 18:28:47] 
[2026-09-24 18:29:47] [tiktok自动刷新] 🚀 开始执行
[2026-09-24 18:29:47] 
[2026-09-24 18:29:47] [tiktok自动刷新] ⚠️  没有配置 Token，跳过
[2026-09-24 18:29:47] 
[2026-09-24 18:29:47] [google自动刷新] 🚀 开始执行
[2026-09-24 18:29:47] 
[2026-09-24 18:29:47] [google自动刷新] ⚠️  没有配置 Token，跳过
[2026-09-24 18:29:47] 
[2026-09-24 18:30:48] [tiktok自动刷新] 🚀 开始执行
[2026-09-24 18:30:48] 
[2026-09-24 18:30:48] [tiktok自动刷新] ⚠️  没有配置 Token，跳过
[2026-09-24 18:30:48] 
[2026-09-24 18:30:48] [google自动刷新] 🚀 开始执行
[2026-09-24 18:30:48] 
[2026-09-24 18:30:48] [google自动刷新] ⚠️  没有配置 Token，跳过
[2026-09-24 18:30:48] 
[2026-09-24 18:31:48] [tiktok自动刷新] 🚀 开始执行
[2026-09-24 18:31:48] 
[2026-09-24 18:31:48] [tiktok自动刷新] ⚠️  没有配置 Token，跳过
[2026-09-24 18:31:48] 
[2026-09-24 18:31:48] [google自动刷新] 🚀 开始执行
[2026-09-24 18:31:48] 
[2026-09-24 18:31:48] [google自动刷新] ⚠️  没有配置 Token，跳过
[2026-09-24 18:31:48] 
[2026-09-24 18:32:48] [tiktok自动刷新] 🚀 开始执行
[2026-09-24 18:32:48] 
[2026-09-24 18:32:48] [tiktok自动刷新] ⚠️  没有配置 Token，跳过
[2026-09-24 18:32:48] 
[2026-09-24 18:32:48] [google自动刷新] 🚀 开始执行
[2026-09-24 18:32:48] 
[2026-09-24 18:32:48] [google自动刷新] ⚠️  没有配置 Token，跳过
[2026-09-24 18:32:48] 
[2026-09-24 18:33:48] [tiktok自动刷新] 🚀 开始执行
[2026-09-24 18:33:48] 
[2026-09-24 18:33:48] [tiktok自动刷新] ⚠️  没有配置 Token，跳过
[2026-09-24 18:33:48] 
[2026-09-24 18:33:48] [google自动刷新] 🚀 开始执行
[2026-09-24 18:33:48] 
[2026-09-24 18:33:48] [google自动刷新] ⚠️  没有配置 Token，跳过
[2026-09-24 18:33:48] 
[2026-09-24 18:34:48] [tiktok自动刷新] 🚀 开始执行
[2026-09-24 18:34:48] 
[2026-09-24 18:34:48] [tiktok自动刷新] ⚠️  没有配置 Token，跳过
[2026-09-24 18:34:48] 
[2026-09-24 18:34:48] [google自动刷新] 🚀 开始执行
[2026-09-24 18:34:48] 
[2026-09-24 18:34:48] [google自动刷新] ⚠️  没有配置 Token，跳过
[2026-09-24 18:34:48] 
[2026-09-24 18:35:48] [tiktok自动刷新] 🚀 开始执行
[2026-09-24 18:35:48] 
[2026-09-24 18:35:48] [tiktok自动刷新] ⚠️  没有配置 Token，跳过
[2026-09-24 18:35:48] 
[2026-09-24 18:35:48] [google自动刷新] 🚀 开始执行
[2026-09-24 18:35:48] 
[2026-09-24 18:35:48] [google自动刷新] ⚠️  没有配置 Token，跳过
[2026-09-24 18:35:48] 
[2026-09-24 18:36:48] [tiktok自动刷新] 🚀 开始执行
[2026-09-24 18:36:48] 
[2026-09-24 18:36:48] [tiktok自动刷新] ⚠️  没有配置 Token，跳过
[2026-09-24 18:36:48] 
[2026-09-24 18:36:48] [google自动刷新] 🚀 开始执行
[2026-09-24 18:36:48] 
[2026-09-24 18:36:48] [google自动刷新] ⚠️  没有配置 Token，跳过
[2026-09-24 18:36:48] 
[2026-09-24 18:37:48] [tiktok自动刷新] 🚀 开始执行
[2026-09-24 18:37:48] 
[2026-09-24 18:37:48] [tiktok自动刷新] ⚠️  没有配置 Token，跳过
[2026-09-24 18:37:48] 
[2026-09-24 18:37:48] [google自动刷新] 🚀 开始执行
[2026-09-24 18:37:48] 
[2026-09-24 18:37:48] [google自动刷新] ⚠️  没有配置 Token，跳过
[2026-09-24 18:37:48] 
[2026-09-24 18:38:48] [tiktok自动刷新] 🚀 开始执行
[2026-09-24 18:38:48] 
[2026-09-24 18:38:48] [tiktok自动刷新] ⚠️  没有配置 Token，跳过
[2026-09-24 18:38:48] 
[2026-09-24 18:38:48] [google自动刷新] 🚀 开始执行
[2026-09-24 18:38:48] 
[2026-09-24 18:38:48] [google自动刷新] ⚠️  没有配置 Token，跳过
[2026-09-24 18:38:48] 
[2026-09-24 18:39:48] [tiktok自动刷新] 🚀 开始执行
[2026-09-24 18:39:48] 
[2026-09-24 18:39:48] [tiktok自动刷新] ⚠️  没有配置 Token，跳过
[2026-09-24 18:39:48] 
[2026-09-24 18:39:48] [google自动刷新] 🚀 开始执行
[2026-09-24 18:39:48] 
[2026-09-24 18:39:48] [google自动刷新] ⚠️  没有配置 Token，跳过
[2026-09-24 18:39:48] 
[2026-09-24 18:40:48] [tiktok自动刷新] 🚀 开始执行
[2026-09-24 18:40:48] 
[2026-09-24 18:40:48] [tiktok自动刷新] ⚠️  没有配置 Token，跳过
[2026-09-24 18:40:48] 
[2026-09-24 18:40:48] [google自动刷新] 🚀 开始执行
[2026-09-24 18:40:48] 
[2026-09-24 18:40:48] [google自动刷新] ⚠️  没有配置 Token，跳过
[2026-09-24 18:40:48] 
[2026-09-24 18:41:48] [tiktok自动刷新] 🚀 开始执行
[2026-09-24 18:41:48] 
[2026-09-24 18:41:48] [tiktok自动刷新] ⚠️  没有配置 Token，跳过
[2026-09-24 18:41:48] 
[2026-09-24 18:41:48] [google自动刷新] 🚀 开始执行
[2026-09-24 18:41:48] 
[2026-09-24 18:41:48] [google自动刷新] ⚠️  没有配置 Token，跳过
[2026-09-24 18:41:48] 
[2026-09-24 18:42:48] [tiktok自动刷新] 🚀 开始执行
[2026-09-24 18:42:48] 
[2026-09-24 18:42:48] [tiktok自动刷新] ⚠️  没有配置 Token，跳过
[2026-09-24 18:42:48] 
[2026-09-24 18:42:48] [google自动刷新] 🚀 开始执行
[2026-09-24 18:42:48] 
[2026-09-24 18:42:48] [google自动刷新] ⚠️  没有配置 Token，跳过
[2026-09-24 18:42:48] 
[2026-09-24 18:43:48] [tiktok自动刷新] 🚀 开始执行
[2026-09-24 18:43:48] 
[2026-09-24 18:43:48] [tiktok自动刷新] ⚠️  没有配置 Token，跳过
[2026-09-24 18:43:48] 
[2026-09-24 18:43:48] [google自动刷新] 🚀 开始执行
[2026-09-24 18:43:48] 
[2026-09-24 18:43:48] [google自动刷新] ⚠️  没有配置 Token，跳过
[2026-09-24 18:43:48] 
[2026-09-24 18:44:48] [tiktok自动刷新] 🚀 开始执行
[2026-09-24 18:44:48] 
[2026-09-24 18:44:48] [tiktok自动刷新] ⚠️  没有配置 Token，跳过
[2026-09-24 18:44:48] 
[2026-09-24 18:44:48] [google自动刷新] 🚀 开始执行
[2026-09-24 18:44:48] 
[2026-09-24 18:44:48] [google自动刷新] ⚠️  没有配置 Token，跳过
[2026-09-24 18:44:48] 
[2026-09-24 18:45:48] [tiktok自动刷新] 🚀 开始执行
[2026-09-24 18:45:48] 
[2026-09-24 18:45:48] [tiktok自动刷新] ⚠️  没有配置 Token，跳过
[2026-09-24 18:45:48] 
[2026-09-24 18:45:48] [google自动刷新] 🚀 开始执行
[2026-09-24 18:45:48] 
[2026-09-24 18:45:48] [google自动刷新] ⚠️  没有配置 Token，跳过
[2026-09-24 18:45:48] 
[2026-09-24 18:46:48] [tiktok自动刷新] 🚀 开始执行
[2026-09-24 18:46:48] 
[2026-09-24 18:46:48] [tiktok自动刷新] ⚠️  没有配置 Token，跳过
[2026-09-24 18:46:48] 
[2026-09-24 18:46:48] [google自动刷新] 🚀 开始执行
[2026-09-24 18:46:48] 
[2026-09-24 18:46:48] [google自动刷新] ⚠️  没有配置 Token，跳过
[2026-09-24 18:46:48] 
[2026-09-24 18:47:48] [tiktok自动刷新] 🚀 开始执行
[2026-09-24 18:47:48] 
[2026-09-24 18:47:48] [tiktok自动刷新] ⚠️  没有配置 Token，跳过
[2026-09-24 18:47:48] 
[2026-09-24 18:47:48] [google自动刷新] 🚀 开始执行
[2026-09-24 18:47:48] 
[2026-09-24 18:47:48] [google自动刷新] ⚠️  没有配置 Token，跳过
[2026-09-24 18:47:48] 
[2026-09-24 18:48:48] [tiktok自动刷新] 🚀 开始执行
[2026-09-24 18:48:48] 
[2026-09-24 18:48:48] [tiktok自动刷新] ⚠️  没有配置 Token，跳过
[2026-09-24 18:48:48] 
[2026-09-24 18:48:48] [google自动刷新] 🚀 开始执行
[2026-09-24 18:48:48] 
[2026-09-24 18:48:48] [google自动刷新] ⚠️  没有配置 Token，跳过
[2026-09-24 18:48:48] 
[2026-09-24 18:49:48] [tiktok自动刷新] 🚀 开始执行
[2026-09-24 18:49:48] 
[2026-09-24 18:49:48] [tiktok自动刷新] ⚠️  没有配置 Token，跳过
[2026-09-24 18:49:48] 
[2026-09-24 18:49:48] [google自动刷新] 🚀 开始执行
[2026-09-24 18:49:48] 
[2026-09-24 18:49:48] [google自动刷新] ⚠️  没有配置 Token，跳过
[2026-09-24 18:49:48] 
[2026-09-24 18:50:48] [tiktok自动刷新] 🚀 开始执行
[2026-09-24 18:50:48] 
[2026-09-24 18:50:48] [tiktok自动刷新] ⚠️  没有配置 Token，跳过
[2026-09-24 18:50:48] 
[2026-09-24 18:50:48] [google自动刷新] 🚀 开始执行
[2026-09-24 18:50:48] 
[2026-09-24 18:50:48] [google自动刷新] ⚠️  没有配置 Token，跳过
[2026-09-24 18:50:48] 
[2026-09-24 18:51:48] [tiktok自动刷新] 🚀 开始执行
[2026-09-24 18:51:48] 
[2026-09-24 18:51:48] [tiktok自动刷新] ⚠️  没有配置 Token，跳过
[2026-09-24 18:51:48] 
[2026-09-24 18:51:48] [google自动刷新] 🚀 开始执行
[2026-09-24 18:51:48] 
[2026-09-24 18:51:48] [google自动刷新] ⚠️  没有配置 Token，跳过
[2026-09-24 18:51:48] 
[2026-09-24 18:52:48] [tiktok自动刷新] 🚀 开始执行
[2026-09-24 18:52:48] 
[2026-09-24 18:52:48] [tiktok自动刷新] ⚠️  没有配置 Token，跳过
[2026-09-24 18:52:48] 
[2026-09-24 18:52:48] [google自动刷新] 🚀 开始执行
[2026-09-24 18:52:48] 
[2026-09-24 18:52:48] [google自动刷新] ⚠️  没有配置 Token，跳过
[2026-09-24 18:52:48] 
[2026-09-24 18:53:48] [tiktok自动刷新] 🚀 开始执行
[2026-09-24 18:53:48] 
[2026-09-24 18:53:48] [tiktok自动刷新] ⚠️  没有配置 Token，跳过
[2026-09-24 18:53:48] 
[2026-09-24 18:53:48] [google自动刷新] 🚀 开始执行
[2026-09-24 18:53:48] 
[2026-09-24 18:53:48] [google自动刷新] ⚠️  没有配置 Token，跳过
[2026-09-24 18:53:48] 
[2026-09-24 18:54:48] [tiktok自动刷新] 🚀 开始执行
[2026-09-24 18:54:48] 
[2026-09-24 18:54:48] [tiktok自动刷新] ⚠️  没有配置 Token，跳过
[2026-09-24 18:54:48] 
[2026-09-24 18:54:48] [google自动刷新] 🚀 开始执行
[2026-09-24 18:54:48] 
[2026-09-24 18:54:48] [google自动刷新] ⚠️  没有配置 Token，跳过
[2026-09-24 18:54:48] 
[2026-09-24 19:22:22] [boot] 日志重定向已启用 -> /Users/mac/Library/Application Support/TRAE SOLO CN/ModularData/ai-agent/work-mode-projects/6aa2769ead555511aa7a9041/fb_project/FB广告账户管理系统 v3.924/data/server.log
[2026-09-24 19:22:22] 
[2026-09-24 19:22:22] [preload] ✅ 预加载 2 个静态文件 (1399KB → 444KB gzip, 节省 68%)
[2026-09-24 19:22:22] 
[2026-09-24 19:22:22] =======================================================
[2026-09-24 19:22:22] 
[2026-09-24 19:22:22]   FB 广告账户管理系统 v4 · 单机完整版
[2026-09-24 19:22:22] 
[2026-09-24 19:22:22]   地址: http://localhost:3000
[2026-09-24 19:22:22] 
[2026-09-24 19:22:22]   数据目录: /Users/mac/Library/Application Support/TRAE SOLO CN/ModularData/ai-agent/work-mode-projects/6aa2769ead555511aa7a9041/fb_project/FB广告账户管理系统 v3.924/data
[2026-09-24 19:22:22] 
[2026-09-24 19:22:22]   默认账号: admin / admin123456
[2026-09-24 19:22:22] 
[2026-09-24 19:22:22]   按 Ctrl+C 停止
[2026-09-24 19:22:22] 
[2026-09-24 19:22:22] =======================================================
[2026-09-24 19:22:22] 
[2026-09-24 19:22:23] [GET] /api/health from 127.0.0.1 no-cookie
[2026-09-24 19:22:23] 
[2026-09-24 19:22:23] [19:22:23] "GET /api/health HTTP/1.1" 200 -
[2026-09-24 19:22:23] 
[2026-09-24 19:23:22] [tiktok自动刷新] 🚀 开始执行
[2026-09-24 19:23:22] 
[2026-09-24 19:23:22] [tiktok自动刷新] ⚠️  没有配置 Token，跳过
[2026-09-24 19:23:22] 
[2026-09-24 19:23:22] [google自动刷新] 🚀 开始执行
[2026-09-24 19:23:22] 
[2026-09-24 19:23:22] [google自动刷新] ⚠️  没有配置 Token，跳过
[2026-09-24 19:23:22] 
[2026-09-24 19:24:22] [tiktok自动刷新] 🚀 开始执行
[2026-09-24 19:24:22] 
[2026-09-24 19:24:22] [tiktok自动刷新] ⚠️  没有配置 Token，跳过
[2026-09-24 19:24:22] 
[2026-09-24 19:24:22] [google自动刷新] 🚀 开始执行
[2026-09-24 19:24:22] 
[2026-09-24 19:24:22] [google自动刷新] ⚠️  没有配置 Token，跳过
[2026-09-24 19:24:22] 
[2026-09-24 19:25:22] [tiktok自动刷新] 🚀 开始执行
[2026-09-24 19:25:22] 
[2026-09-24 19:25:22] [tiktok自动刷新] ⚠️  没有配置 Token，跳过
[2026-09-24 19:25:22] 
[2026-09-24 19:25:22] [google自动刷新] 🚀 开始执行
[2026-09-24 19:25:22] 
[2026-09-24 19:25:22] [google自动刷新] ⚠️  没有配置 Token，跳过
[2026-09-24 19:25:22] 
[2026-09-24 19:26:22] [tiktok自动刷新] 🚀 开始执行
[2026-09-24 19:26:22] 
[2026-09-24 19:26:22] [tiktok自动刷新] ⚠️  没有配置 Token，跳过
[2026-09-24 19:26:22] 
[2026-09-24 19:26:22] [google自动刷新] 🚀 开始执行
[2026-09-24 19:26:22] 
[2026-09-24 19:26:22] [google自动刷新] ⚠️  没有配置 Token，跳过
[2026-09-24 19:26:22] 
[2026-09-24 19:27:22] [tiktok自动刷新] 🚀 开始执行
[2026-09-24 19:27:22] 
[2026-09-24 19:27:22] [tiktok自动刷新] ⚠️  没有配置 Token，跳过
[2026-09-24 19:27:22] 
[2026-09-24 19:27:22] [google自动刷新] 🚀 开始执行
[2026-09-24 19:27:22] 
[2026-09-24 19:27:22] [google自动刷新] ⚠️  没有配置 Token，跳过
[2026-09-24 19:27:22] 
[2026-09-24 19:28:22] [tiktok自动刷新] 🚀 开始执行
[2026-09-24 19:28:22] 
[2026-09-24 19:28:22] [tiktok自动刷新] ⚠️  没有配置 Token，跳过
[2026-09-24 19:28:22] 
[2026-09-24 19:28:22] [google自动刷新] 🚀 开始执行
[2026-09-24 19:28:22] 
[2026-09-24 19:28:22] [google自动刷新] ⚠️  没有配置 Token，跳过
[2026-09-24 19:28:22] 
[2026-09-24 19:29:22] [tiktok自动刷新] 🚀 开始执行
[2026-09-24 19:29:22] 
[2026-09-24 19:29:22] [tiktok自动刷新] ⚠️  没有配置 Token，跳过
[2026-09-24 19:29:22] 
[2026-09-24 19:29:22] [google自动刷新] 🚀 开始执行
[2026-09-24 19:29:22] 
[2026-09-24 19:29:22] [google自动刷新] ⚠️  没有配置 Token，跳过
[2026-09-24 19:29:22] 
[2026-09-24 19:30:22] [tiktok自动刷新] 🚀 开始执行
[2026-09-24 19:30:22] 
[2026-09-24 19:30:22] [tiktok自动刷新] ⚠️  没有配置 Token，跳过
[2026-09-24 19:30:22] 
[2026-09-24 19:30:22] [google自动刷新] 🚀 开始执行
[2026-09-24 19:30:22] 
[2026-09-24 19:30:22] [google自动刷新] ⚠️  没有配置 Token，跳过
[2026-09-24 19:30:22] 
[2026-09-24 19:31:22] [tiktok自动刷新] 🚀 开始执行
[2026-09-24 19:31:22] 
[2026-09-24 19:31:22] [tiktok自动刷新] ⚠️  没有配置 Token，跳过
[2026-09-24 19:31:22] 
[2026-09-24 19:31:22] [google自动刷新] 🚀 开始执行
[2026-09-24 19:31:22] 
[2026-09-24 19:31:22] [google自动刷新] ⚠️  没有配置 Token，跳过
[2026-09-24 19:31:22] 
[2026-09-24 19:32:22] [tiktok自动刷新] 🚀 开始执行
[2026-09-24 19:32:22] 
[2026-09-24 19:32:22] [tiktok自动刷新] ⚠️  没有配置 Token，跳过
[2026-09-24 19:32:22] 
[2026-09-24 19:32:22] [google自动刷新] 🚀 开始执行
[2026-09-24 19:32:22] 
[2026-09-24 19:32:22] [google自动刷新] ⚠️  没有配置 Token，跳过
[2026-09-24 19:32:22] 
[2026-09-24 19:33:22] [tiktok自动刷新] 🚀 开始执行
[2026-09-24 19:33:22] 
[2026-09-24 19:33:22] [tiktok自动刷新] ⚠️  没有配置 Token，跳过
[2026-09-24 19:33:22] 
[2026-09-24 19:33:22] [google自动刷新] 🚀 开始执行
[2026-09-24 19:33:22] 
[2026-09-24 19:33:22] [google自动刷新] ⚠️  没有配置 Token，跳过
[2026-09-24 19:33:22] 
[2026-09-24 19:34:22] [tiktok自动刷新] 🚀 开始执行
[2026-09-24 19:34:22] 
[2026-09-24 19:34:22] [tiktok自动刷新] ⚠️  没有配置 Token，跳过
[2026-09-24 19:34:22] 
[2026-09-24 19:34:22] [google自动刷新] 🚀 开始执行
[2026-09-24 19:34:22] 
[2026-09-24 19:34:22] [google自动刷新] ⚠️  没有配置 Token，跳过
[2026-09-24 19:34:22] 
[2026-09-24 19:35:22] [tiktok自动刷新] 🚀 开始执行
[2026-09-24 19:35:22] 
[2026-09-24 19:35:22] [tiktok自动刷新] ⚠️  没有配置 Token，跳过
[2026-09-24 19:35:22] 
[2026-09-24 19:35:22] [google自动刷新] 🚀 开始执行
[2026-09-24 19:35:22] 
[2026-09-24 19:35:22] [google自动刷新] ⚠️  没有配置 Token，跳过
[2026-09-24 19:35:22] 
[2026-09-24 19:36:22] [tiktok自动刷新] 🚀 开始执行
[2026-09-24 19:36:22] 
[2026-09-24 19:36:22] [tiktok自动刷新] ⚠️  没有配置 Token，跳过
[2026-09-24 19:36:22] 
[2026-09-24 19:36:22] [google自动刷新] 🚀 开始执行
[2026-09-24 19:36:22] 
[2026-09-24 19:36:22] [google自动刷新] ⚠️  没有配置 Token，跳过
[2026-09-24 19:36:22] 
[2026-09-24 19:37:22] [tiktok自动刷新] 🚀 开始执行
[2026-09-24 19:37:22] 
[2026-09-24 19:37:22] [tiktok自动刷新] ⚠️  没有配置 Token，跳过
[2026-09-24 19:37:22] 
[2026-09-24 19:37:22] [google自动刷新] 🚀 开始执行
[2026-09-24 19:37:22] 
[2026-09-24 19:37:22] [google自动刷新] ⚠️  没有配置 Token，跳过
[2026-09-24 19:37:22] 
[2026-09-24 19:38:22] [tiktok自动刷新] 🚀 开始执行
[2026-09-24 19:38:22] 
[2026-09-24 19:38:22] [tiktok自动刷新] ⚠️  没有配置 Token，跳过
[2026-09-24 19:38:22] 
[2026-09-24 19:38:22] [google自动刷新] 🚀 开始执行
[2026-09-24 19:38:22] 
[2026-09-24 19:38:22] [google自动刷新] ⚠️  没有配置 Token，跳过
[2026-09-24 19:38:22] 
[2026-09-24 19:39:22] [tiktok自动刷新] 🚀 开始执行
[2026-09-24 19:39:22] 
[2026-09-24 19:39:22] [tiktok自动刷新] ⚠️  没有配置 Token，跳过
[2026-09-24 19:39:22] 
[2026-09-24 19:39:22] [google自动刷新] 🚀 开始执行
[2026-09-24 19:39:22] 
[2026-09-24 19:39:22] [google自动刷新] ⚠️  没有配置 Token，跳过
[2026-09-24 19:39:22] 
[2026-09-24 19:40:23] [tiktok自动刷新] 🚀 开始执行
[2026-09-24 19:40:23] 
[2026-09-24 19:40:23] [tiktok自动刷新] ⚠️  没有配置 Token，跳过
[2026-09-24 19:40:23] 
[2026-09-24 19:40:23] [google自动刷新] 🚀 开始执行
[2026-09-24 19:40:23] 
[2026-09-24 19:40:23] [google自动刷新] ⚠️  没有配置 Token，跳过
[2026-09-24 19:40:23] 
[2026-09-24 19:41:23] [tiktok自动刷新] 🚀 开始执行
[2026-09-24 19:41:23] 
[2026-09-24 19:41:23] [tiktok自动刷新] ⚠️  没有配置 Token，跳过
[2026-09-24 19:41:23] 
[2026-09-24 19:41:23] [google自动刷新] 🚀 开始执行
[2026-09-24 19:41:23] 
[2026-09-24 19:41:23] [google自动刷新] ⚠️  没有配置 Token，跳过
[2026-09-24 19:41:23] 
[2026-09-24 19:42:23] [tiktok自动刷新] 🚀 开始执行
[2026-09-24 19:42:23] 
[2026-09-24 19:42:23] [tiktok自动刷新] ⚠️  没有配置 Token，跳过
[2026-09-24 19:42:23] 
[2026-09-24 19:42:23] [google自动刷新] 🚀 开始执行
[2026-09-24 19:42:23] 
[2026-09-24 19:42:23] [google自动刷新] ⚠️  没有配置 Token，跳过
[2026-09-24 19:42:23] 
[2026-09-24 19:43:23] [tiktok自动刷新] 🚀 开始执行
[2026-09-24 19:43:23] 
[2026-09-24 19:43:23] [tiktok自动刷新] ⚠️  没有配置 Token，跳过
[2026-09-24 19:43:23] 
[2026-09-24 19:43:23] [google自动刷新] 🚀 开始执行
[2026-09-24 19:43:23] 
[2026-09-24 19:43:23] [google自动刷新] ⚠️  没有配置 Token，跳过
[2026-09-24 19:43:23] 
